family,name,stop,is_n,is_wr,val_n,val_wr
pattern,M1_sign_N1_min200,0.5xATRM15,129964,33.29,68399,32.51
pattern,M1_sign_N1_min200_inv,0.5xATRM15,129810,33.14,68030,33.48
pattern,M1_sign_N1_min1000,0.5xATRM15,129964,33.29,68399,32.51
pattern,M1_sign_N1_min1000_inv,0.5xATRM15,129810,33.14,68030,33.48
pattern,M1_sign_N1_min200,1xATRM15,31181,42.1,16790,41.38
pattern,M1_sign_N1_min200_inv,1xATRM15,31418,42.23,16438,43.42
pattern,M1_sign_N1_min1000,1xATRM15,31181,42.1,16790,41.38
pattern,M1_sign_N1_min1000_inv,1xATRM15,31418,42.23,16438,43.42
pattern,M1_sign_N1_min200,2xATRM15,6717,46.49,3671,44.48
pattern,M1_sign_N1_min200_inv,2xATRM15,6754,46.71,3557,48.21
pattern,M1_sign_N1_min1000,2xATRM15,6717,46.49,3671,44.48
pattern,M1_sign_N1_min1000_inv,2xATRM15,6754,46.71,3557,48.21
pattern,M1_sign_N1_min200,3xATRM15,2747,47.03,1477,46.85
pattern,M1_sign_N1_min200_inv,3xATRM15,2709,47.4,1453,47.9
pattern,M1_sign_N1_min1000,3xATRM15,2747,47.03,1477,46.85
pattern,M1_sign_N1_min1000_inv,3xATRM15,2709,47.4,1453,47.9
pattern,M1_sign_N1_min200,0.5xATRH1,36116,42.51,19043,41.47
pattern,M1_sign_N1_min200_inv,0.5xATRH1,35991,42.46,18841,43.56
pattern,M1_sign_N1_min1000,0.5xATRH1,36116,42.51,19043,41.47
pattern,M1_sign_N1_min1000_inv,0.5xATRH1,35991,42.46,18841,43.56
pattern,M1_sign_N1_min200,1xATRH1,9126,46.15,4869,44.69
pattern,M1_sign_N1_min200_inv,1xATRH1,9243,46.31,4826,48.05
pattern,M1_sign_N1_min1000,1xATRH1,9126,46.15,4869,44.69
pattern,M1_sign_N1_min1000_inv,1xATRH1,9243,46.31,4826,48.05
pattern,M1_sign_N1_min200,2xATRH1,2168,47.92,1236,45.47
pattern,M1_sign_N1_min200_inv,2xATRH1,2278,48.16,1212,50.99
pattern,M1_sign_N1_min1000,2xATRH1,2168,47.92,1236,45.47
pattern,M1_sign_N1_min1000_inv,2xATRH1,2278,48.16,1212,50.99
pattern,M1_sign_N1_min200,3xATRH1,984,48.58,552,53.26
pattern,M1_sign_N1_min200_inv,3xATRH1,936,48.93,544,44.67
pattern,M1_sign_N1_min1000,3xATRH1,984,48.58,552,53.26
pattern,M1_sign_N1_min1000_inv,3xATRH1,936,48.93,544,44.67
pattern,M1_sign_N1_min200,0.5xATRD1,1704,48.36,844,45.62
pattern,M1_sign_N1_min200_inv,0.5xATRD1,1703,48.85,860,51.63
pattern,M1_sign_N1_min1000,0.5xATRD1,1704,48.36,844,45.62
pattern,M1_sign_N1_min1000_inv,0.5xATRD1,1703,48.85,860,51.63
pattern,M1_sign_N1_min200,1xATRD1,445,50.79,227,55.51
pattern,M1_sign_N1_min200_inv,1xATRD1,427,48.01,225,42.67
pattern,M1_sign_N1_min1000,1xATRD1,445,50.79,227,55.51
pattern,M1_sign_N1_min1000_inv,1xATRD1,427,48.01,225,42.67
pattern,M1_sign_N1_min200,2xATRD1,101,51.49,61,60.66
pattern,M1_sign_N1_min200_inv,2xATRD1,103,46.6,53,37.74
pattern,M1_sign_N1_min1000,2xATRD1,101,51.49,61,60.66
pattern,M1_sign_N1_min1000_inv,2xATRD1,103,46.6,53,37.74
pattern,M1_sign_N1_min200,3xATRD1,50,54.0,26,69.23
pattern,M1_sign_N1_min200_inv,3xATRD1,53,45.28,33,33.33
pattern,M1_sign_N1_min1000,3xATRD1,50,54.0,26,69.23
pattern,M1_sign_N1_min1000_inv,3xATRD1,53,45.28,33,33.33
pattern,M1_sign_N1_min200,fix1,158426,36.76,95395,35.75
pattern,M1_sign_N1_min200_inv,fix1,162829,34.1,96433,34.39
pattern,M1_sign_N1_min1000,fix1,158426,36.76,95395,35.75
pattern,M1_sign_N1_min1000_inv,fix1,162829,34.1,96433,34.39
pattern,M1_sign_N1_min200,fix2,47749,42.6,29310,41.95
pattern,M1_sign_N1_min200_inv,fix2,47581,42.74,28994,43.16
pattern,M1_sign_N1_min1000,fix2,47749,42.6,29310,41.95
pattern,M1_sign_N1_min1000_inv,fix2,47581,42.74,28994,43.16
pattern,M1_sign_N1_min200,fix3,22329,45.07,13862,44.08
pattern,M1_sign_N1_min200_inv,fix3,22283,45.25,13817,45.94
pattern,M1_sign_N1_min1000,fix3,22329,45.07,13862,44.08
pattern,M1_sign_N1_min1000_inv,fix3,22283,45.25,13817,45.94
pattern,M1_sign_N1_min200,fix5,8372,46.99,5167,45.54
pattern,M1_sign_N1_min200_inv,fix5,8467,47.19,5202,48.44
pattern,M1_sign_N1_min1000,fix5,8372,46.99,5167,45.54
pattern,M1_sign_N1_min1000_inv,fix5,8467,47.19,5202,48.44
pattern,M1_sign_N1_min200,fix10,2244,48.62,1365,50.99
pattern,M1_sign_N1_min200_inv,fix10,2214,48.19,1373,46.1
pattern,M1_sign_N1_min1000,fix10,2244,48.62,1365,50.99
pattern,M1_sign_N1_min1000_inv,fix10,2214,48.19,1373,46.1
pattern,M1_sign_N2_min200,0.5xATRM15,128638,34.16,67534,33.45
pattern,M1_sign_N2_min200_inv,0.5xATRM15,131699,32.17,69024,32.24
pattern,M1_sign_N2_min1000,0.5xATRM15,128638,34.16,67534,33.45
pattern,M1_sign_N2_min1000_inv,0.5xATRM15,131699,32.17,69024,32.24
pattern,M1_sign_N2_min200,1xATRM15,31181,42.1,16790,41.38
pattern,M1_sign_N2_min200_inv,1xATRM15,31418,42.23,16438,43.42
pattern,M1_sign_N2_min1000,1xATRM15,31181,42.1,16790,41.38
pattern,M1_sign_N2_min1000_inv,1xATRM15,31418,42.23,16438,43.42
pattern,M1_sign_N2_min200,2xATRM15,6676,46.58,3623,46.37
pattern,M1_sign_N2_min200_inv,2xATRM15,6687,46.7,3686,46.42
pattern,M1_sign_N2_min1000,2xATRM15,6676,46.58,3623,46.37
pattern,M1_sign_N2_min1000_inv,2xATRM15,6687,46.7,3686,46.42
pattern,M1_sign_N2_min200,3xATRM15,2697,48.16,1456,48.49
pattern,M1_sign_N2_min200_inv,3xATRM15,2695,47.87,1445,48.1
pattern,M1_sign_N2_min1000,3xATRM15,2697,48.16,1456,48.49
pattern,M1_sign_N2_min1000_inv,3xATRM15,2695,47.87,1445,48.1
pattern,M1_sign_N2_min200,0.5xATRH1,35861,43.2,18777,43.27
pattern,M1_sign_N2_min200_inv,0.5xATRH1,36269,41.08,19151,41.49
pattern,M1_sign_N2_min1000,0.5xATRH1,35861,43.2,18777,43.27
pattern,M1_sign_N2_min1000_inv,0.5xATRH1,36269,41.08,19151,41.49
pattern,M1_sign_N2_min200,1xATRH1,9203,46.91,4901,46.58
pattern,M1_sign_N2_min200_inv,1xATRH1,9215,45.84,4864,46.09
pattern,M1_sign_N2_min1000,1xATRH1,9203,46.91,4901,46.58
pattern,M1_sign_N2_min1000_inv,1xATRH1,9215,45.84,4864,46.09
pattern,M1_sign_N2_min200,2xATRH1,2168,47.92,1236,45.47
pattern,M1_sign_N2_min200_inv,2xATRH1,2278,48.16,1212,50.99
pattern,M1_sign_N2_min1000,2xATRH1,2168,47.92,1236,45.47
pattern,M1_sign_N2_min1000_inv,2xATRH1,2278,48.16,1212,50.99
pattern,M1_sign_N2_min200,3xATRH1,963,48.91,559,48.66
pattern,M1_sign_N2_min200_inv,3xATRH1,974,48.77,543,48.07
pattern,M1_sign_N2_min1000,3xATRH1,963,48.91,559,48.66
pattern,M1_sign_N2_min1000_inv,3xATRH1,974,48.77,543,48.07
pattern,M1_sign_N2_min200,0.5xATRD1,1677,49.49,843,46.86
pattern,M1_sign_N2_min200_inv,0.5xATRD1,1746,49.31,843,52.91
pattern,M1_sign_N2_min1000,0.5xATRD1,1677,49.49,843,46.86
pattern,M1_sign_N2_min1000_inv,0.5xATRD1,1746,49.31,843,52.91
pattern,M1_sign_N2_min200,1xATRD1,445,50.79,227,55.51
pattern,M1_sign_N2_min200_inv,1xATRD1,427,48.01,225,42.67
pattern,M1_sign_N2_min1000,1xATRD1,445,50.79,227,55.51
pattern,M1_sign_N2_min1000_inv,1xATRD1,427,48.01,225,42.67
pattern,M1_sign_N2_min200,2xATRD1,101,51.49,61,60.66
pattern,M1_sign_N2_min200_inv,2xATRD1,103,46.6,53,37.74
pattern,M1_sign_N2_min1000,2xATRD1,101,51.49,61,60.66
pattern,M1_sign_N2_min1000_inv,2xATRD1,103,46.6,53,37.74
pattern,M1_sign_N2_min200,3xATRD1,50,54.0,26,69.23
pattern,M1_sign_N2_min200_inv,3xATRD1,53,45.28,33,33.33
pattern,M1_sign_N2_min1000,3xATRD1,50,54.0,26,69.23
pattern,M1_sign_N2_min1000_inv,3xATRD1,53,45.28,33,33.33
pattern,M1_sign_N2_min200,fix1,158810,36.6,95614,35.72
pattern,M1_sign_N2_min200_inv,fix1,162925,34.22,96185,34.64
pattern,M1_sign_N2_min1000,fix1,158810,36.6,95614,35.72
pattern,M1_sign_N2_min1000_inv,fix1,162925,34.22,96185,34.64
pattern,M1_sign_N2_min200,fix2,47360,43.51,29126,42.53
pattern,M1_sign_N2_min200_inv,fix2,47971,41.51,29344,41.83
pattern,M1_sign_N2_min1000,fix2,47360,43.51,29126,42.53
pattern,M1_sign_N2_min1000_inv,fix2,47971,41.51,29344,41.83
pattern,M1_sign_N2_min200,fix3,22329,45.07,13862,44.08
pattern,M1_sign_N2_min200_inv,fix3,22283,45.25,13817,45.94
pattern,M1_sign_N2_min1000,fix3,22329,45.07,13862,44.08
pattern,M1_sign_N2_min1000_inv,fix3,22283,45.25,13817,45.94
pattern,M1_sign_N2_min200,fix5,8346,46.81,5264,46.26
pattern,M1_sign_N2_min200_inv,fix5,8436,46.38,5255,46.83
pattern,M1_sign_N2_min1000,fix5,8346,46.81,5264,46.26
pattern,M1_sign_N2_min1000_inv,fix5,8436,46.38,5255,46.83
pattern,M1_sign_N2_min200,fix10,2200,48.82,1354,47.19
pattern,M1_sign_N2_min200_inv,fix10,2215,48.08,1330,50.15
pattern,M1_sign_N2_min1000,fix10,2200,48.82,1354,47.19
pattern,M1_sign_N2_min1000_inv,fix10,2215,48.08,1330,50.15
pattern,M1_sign_N3_min200,0.5xATRM15,128846,34.09,67574,33.48
pattern,M1_sign_N3_min200_inv,0.5xATRM15,131297,32.21,69229,32.17
pattern,M1_sign_N3_min1000,0.5xATRM15,128846,34.09,67574,33.48
pattern,M1_sign_N3_min1000_inv,0.5xATRM15,131297,32.21,69229,32.17
pattern,M1_sign_N3_min200,1xATRM15,31469,42.69,16543,42.56
pattern,M1_sign_N3_min200_inv,1xATRM15,32055,41.19,16702,41.79
pattern,M1_sign_N3_min1000,1xATRM15,31469,42.69,16543,42.56
pattern,M1_sign_N3_min1000_inv,1xATRM15,32055,41.19,16702,41.79
pattern,M1_sign_N3_min200,2xATRM15,6741,46.46,3635,46.49
pattern,M1_sign_N3_min200_inv,2xATRM15,6784,46.68,3626,46.41
pattern,M1_sign_N3_min1000,2xATRM15,6741,46.46,3635,46.49
pattern,M1_sign_N3_min1000_inv,2xATRM15,6784,46.68,3626,46.41
pattern,M1_sign_N3_min200,3xATRM15,2726,47.84,1457,47.08
pattern,M1_sign_N3_min200_inv,3xATRM15,2709,47.8,1422,48.45
pattern,M1_sign_N3_min1000,3xATRM15,2726,47.84,1457,47.08
pattern,M1_sign_N3_min1000_inv,3xATRM15,2709,47.8,1422,48.45
pattern,M1_sign_N3_min200,0.5xATRH1,35886,42.93,18733,42.35
pattern,M1_sign_N3_min200_inv,0.5xATRH1,36276,41.79,19107,42.34
pattern,M1_sign_N3_min1000,0.5xATRH1,35886,42.93,18733,42.35
pattern,M1_sign_N3_min1000_inv,0.5xATRH1,36276,41.79,19107,42.34
pattern,M1_sign_N3_min200,1xATRH1,9174,46.14,4916,45.99
pattern,M1_sign_N3_min200_inv,1xATRH1,9228,47.03,4810,46.4
pattern,M1_sign_N3_min1000,1xATRH1,9174,46.14,4916,45.99
pattern,M1_sign_N3_min1000_inv,1xATRH1,9228,47.03,4810,46.4
pattern,M1_sign_N3_min200,2xATRH1,2168,47.92,1236,45.47
pattern,M1_sign_N3_min200_inv,2xATRH1,2278,48.16,1212,50.99
pattern,M1_sign_N3_min1000,2xATRH1,2168,47.92,1236,45.47
pattern,M1_sign_N3_min1000_inv,2xATRH1,2278,48.16,1212,50.99
pattern,M1_sign_N3_min200,3xATRH1,961,47.14,518,49.42
pattern,M1_sign_N3_min200_inv,3xATRH1,936,49.04,535,46.17
pattern,M1_sign_N3_min1000,3xATRH1,961,47.14,518,49.42
pattern,M1_sign_N3_min1000_inv,3xATRH1,936,49.04,535,46.17
pattern,M1_sign_N3_min200,0.5xATRD1,1698,48.65,870,49.08
pattern,M1_sign_N3_min200_inv,0.5xATRD1,1702,49.35,846,46.81
pattern,M1_sign_N3_min1000,0.5xATRD1,1698,48.65,870,49.08
pattern,M1_sign_N3_min1000_inv,0.5xATRD1,1702,49.35,846,46.81
pattern,M1_sign_N3_min200,1xATRD1,445,50.79,227,55.51
pattern,M1_sign_N3_min200_inv,1xATRD1,427,48.01,225,42.67
pattern,M1_sign_N3_min1000,1xATRD1,445,50.79,227,55.51
pattern,M1_sign_N3_min1000_inv,1xATRD1,427,48.01,225,42.67
pattern,M1_sign_N3_min200,2xATRD1,101,51.49,61,60.66
pattern,M1_sign_N3_min200_inv,2xATRD1,103,46.6,53,37.74
pattern,M1_sign_N3_min1000,2xATRD1,101,51.49,61,60.66
pattern,M1_sign_N3_min1000_inv,2xATRD1,103,46.6,53,37.74
pattern,M1_sign_N3_min200,3xATRD1,50,54.0,26,69.23
pattern,M1_sign_N3_min200_inv,3xATRD1,53,45.28,33,33.33
pattern,M1_sign_N3_min1000,3xATRD1,50,54.0,26,69.23
pattern,M1_sign_N3_min1000_inv,3xATRD1,53,45.28,33,33.33
pattern,M1_sign_N3_min200,fix1,158810,36.6,95614,35.72
pattern,M1_sign_N3_min200_inv,fix1,162925,34.22,96185,34.64
pattern,M1_sign_N3_min1000,fix1,158810,36.6,95614,35.72
pattern,M1_sign_N3_min1000_inv,fix1,162925,34.22,96185,34.64
pattern,M1_sign_N3_min200,fix2,47457,43.21,29149,42.4
pattern,M1_sign_N3_min200_inv,fix2,47939,41.66,29341,42.01
pattern,M1_sign_N3_min1000,fix2,47457,43.21,29149,42.4
pattern,M1_sign_N3_min1000_inv,fix2,47939,41.66,29341,42.01
pattern,M1_sign_N3_min200,fix3,22329,45.07,13862,44.08
pattern,M1_sign_N3_min200_inv,fix3,22283,45.25,13817,45.94
pattern,M1_sign_N3_min1000,fix3,22329,45.07,13862,44.08
pattern,M1_sign_N3_min1000_inv,fix3,22283,45.25,13817,45.94
pattern,M1_sign_N3_min200,fix5,8417,46.26,5210,46.2
pattern,M1_sign_N3_min200_inv,fix5,8478,47.0,5233,47.64
pattern,M1_sign_N3_min1000,fix5,8417,46.26,5210,46.2
pattern,M1_sign_N3_min1000_inv,fix5,8478,47.0,5233,47.64
pattern,M1_sign_N3_min200,fix10,2251,48.87,1373,49.89
pattern,M1_sign_N3_min200_inv,fix10,2217,47.59,1334,46.55
pattern,M1_sign_N3_min1000,fix10,2251,48.87,1373,49.89
pattern,M1_sign_N3_min1000_inv,fix10,2217,47.59,1334,46.55
pattern,M1_sign_N4_min200,0.5xATRM15,128688,34.0,67520,33.57
pattern,M1_sign_N4_min200_inv,0.5xATRM15,131599,32.19,69149,32.16
pattern,M1_sign_N4_min1000,0.5xATRM15,128688,34.0,67520,33.57
pattern,M1_sign_N4_min1000_inv,0.5xATRM15,131599,32.19,69149,32.16
pattern,M1_sign_N4_min200,1xATRM15,31361,42.73,16471,42.88
pattern,M1_sign_N4_min200_inv,1xATRM15,32115,41.24,16607,41.75
pattern,M1_sign_N4_min1000,1xATRM15,31361,42.73,16471,42.88
pattern,M1_sign_N4_min1000_inv,1xATRM15,32115,41.24,16607,41.75
pattern,M1_sign_N4_min200,2xATRM15,6801,46.04,3655,46.87
pattern,M1_sign_N4_min200_inv,2xATRM15,6708,46.91,3624,46.63
pattern,M1_sign_N4_min1000,2xATRM15,6801,46.04,3655,46.87
pattern,M1_sign_N4_min1000_inv,2xATRM15,6708,46.91,3624,46.63
pattern,M1_sign_N4_min200,3xATRM15,2690,48.36,1479,48.68
pattern,M1_sign_N4_min200_inv,3xATRM15,2683,47.63,1478,46.01
pattern,M1_sign_N4_min1000,3xATRM15,2690,48.36,1479,48.68
pattern,M1_sign_N4_min1000_inv,3xATRM15,2683,47.63,1478,46.01
pattern,M1_sign_N4_min200,0.5xATRH1,35886,42.93,18733,42.35
pattern,M1_sign_N4_min200_inv,0.5xATRH1,36276,41.79,19107,42.34
pattern,M1_sign_N4_min1000,0.5xATRH1,35886,42.93,18733,42.35
pattern,M1_sign_N4_min1000_inv,0.5xATRH1,36276,41.79,19107,42.34
pattern,M1_sign_N4_min200,1xATRH1,9323,45.81,4898,47.65
pattern,M1_sign_N4_min200_inv,1xATRH1,9194,46.74,4905,45.28
pattern,M1_sign_N4_min1000,1xATRH1,9323,45.81,4898,47.65
pattern,M1_sign_N4_min1000_inv,1xATRH1,9194,46.74,4905,45.28
pattern,M1_sign_N4_min200,2xATRH1,2161,45.72,1240,46.29
pattern,M1_sign_N4_min200_inv,2xATRH1,2225,48.04,1232,48.94
pattern,M1_sign_N4_min1000,2xATRH1,2161,45.72,1240,46.29
pattern,M1_sign_N4_min1000_inv,2xATRH1,2225,48.04,1232,48.94
pattern,M1_sign_N4_min200,3xATRH1,958,46.66,526,46.77
pattern,M1_sign_N4_min200_inv,3xATRH1,975,46.36,535,48.6
pattern,M1_sign_N4_min1000,3xATRH1,958,46.66,526,46.77
pattern,M1_sign_N4_min1000_inv,3xATRH1,975,46.36,535,48.6
pattern,M1_sign_N4_min200,0.5xATRD1,1689,48.19,846,46.69
pattern,M1_sign_N4_min200_inv,0.5xATRD1,1704,52.11,842,50.0
pattern,M1_sign_N4_min1000,0.5xATRD1,1689,48.19,846,46.69
pattern,M1_sign_N4_min1000_inv,0.5xATRD1,1704,52.11,842,50.0
pattern,M1_sign_N4_min200,1xATRD1,454,52.2,215,55.35
pattern,M1_sign_N4_min200_inv,1xATRD1,439,46.01,226,47.35
pattern,M1_sign_N4_min1000,1xATRD1,454,52.2,215,55.35
pattern,M1_sign_N4_min1000_inv,1xATRD1,439,46.01,226,47.35
pattern,M1_sign_N4_min200,2xATRD1,101,51.49,61,60.66
pattern,M1_sign_N4_min200_inv,2xATRD1,103,46.6,53,37.74
pattern,M1_sign_N4_min1000,2xATRD1,101,51.49,61,60.66
pattern,M1_sign_N4_min1000_inv,2xATRD1,103,46.6,53,37.74
pattern,M1_sign_N4_min200,3xATRD1,50,54.0,26,69.23
pattern,M1_sign_N4_min200_inv,3xATRD1,53,45.28,33,33.33
pattern,M1_sign_N4_min1000,3xATRD1,50,54.0,26,69.23
pattern,M1_sign_N4_min1000_inv,3xATRD1,53,45.28,33,33.33
pattern,M1_sign_N4_min200,fix1,158843,36.4,95395,35.79
pattern,M1_sign_N4_min200_inv,fix1,162786,34.34,96175,34.48
pattern,M1_sign_N4_min1000,fix1,158843,36.4,95395,35.79
pattern,M1_sign_N4_min1000_inv,fix1,162786,34.34,96175,34.48
pattern,M1_sign_N4_min200,fix2,47379,43.11,29104,42.62
pattern,M1_sign_N4_min200_inv,fix2,47901,41.83,29359,41.94
pattern,M1_sign_N4_min1000,fix2,47379,43.11,29104,42.62
pattern,M1_sign_N4_min1000_inv,fix2,47901,41.83,29359,41.94
pattern,M1_sign_N4_min200,fix3,22349,45.13,13764,44.64
pattern,M1_sign_N4_min200_inv,fix3,22318,44.42,13804,45.2
pattern,M1_sign_N4_min1000,fix3,22349,45.13,13764,44.64
pattern,M1_sign_N4_min1000_inv,fix3,22318,44.42,13804,45.2
pattern,M1_sign_N4_min200,fix5,8408,46.75,5280,46.63
pattern,M1_sign_N4_min200_inv,fix5,8487,46.61,5234,47.04
pattern,M1_sign_N4_min1000,fix5,8408,46.75,5280,46.63
pattern,M1_sign_N4_min1000_inv,fix5,8487,46.61,5234,47.04
pattern,M1_sign_N4_min200,fix10,2233,47.38,1378,50.51
pattern,M1_sign_N4_min200_inv,fix10,2248,47.55,1361,46.8
pattern,M1_sign_N4_min1000,fix10,2233,47.38,1378,50.51
pattern,M1_sign_N4_min1000_inv,fix10,2248,47.55,1361,46.8
pattern,M1_sign_N5_min200,0.5xATRM15,128715,33.95,67726,33.31
pattern,M1_sign_N5_min200_inv,0.5xATRM15,131330,32.29,68803,32.49
pattern,M1_sign_N5_min1000,0.5xATRM15,128715,33.95,67726,33.31
pattern,M1_sign_N5_min1000_inv,0.5xATRM15,131330,32.29,68803,32.49
pattern,M1_sign_N5_min200,1xATRM15,31612,42.67,16405,42.38
pattern,M1_sign_N5_min200_inv,1xATRM15,31996,41.53,16574,41.81
pattern,M1_sign_N5_min1000,1xATRM15,31612,42.67,16405,42.38
pattern,M1_sign_N5_min1000_inv,1xATRM15,31996,41.53,16574,41.81
pattern,M1_sign_N5_min200,2xATRM15,6791,45.96,3619,46.42
pattern,M1_sign_N5_min200_inv,2xATRM15,6764,46.84,3670,45.97
pattern,M1_sign_N5_min1000,2xATRM15,6791,45.96,3619,46.42
pattern,M1_sign_N5_min1000_inv,2xATRM15,6764,46.84,3670,45.97
pattern,M1_sign_N5_min200,3xATRM15,2700,48.26,1492,48.26
pattern,M1_sign_N5_min200_inv,3xATRM15,2687,48.23,1492,44.71
pattern,M1_sign_N5_min1000,3xATRM15,2700,48.26,1492,48.26
pattern,M1_sign_N5_min1000_inv,3xATRM15,2687,48.23,1492,44.71
pattern,M1_sign_N5_min200,0.5xATRH1,35846,43.21,18752,42.8
pattern,M1_sign_N5_min200_inv,0.5xATRH1,36307,41.19,19050,42.06
pattern,M1_sign_N5_min1000,0.5xATRH1,35846,43.21,18752,42.8
pattern,M1_sign_N5_min1000_inv,0.5xATRH1,36307,41.19,19050,42.06
pattern,M1_sign_N5_min200,1xATRH1,9190,46.74,4885,46.59
pattern,M1_sign_N5_min200_inv,1xATRH1,9213,46.8,4822,46.37
pattern,M1_sign_N5_min1000,1xATRH1,9190,46.74,4885,46.59
pattern,M1_sign_N5_min1000_inv,1xATRH1,9213,46.8,4822,46.37
pattern,M1_sign_N5_min200,2xATRH1,2207,47.71,1226,44.45
pattern,M1_sign_N5_min200_inv,2xATRH1,2239,49.22,1193,50.21
pattern,M1_sign_N5_min1000,2xATRH1,2207,47.71,1226,44.45
pattern,M1_sign_N5_min1000_inv,2xATRH1,2239,49.22,1193,50.21
pattern,M1_sign_N5_min200,3xATRH1,947,48.47,544,48.71
pattern,M1_sign_N5_min200_inv,3xATRH1,966,46.69,547,49.54
pattern,M1_sign_N5_min1000,3xATRH1,947,48.47,544,48.71
pattern,M1_sign_N5_min1000_inv,3xATRH1,966,46.69,547,49.54
pattern,M1_sign_N5_min200,0.5xATRD1,1693,49.38,858,48.83
pattern,M1_sign_N5_min200_inv,0.5xATRD1,1704,51.76,841,49.11
pattern,M1_sign_N5_min1000,0.5xATRD1,1693,49.38,858,48.83
pattern,M1_sign_N5_min1000_inv,0.5xATRD1,1704,51.76,841,49.11
pattern,M1_sign_N5_min200,1xATRD1,436,48.17,216,51.39
pattern,M1_sign_N5_min200_inv,1xATRD1,448,50.22,235,45.11
pattern,M1_sign_N5_min1000,1xATRD1,436,48.17,216,51.39
pattern,M1_sign_N5_min1000_inv,1xATRD1,448,50.22,235,45.11
pattern,M1_sign_N5_min200,2xATRD1,101,51.49,61,60.66
pattern,M1_sign_N5_min200_inv,2xATRD1,103,46.6,53,37.74
pattern,M1_sign_N5_min1000,2xATRD1,101,51.49,61,60.66
pattern,M1_sign_N5_min1000_inv,2xATRD1,103,46.6,53,37.74
pattern,M1_sign_N5_min200,3xATRD1,50,54.0,26,69.23
pattern,M1_sign_N5_min200_inv,3xATRD1,53,45.28,33,33.33
pattern,M1_sign_N5_min1000,3xATRD1,50,54.0,26,69.23
pattern,M1_sign_N5_min1000_inv,3xATRD1,53,45.28,33,33.33
pattern,M1_sign_N5_min200,fix1,158902,36.21,95482,35.57
pattern,M1_sign_N5_min200_inv,fix1,162465,34.56,96061,34.66
pattern,M1_sign_N5_min1000,fix1,158902,36.21,95482,35.57
pattern,M1_sign_N5_min1000_inv,fix1,162465,34.56,96061,34.66
pattern,M1_sign_N5_min200,fix2,47305,43.17,29042,42.7
pattern,M1_sign_N5_min200_inv,fix2,47982,41.76,29383,41.65
pattern,M1_sign_N5_min1000,fix2,47305,43.17,29042,42.7
pattern,M1_sign_N5_min1000_inv,fix2,47982,41.76,29383,41.65
pattern,M1_sign_N5_min200,fix3,22319,44.99,13837,44.14
pattern,M1_sign_N5_min200_inv,fix3,22369,44.73,13793,45.5
pattern,M1_sign_N5_min1000,fix3,22319,44.99,13837,44.14
pattern,M1_sign_N5_min1000_inv,fix3,22369,44.73,13793,45.5
pattern,M1_sign_N5_min200,fix5,8440,46.5,5243,46.52
pattern,M1_sign_N5_min200_inv,fix5,8452,47.22,5277,46.96
pattern,M1_sign_N5_min1000,fix5,8440,46.5,5243,46.52
pattern,M1_sign_N5_min1000_inv,fix5,8452,47.22,5277,46.96
pattern,M1_sign_N5_min200,fix10,2226,48.16,1357,48.56
pattern,M1_sign_N5_min200_inv,fix10,2206,48.69,1360,48.24
pattern,M1_sign_N5_min1000,fix10,2226,48.16,1357,48.56
pattern,M1_sign_N5_min1000_inv,fix10,2206,48.69,1360,48.24
pattern,M1_sign_N6_min200,0.5xATRM15,129033,33.93,67967,33.14
pattern,M1_sign_N6_min200_inv,0.5xATRM15,131214,32.44,68772,32.49
pattern,M1_sign_N6_min1000,0.5xATRM15,129033,33.93,67967,33.14
pattern,M1_sign_N6_min1000_inv,0.5xATRM15,131214,32.44,68772,32.49
pattern,M1_sign_N6_min200,1xATRM15,31440,42.56,16589,42.35
pattern,M1_sign_N6_min200_inv,1xATRM15,31874,41.48,16654,41.98
pattern,M1_sign_N6_min1000,1xATRM15,31440,42.56,16589,42.35
pattern,M1_sign_N6_min1000_inv,1xATRM15,31874,41.48,16654,41.98
pattern,M1_sign_N6_min200,2xATRM15,6728,46.25,3648,45.18
pattern,M1_sign_N6_min200_inv,2xATRM15,6617,45.91,3688,46.1
pattern,M1_sign_N6_min1000,2xATRM15,6728,46.25,3648,45.18
pattern,M1_sign_N6_min1000_inv,2xATRM15,6617,45.91,3688,46.1
pattern,M1_sign_N6_min200,3xATRM15,2726,48.46,1502,47.07
pattern,M1_sign_N6_min200_inv,3xATRM15,2690,47.92,1475,46.1
pattern,M1_sign_N6_min1000,3xATRM15,2726,48.46,1502,47.07
pattern,M1_sign_N6_min1000_inv,3xATRM15,2690,47.92,1475,46.1
pattern,M1_sign_N6_min200,0.5xATRH1,35831,43.23,18754,42.64
pattern,M1_sign_N6_min200_inv,0.5xATRH1,36354,41.09,19078,42.17
pattern,M1_sign_N6_min1000,0.5xATRH1,35831,43.23,18754,42.64
pattern,M1_sign_N6_min1000_inv,0.5xATRH1,36354,41.09,19078,42.17
pattern,M1_sign_N6_min200,1xATRH1,9236,46.43,4889,47.21
pattern,M1_sign_N6_min200_inv,1xATRH1,9216,45.4,4860,46.32
pattern,M1_sign_N6_min1000,1xATRH1,9236,46.43,4889,47.21
pattern,M1_sign_N6_min1000_inv,1xATRH1,9216,45.4,4860,46.32
pattern,M1_sign_N6_min200,2xATRH1,2186,48.35,1224,46.16
pattern,M1_sign_N6_min200_inv,2xATRH1,2219,47.18,1218,49.18
pattern,M1_sign_N6_min1000,2xATRH1,2186,48.35,1224,46.16
pattern,M1_sign_N6_min1000_inv,2xATRH1,2219,47.18,1218,49.18
pattern,M1_sign_N6_min200,3xATRH1,960,48.44,526,49.05
pattern,M1_sign_N6_min200_inv,3xATRH1,947,49.74,550,49.27
pattern,M1_sign_N6_min1000,3xATRH1,960,48.44,526,49.05
pattern,M1_sign_N6_min1000_inv,3xATRH1,947,49.74,550,49.27
pattern,M1_sign_N6_min200,0.5xATRD1,1691,46.6,855,51.11
pattern,M1_sign_N6_min200_inv,0.5xATRD1,1712,50.64,839,48.63
pattern,M1_sign_N6_min1000,0.5xATRD1,1691,46.6,855,51.11
pattern,M1_sign_N6_min1000_inv,0.5xATRD1,1712,50.64,839,48.63
pattern,M1_sign_N6_min200,1xATRD1,451,47.89,225,44.0
pattern,M1_sign_N6_min200_inv,1xATRD1,449,48.55,224,45.98
pattern,M1_sign_N6_min1000,1xATRD1,451,47.89,225,44.0
pattern,M1_sign_N6_min1000_inv,1xATRD1,449,48.55,224,45.98
pattern,M1_sign_N6_min200,2xATRD1,101,51.49,61,62.3
pattern,M1_sign_N6_min200_inv,2xATRD1,103,47.57,53,37.74
pattern,M1_sign_N6_min1000,2xATRD1,101,51.49,61,62.3
pattern,M1_sign_N6_min1000_inv,2xATRD1,103,47.57,53,37.74
pattern,M1_sign_N6_min200,3xATRD1,50,54.0,26,69.23
pattern,M1_sign_N6_min200_inv,3xATRD1,53,45.28,33,33.33
pattern,M1_sign_N6_min1000,3xATRD1,50,54.0,26,69.23
pattern,M1_sign_N6_min1000_inv,3xATRD1,53,45.28,33,33.33
pattern,M1_sign_N6_min200,fix1,159020,36.31,95398,35.62
pattern,M1_sign_N6_min200_inv,fix1,162565,34.49,96369,34.59
pattern,M1_sign_N6_min1000,fix1,159020,36.31,95398,35.62
pattern,M1_sign_N6_min1000_inv,fix1,162565,34.49,96369,34.59
pattern,M1_sign_N6_min200,fix2,47368,43.5,29027,42.83
pattern,M1_sign_N6_min200_inv,fix2,47937,41.88,29287,41.85
pattern,M1_sign_N6_min1000,fix2,47368,43.5,29027,42.83
pattern,M1_sign_N6_min1000_inv,fix2,47937,41.88,29287,41.85
pattern,M1_sign_N6_min200,fix3,22277,45.31,13789,44.99
pattern,M1_sign_N6_min200_inv,fix3,22497,44.21,13804,44.37
pattern,M1_sign_N6_min1000,fix3,22277,45.31,13789,44.99
pattern,M1_sign_N6_min1000_inv,fix3,22497,44.21,13804,44.37
pattern,M1_sign_N6_min200,fix5,8412,47.22,5222,45.96
pattern,M1_sign_N6_min200_inv,fix5,8493,47.26,5252,48.31
pattern,M1_sign_N6_min1000,fix5,8412,47.22,5222,45.96
pattern,M1_sign_N6_min1000_inv,fix5,8493,47.26,5252,48.31
pattern,M1_sign_N6_min200,fix10,2200,47.73,1359,50.04
pattern,M1_sign_N6_min200_inv,fix10,2257,49.09,1328,50.15
pattern,M1_sign_N6_min1000,fix10,2200,47.73,1359,50.04
pattern,M1_sign_N6_min1000_inv,fix10,2257,49.09,1328,50.15
pattern,M1_sign_N7_min200,0.5xATRM15,128771,34.02,68157,33.24
pattern,M1_sign_N7_min200_inv,0.5xATRM15,131150,32.35,68826,32.52
pattern,M1_sign_N7_min1000,0.5xATRM15,128771,34.02,68157,33.24
pattern,M1_sign_N7_min1000_inv,0.5xATRM15,131150,32.35,68826,32.52
pattern,M1_sign_N7_min200,1xATRM15,31400,42.29,16545,42.33
pattern,M1_sign_N7_min200_inv,1xATRM15,31946,41.34,16661,42.07
pattern,M1_sign_N7_min1000,1xATRM15,31400,42.29,16545,42.33
pattern,M1_sign_N7_min1000_inv,1xATRM15,31946,41.34,16661,42.07
pattern,M1_sign_N7_min200,2xATRM15,6685,46.18,3734,44.67
pattern,M1_sign_N7_min200_inv,2xATRM15,6709,46.5,3681,45.69
pattern,M1_sign_N7_min1000,2xATRM15,6685,46.18,3734,44.67
pattern,M1_sign_N7_min1000_inv,2xATRM15,6709,46.5,3681,45.69
pattern,M1_sign_N7_min200,3xATRM15,2773,48.14,1498,45.13
pattern,M1_sign_N7_min200_inv,3xATRM15,2716,48.86,1461,48.8
pattern,M1_sign_N7_min1000,3xATRM15,2773,48.14,1498,45.13
pattern,M1_sign_N7_min1000_inv,3xATRM15,2716,48.86,1461,48.8
pattern,M1_sign_N7_min200,0.5xATRH1,36156,42.41,18789,42.76
pattern,M1_sign_N7_min200_inv,0.5xATRH1,36381,41.82,19097,42.21
pattern,M1_sign_N7_min1000,0.5xATRH1,36156,42.41,18789,42.76
pattern,M1_sign_N7_min1000_inv,0.5xATRH1,36381,41.82,19097,42.21
pattern,M1_sign_N7_min200,1xATRH1,9177,46.42,4882,44.86
pattern,M1_sign_N7_min200_inv,1xATRH1,9218,45.85,4855,47.19
pattern,M1_sign_N7_min1000,1xATRH1,9177,46.42,4882,44.86
pattern,M1_sign_N7_min1000_inv,1xATRH1,9218,45.85,4855,47.19
pattern,M1_sign_N7_min200,2xATRH1,2199,47.57,1208,46.61
pattern,M1_sign_N7_min200_inv,2xATRH1,2229,48.32,1193,49.37
pattern,M1_sign_N7_min1000,2xATRH1,2199,47.57,1208,46.61
pattern,M1_sign_N7_min1000_inv,2xATRH1,2229,48.32,1193,49.37
pattern,M1_sign_N7_min200,3xATRH1,946,47.04,515,50.29
pattern,M1_sign_N7_min200_inv,3xATRH1,956,49.58,552,46.56
pattern,M1_sign_N7_min1000,3xATRH1,946,47.04,515,50.29
pattern,M1_sign_N7_min1000_inv,3xATRH1,956,49.58,552,46.56
pattern,M1_sign_N7_min200,0.5xATRD1,1688,49.35,876,51.14
pattern,M1_sign_N7_min200_inv,0.5xATRD1,1699,49.62,811,48.83
pattern,M1_sign_N7_min1000,0.5xATRD1,1688,49.35,876,51.14
pattern,M1_sign_N7_min1000_inv,0.5xATRD1,1699,49.62,811,48.83
pattern,M1_sign_N7_min200,1xATRD1,454,44.93,221,42.53
pattern,M1_sign_N7_min200_inv,1xATRD1,457,49.02,235,50.64
pattern,M1_sign_N7_min1000,1xATRD1,454,44.93,221,42.53
pattern,M1_sign_N7_min1000_inv,1xATRD1,457,49.02,235,50.64
pattern,M1_sign_N7_min200,2xATRD1,101,49.5,61,62.3
pattern,M1_sign_N7_min200_inv,2xATRD1,105,50.48,53,39.62
pattern,M1_sign_N7_min1000,2xATRD1,101,49.5,61,62.3
pattern,M1_sign_N7_min1000_inv,2xATRD1,105,50.48,53,39.62
pattern,M1_sign_N7_min200,3xATRD1,50,52.0,27,62.96
pattern,M1_sign_N7_min200_inv,3xATRD1,48,45.83,33,39.39
pattern,M1_sign_N7_min1000,3xATRD1,50,54.0,26,69.23
pattern,M1_sign_N7_min1000_inv,3xATRD1,47,57.45,26,65.38
pattern,M1_sign_N7_min200,fix1,159367,36.14,95527,35.35
pattern,M1_sign_N7_min200_inv,fix1,162244,34.59,96095,34.62
pattern,M1_sign_N7_min1000,fix1,159367,36.14,95527,35.35
pattern,M1_sign_N7_min1000_inv,fix1,162244,34.59,96095,34.62
pattern,M1_sign_N7_min200,fix2,47469,42.91,29037,42.63
pattern,M1_sign_N7_min200_inv,fix2,47798,41.74,29244,42.28
pattern,M1_sign_N7_min1000,fix2,47469,42.91,29037,42.63
pattern,M1_sign_N7_min1000_inv,fix2,47798,41.74,29244,42.28
pattern,M1_sign_N7_min200,fix3,22282,45.55,13771,44.4
pattern,M1_sign_N7_min200_inv,fix3,22389,44.35,13877,44.18
pattern,M1_sign_N7_min1000,fix3,22282,45.55,13771,44.4
pattern,M1_sign_N7_min1000_inv,fix3,22389,44.35,13877,44.18
pattern,M1_sign_N7_min200,fix5,8465,46.66,5193,45.0
pattern,M1_sign_N7_min200_inv,fix5,8463,46.78,5234,48.64
pattern,M1_sign_N7_min1000,fix5,8465,46.66,5193,45.0
pattern,M1_sign_N7_min1000_inv,fix5,8463,46.78,5234,48.64
pattern,M1_sign_N7_min200,fix10,2245,49.09,1378,47.1
pattern,M1_sign_N7_min200_inv,fix10,2244,48.8,1325,50.87
pattern,M1_sign_N7_min1000,fix10,2245,49.09,1378,47.1
pattern,M1_sign_N7_min1000_inv,fix10,2244,48.8,1325,50.87
pattern,M1_sign_N8_min200,0.5xATRM15,128842,33.91,68001,33.13
pattern,M1_sign_N8_min200_inv,0.5xATRM15,131383,32.42,68835,32.55
pattern,M1_sign_N8_min200,1xATRM15,31367,42.29,16532,42.67
pattern,M1_sign_N8_min200_inv,1xATRM15,31918,41.51,16676,41.07
pattern,M1_sign_N8_min200,2xATRM15,6746,46.74,3643,47.24
pattern,M1_sign_N8_min200_inv,2xATRM15,6686,45.83,3586,46.99
pattern,M1_sign_N8_min200,3xATRM15,2707,48.91,1479,46.25
pattern,M1_sign_N8_min200_inv,3xATRM15,2705,47.76,1498,48.6
pattern,M1_sign_N8_min200,0.5xATRH1,36099,42.57,18852,42.75
pattern,M1_sign_N8_min200_inv,0.5xATRH1,36205,42.12,19097,41.53
pattern,M1_sign_N8_min200,1xATRH1,9155,46.72,4897,46.7
pattern,M1_sign_N8_min200_inv,1xATRH1,9262,46.38,4838,45.76
pattern,M1_sign_N8_min200,2xATRH1,2231,48.54,1210,47.52
pattern,M1_sign_N8_min200_inv,2xATRH1,2186,48.44,1231,48.9
pattern,M1_sign_N8_min200,3xATRH1,957,50.26,556,51.26
pattern,M1_sign_N8_min200_inv,3xATRH1,960,49.48,551,43.92
pattern,M1_sign_N8_min200,0.5xATRD1,1705,48.09,831,50.3
pattern,M1_sign_N8_min200_inv,0.5xATRD1,1691,49.97,829,51.39
pattern,M1_sign_N8_min200,1xATRD1,445,47.42,219,47.95
pattern,M1_sign_N8_min200_inv,1xATRD1,450,48.44,228,39.47
pattern,M1_sign_N8_min200,2xATRD1,101,54.46,61,55.74
pattern,M1_sign_N8_min200_inv,2xATRD1,104,44.23,57,45.61
pattern,M1_sign_N8_min200,3xATRD1,48,56.25,27,62.96
pattern,M1_sign_N8_min200_inv,3xATRD1,53,35.85,33,30.3
pattern,M1_sign_N8_min200,fix1,159504,36.12,95060,35.61
pattern,M1_sign_N8_min200_inv,fix1,162147,34.5,96127,34.57
pattern,M1_sign_N8_min200,fix2,47398,43.26,29169,42.59
pattern,M1_sign_N8_min200_inv,fix2,47683,42.06,29247,42.18
pattern,M1_sign_N8_min200,fix3,22385,45.67,13841,44.52
pattern,M1_sign_N8_min200_inv,fix3,22373,44.45,13870,44.97
pattern,M1_sign_N8_min200,fix5,8452,47.14,5273,46.56
pattern,M1_sign_N8_min200_inv,fix5,8406,46.88,5247,48.1
pattern,M1_sign_N8_min200,fix10,2213,48.58,1355,48.78
pattern,M1_sign_N8_min200_inv,fix10,2244,48.71,1339,50.41
pattern,M1_tri0.1_N1_min200,0.5xATRM15,128398,34.18,67440,33.74
pattern,M1_tri0.1_N1_min200_inv,0.5xATRM15,131817,32.08,69066,32.05
pattern,M1_tri0.1_N1_min1000,0.5xATRM15,128398,34.18,67440,33.74
pattern,M1_tri0.1_N1_min1000_inv,0.5xATRM15,131817,32.08,69066,32.05
pattern,M1_tri0.1_N1_min200,1xATRM15,31181,42.1,16790,41.38
pattern,M1_tri0.1_N1_min200_inv,1xATRM15,31418,42.23,16438,43.42
pattern,M1_tri0.1_N1_min1000,1xATRM15,31181,42.1,16790,41.38
pattern,M1_tri0.1_N1_min1000_inv,1xATRM15,31418,42.23,16438,43.42
pattern,M1_tri0.1_N1_min200,2xATRM15,6717,46.49,3671,44.48
pattern,M1_tri0.1_N1_min200_inv,2xATRM15,6754,46.71,3557,48.21
pattern,M1_tri0.1_N1_min1000,2xATRM15,6717,46.49,3671,44.48
pattern,M1_tri0.1_N1_min1000_inv,2xATRM15,6754,46.71,3557,48.21
pattern,M1_tri0.1_N1_min200,3xATRM15,2737,46.99,1472,46.88
pattern,M1_tri0.1_N1_min200_inv,3xATRM15,2721,47.23,1434,47.84
pattern,M1_tri0.1_N1_min1000,3xATRM15,2737,46.99,1472,46.88
pattern,M1_tri0.1_N1_min1000_inv,3xATRM15,2721,47.23,1434,47.84
pattern,M1_tri0.1_N1_min200,0.5xATRH1,36116,42.51,19043,41.47
pattern,M1_tri0.1_N1_min200_inv,0.5xATRH1,35991,42.46,18841,43.56
pattern,M1_tri0.1_N1_min1000,0.5xATRH1,36116,42.51,19043,41.47
pattern,M1_tri0.1_N1_min1000_inv,0.5xATRH1,35991,42.46,18841,43.56
pattern,M1_tri0.1_N1_min200,1xATRH1,9126,46.15,4869,44.69
pattern,M1_tri0.1_N1_min200_inv,1xATRH1,9243,46.31,4826,48.05
pattern,M1_tri0.1_N1_min1000,1xATRH1,9126,46.15,4869,44.69
pattern,M1_tri0.1_N1_min1000_inv,1xATRH1,9243,46.31,4826,48.05
pattern,M1_tri0.1_N1_min200,2xATRH1,2168,47.92,1236,45.47
pattern,M1_tri0.1_N1_min200_inv,2xATRH1,2278,48.16,1212,50.99
pattern,M1_tri0.1_N1_min1000,2xATRH1,2168,47.92,1236,45.47
pattern,M1_tri0.1_N1_min1000_inv,2xATRH1,2278,48.16,1212,50.99
pattern,M1_tri0.1_N1_min200,3xATRH1,984,48.58,552,53.26
pattern,M1_tri0.1_N1_min200_inv,3xATRH1,936,48.93,544,44.67
pattern,M1_tri0.1_N1_min1000,3xATRH1,984,48.58,552,53.26
pattern,M1_tri0.1_N1_min1000_inv,3xATRH1,936,48.93,544,44.67
pattern,M1_tri0.1_N1_min200,0.5xATRD1,1704,48.36,844,45.62
pattern,M1_tri0.1_N1_min200_inv,0.5xATRD1,1703,48.85,860,51.63
pattern,M1_tri0.1_N1_min1000,0.5xATRD1,1704,48.36,844,45.62
pattern,M1_tri0.1_N1_min1000_inv,0.5xATRD1,1703,48.85,860,51.63
pattern,M1_tri0.1_N1_min200,1xATRD1,445,50.79,227,55.51
pattern,M1_tri0.1_N1_min200_inv,1xATRD1,427,48.01,225,42.67
pattern,M1_tri0.1_N1_min1000,1xATRD1,445,50.79,227,55.51
pattern,M1_tri0.1_N1_min1000_inv,1xATRD1,427,48.01,225,42.67
pattern,M1_tri0.1_N1_min200,2xATRD1,101,51.49,61,60.66
pattern,M1_tri0.1_N1_min200_inv,2xATRD1,103,46.6,53,37.74
pattern,M1_tri0.1_N1_min1000,2xATRD1,101,51.49,61,60.66
pattern,M1_tri0.1_N1_min1000_inv,2xATRD1,103,46.6,53,37.74
pattern,M1_tri0.1_N1_min200,3xATRD1,50,54.0,26,69.23
pattern,M1_tri0.1_N1_min200_inv,3xATRD1,53,45.28,33,33.33
pattern,M1_tri0.1_N1_min1000,3xATRD1,50,54.0,26,69.23
pattern,M1_tri0.1_N1_min1000_inv,3xATRD1,53,45.28,33,33.33
pattern,M1_tri0.1_N1_min200,fix1,158495,36.73,95454,35.6
pattern,M1_tri0.1_N1_min200_inv,fix1,162727,34.1,96311,34.5
pattern,M1_tri0.1_N1_min1000,fix1,158495,36.73,95454,35.6
pattern,M1_tri0.1_N1_min1000_inv,fix1,162727,34.1,96311,34.5
pattern,M1_tri0.1_N1_min200,fix2,47749,42.6,29310,41.95
pattern,M1_tri0.1_N1_min200_inv,fix2,47581,42.74,28994,43.16
pattern,M1_tri0.1_N1_min1000,fix2,47749,42.6,29310,41.95
pattern,M1_tri0.1_N1_min1000_inv,fix2,47581,42.74,28994,43.16
pattern,M1_tri0.1_N1_min200,fix3,22329,45.07,13862,44.08
pattern,M1_tri0.1_N1_min200_inv,fix3,22283,45.25,13817,45.94
pattern,M1_tri0.1_N1_min1000,fix3,22329,45.07,13862,44.08
pattern,M1_tri0.1_N1_min1000_inv,fix3,22283,45.25,13817,45.94
pattern,M1_tri0.1_N1_min200,fix5,8372,46.99,5167,45.54
pattern,M1_tri0.1_N1_min200_inv,fix5,8467,47.19,5202,48.44
pattern,M1_tri0.1_N1_min1000,fix5,8372,46.99,5167,45.54
pattern,M1_tri0.1_N1_min1000_inv,fix5,8467,47.19,5202,48.44
pattern,M1_tri0.1_N1_min200,fix10,2244,48.62,1365,50.99
pattern,M1_tri0.1_N1_min200_inv,fix10,2214,48.19,1373,46.1
pattern,M1_tri0.1_N1_min1000,fix10,2244,48.62,1365,50.99
pattern,M1_tri0.1_N1_min1000_inv,fix10,2214,48.19,1373,46.1
pattern,M1_tri0.1_N2_min200,0.5xATRM15,128748,34.05,67789,33.24
pattern,M1_tri0.1_N2_min200_inv,0.5xATRM15,131661,32.21,68915,32.34
pattern,M1_tri0.1_N2_min1000,0.5xATRM15,128748,34.05,67789,33.24
pattern,M1_tri0.1_N2_min1000_inv,0.5xATRM15,131661,32.21,68915,32.34
pattern,M1_tri0.1_N2_min200,1xATRM15,31419,42.96,16543,42.6
pattern,M1_tri0.1_N2_min200_inv,1xATRM15,31951,41.02,16859,41.68
pattern,M1_tri0.1_N2_min1000,1xATRM15,31419,42.96,16543,42.6
pattern,M1_tri0.1_N2_min1000_inv,1xATRM15,31951,41.02,16859,41.68
pattern,M1_tri0.1_N2_min200,2xATRM15,6702,47.18,3687,46.05
pattern,M1_tri0.1_N2_min200_inv,2xATRM15,6755,46.26,3690,46.5
pattern,M1_tri0.1_N2_min1000,2xATRM15,6702,47.18,3687,46.05
pattern,M1_tri0.1_N2_min1000_inv,2xATRM15,6755,46.26,3690,46.5
pattern,M1_tri0.1_N2_min200,3xATRM15,2684,48.29,1468,48.71
pattern,M1_tri0.1_N2_min200_inv,3xATRM15,2676,48.73,1436,48.26
pattern,M1_tri0.1_N2_min1000,3xATRM15,2684,48.29,1468,48.71
pattern,M1_tri0.1_N2_min1000_inv,3xATRM15,2676,48.73,1436,48.26
pattern,M1_tri0.1_N2_min200,0.5xATRH1,35909,43.13,18773,43.41
pattern,M1_tri0.1_N2_min200_inv,0.5xATRH1,36236,41.24,19072,41.74
pattern,M1_tri0.1_N2_min1000,0.5xATRH1,35909,43.13,18773,43.41
pattern,M1_tri0.1_N2_min1000_inv,0.5xATRH1,36236,41.24,19072,41.74
pattern,M1_tri0.1_N2_min200,1xATRH1,9241,46.61,4929,47.21
pattern,M1_tri0.1_N2_min200_inv,1xATRH1,9236,45.12,4923,45.85
pattern,M1_tri0.1_N2_min1000,1xATRH1,9241,46.61,4929,47.21
pattern,M1_tri0.1_N2_min1000_inv,1xATRH1,9236,45.12,4923,45.85
pattern,M1_tri0.1_N2_min200,2xATRH1,2148,48.09,1239,46.49
pattern,M1_tri0.1_N2_min200_inv,2xATRH1,2301,48.02,1221,51.11
pattern,M1_tri0.1_N2_min1000,2xATRH1,2148,48.09,1239,46.49
pattern,M1_tri0.1_N2_min1000_inv,2xATRH1,2301,48.02,1221,51.11
pattern,M1_tri0.1_N2_min200,3xATRH1,959,47.76,534,49.25
pattern,M1_tri0.1_N2_min200_inv,3xATRH1,965,48.5,545,46.24
pattern,M1_tri0.1_N2_min1000,3xATRH1,959,47.76,534,49.25
pattern,M1_tri0.1_N2_min1000_inv,3xATRH1,965,48.5,545,46.24
pattern,M1_tri0.1_N2_min200,0.5xATRD1,1682,48.16,822,47.45
pattern,M1_tri0.1_N2_min200_inv,0.5xATRD1,1740,49.6,835,51.98
pattern,M1_tri0.1_N2_min1000,0.5xATRD1,1682,48.16,822,47.45
pattern,M1_tri0.1_N2_min1000_inv,0.5xATRD1,1740,49.6,835,51.98
pattern,M1_tri0.1_N2_min200,1xATRD1,440,50.23,230,54.78
pattern,M1_tri0.1_N2_min200_inv,1xATRD1,426,47.65,225,42.67
pattern,M1_tri0.1_N2_min1000,1xATRD1,440,50.23,230,54.78
pattern,M1_tri0.1_N2_min1000_inv,1xATRD1,426,47.65,225,42.67
pattern,M1_tri0.1_N2_min200,2xATRD1,101,51.49,61,60.66
pattern,M1_tri0.1_N2_min200_inv,2xATRD1,103,46.6,53,37.74
pattern,M1_tri0.1_N2_min1000,2xATRD1,101,51.49,61,60.66
pattern,M1_tri0.1_N2_min1000_inv,2xATRD1,103,46.6,53,37.74
pattern,M1_tri0.1_N2_min200,3xATRD1,50,54.0,26,69.23
pattern,M1_tri0.1_N2_min200_inv,3xATRD1,53,45.28,33,33.33
pattern,M1_tri0.1_N2_min1000,3xATRD1,50,54.0,26,69.23
pattern,M1_tri0.1_N2_min1000_inv,3xATRD1,53,45.28,33,33.33
pattern,M1_tri0.1_N2_min200,fix1,158760,36.58,95528,35.56
pattern,M1_tri0.1_N2_min200_inv,fix1,162863,34.22,96038,34.73
pattern,M1_tri0.1_N2_min1000,fix1,158760,36.58,95528,35.56
pattern,M1_tri0.1_N2_min1000_inv,fix1,162863,34.22,96038,34.73
pattern,M1_tri0.1_N2_min200,fix2,47399,43.34,29139,42.32
pattern,M1_tri0.1_N2_min200_inv,fix2,47897,41.77,29257,42.02
pattern,M1_tri0.1_N2_min1000,fix2,47399,43.34,29139,42.32
pattern,M1_tri0.1_N2_min1000_inv,fix2,47897,41.77,29257,42.02
pattern,M1_tri0.1_N2_min200,fix3,22225,46.25,13697,45.1
pattern,M1_tri0.1_N2_min200_inv,fix3,22358,44.37,13869,44.5
pattern,M1_tri0.1_N2_min1000,fix3,22225,46.25,13697,45.1
pattern,M1_tri0.1_N2_min1000_inv,fix3,22358,44.37,13869,44.5
pattern,M1_tri0.1_N2_min200,fix5,8418,46.67,5247,45.36
pattern,M1_tri0.1_N2_min200_inv,fix5,8432,45.87,5261,47.06
pattern,M1_tri0.1_N2_min1000,fix5,8418,46.67,5247,45.36
pattern,M1_tri0.1_N2_min1000_inv,fix5,8432,45.87,5261,47.06
pattern,M1_tri0.1_N2_min200,fix10,2232,49.73,1361,45.78
pattern,M1_tri0.1_N2_min200_inv,fix10,2229,47.29,1328,51.13
pattern,M1_tri0.1_N2_min1000,fix10,2232,49.73,1361,45.78
pattern,M1_tri0.1_N2_min1000_inv,fix10,2229,47.29,1328,51.13
pattern,M1_tri0.1_N3_min200,0.5xATRM15,128640,34.19,67680,33.57
pattern,M1_tri0.1_N3_min200_inv,0.5xATRM15,131619,32.1,69045,32.17
pattern,M1_tri0.1_N3_min1000,0.5xATRM15,128640,34.19,67680,33.57
pattern,M1_tri0.1_N3_min1000_inv,0.5xATRM15,131620,32.1,69039,32.18
pattern,M1_tri0.1_N3_min200,1xATRM15,31283,42.94,16575,42.19
pattern,M1_tri0.1_N3_min200_inv,1xATRM15,31964,40.93,16707,42.13
pattern,M1_tri0.1_N3_min1000,1xATRM15,31283,42.94,16575,42.19
pattern,M1_tri0.1_N3_min1000_inv,1xATRM15,31957,40.93,16710,42.11
pattern,M1_tri0.1_N3_min200,2xATRM15,6719,47.21,3663,46.85
pattern,M1_tri0.1_N3_min200_inv,2xATRM15,6775,46.79,3719,47.11
pattern,M1_tri0.1_N3_min1000,2xATRM15,6719,47.24,3663,46.82
pattern,M1_tri0.1_N3_min1000_inv,2xATRM15,6775,46.79,3719,47.11
pattern,M1_tri0.1_N3_min200,3xATRM15,2743,46.92,1467,48.33
pattern,M1_tri0.1_N3_min200_inv,3xATRM15,2724,47.36,1466,49.45
pattern,M1_tri0.1_N3_min1000,3xATRM15,2743,46.92,1467,48.33
pattern,M1_tri0.1_N3_min1000_inv,3xATRM15,2724,47.39,1466,49.45
pattern,M1_tri0.1_N3_min200,0.5xATRH1,35946,43.05,18786,42.85
pattern,M1_tri0.1_N3_min200_inv,0.5xATRH1,36303,41.03,19020,42.1
pattern,M1_tri0.1_N3_min1000,0.5xATRH1,35946,43.05,18786,42.85
pattern,M1_tri0.1_N3_min1000_inv,0.5xATRH1,36307,41.04,19031,42.11
pattern,M1_tri0.1_N3_min200,1xATRH1,9204,46.57,4877,46.75
pattern,M1_tri0.1_N3_min200_inv,1xATRH1,9311,45.87,4886,46.15
pattern,M1_tri0.1_N3_min1000,1xATRH1,9204,46.57,4877,46.75
pattern,M1_tri0.1_N3_min1000_inv,1xATRH1,9313,45.88,4884,46.05
pattern,M1_tri0.1_N3_min200,2xATRH1,2141,48.25,1247,45.71
pattern,M1_tri0.1_N3_min200_inv,2xATRH1,2295,47.8,1219,51.44
pattern,M1_tri0.1_N3_min1000,2xATRH1,2141,48.25,1247,45.71
pattern,M1_tri0.1_N3_min1000_inv,2xATRH1,2295,47.8,1219,51.44
pattern,M1_tri0.1_N3_min200,3xATRH1,953,47.74,522,49.81
pattern,M1_tri0.1_N3_min200_inv,3xATRH1,943,47.83,537,44.51
pattern,M1_tri0.1_N3_min1000,3xATRH1,953,47.74,522,49.81
pattern,M1_tri0.1_N3_min1000_inv,3xATRH1,943,47.83,537,44.51
pattern,M1_tri0.1_N3_min200,0.5xATRD1,1694,48.52,859,49.01
pattern,M1_tri0.1_N3_min200_inv,0.5xATRD1,1724,51.51,837,47.31
pattern,M1_tri0.1_N3_min1000,0.5xATRD1,1694,48.52,859,49.01
pattern,M1_tri0.1_N3_min1000_inv,0.5xATRD1,1724,51.51,837,47.31
pattern,M1_tri0.1_N3_min200,1xATRD1,442,52.49,214,50.47
pattern,M1_tri0.1_N3_min200_inv,1xATRD1,431,50.58,229,43.67
pattern,M1_tri0.1_N3_min1000,1xATRD1,442,52.49,214,50.47
pattern,M1_tri0.1_N3_min1000_inv,1xATRD1,431,50.58,229,43.67
pattern,M1_tri0.1_N3_min200,2xATRD1,101,51.49,61,60.66
pattern,M1_tri0.1_N3_min200_inv,2xATRD1,103,46.6,53,37.74
pattern,M1_tri0.1_N3_min1000,2xATRD1,101,51.49,61,60.66
pattern,M1_tri0.1_N3_min1000_inv,2xATRD1,103,46.6,53,37.74
pattern,M1_tri0.1_N3_min200,3xATRD1,50,54.0,26,69.23
pattern,M1_tri0.1_N3_min200_inv,3xATRD1,53,45.28,33,33.33
pattern,M1_tri0.1_N3_min1000,3xATRD1,50,54.0,26,69.23
pattern,M1_tri0.1_N3_min1000_inv,3xATRD1,53,47.17,33,33.33
pattern,M1_tri0.1_N3_min200,fix1,158613,36.72,95410,35.84
pattern,M1_tri0.1_N3_min200_inv,fix1,162971,34.13,96345,34.54
pattern,M1_tri0.1_N3_min1000,fix1,158613,36.72,95410,35.84
pattern,M1_tri0.1_N3_min1000_inv,fix1,162968,34.14,96355,34.55
pattern,M1_tri0.1_N3_min200,fix2,47331,43.25,29152,42.21
pattern,M1_tri0.1_N3_min200_inv,fix2,47831,41.86,29266,42.08
pattern,M1_tri0.1_N3_min1000,fix2,47331,43.25,29152,42.21
pattern,M1_tri0.1_N3_min1000_inv,fix2,47819,41.87,29269,42.07
pattern,M1_tri0.1_N3_min200,fix3,22195,46.19,13757,44.97
pattern,M1_tri0.1_N3_min200_inv,fix3,22399,44.27,13926,44.43
pattern,M1_tri0.1_N3_min1000,fix3,22195,46.19,13757,44.97
pattern,M1_tri0.1_N3_min1000_inv,fix3,22400,44.29,13924,44.46
pattern,M1_tri0.1_N3_min200,fix5,8384,46.47,5257,45.69
pattern,M1_tri0.1_N3_min200_inv,fix5,8419,46.68,5260,47.7
pattern,M1_tri0.1_N3_min1000,fix5,8384,46.47,5257,45.69
pattern,M1_tri0.1_N3_min1000_inv,fix5,8416,46.77,5260,47.7
pattern,M1_tri0.1_N3_min200,fix10,2239,48.64,1364,49.49
pattern,M1_tri0.1_N3_min200_inv,fix10,2217,48.85,1343,46.17
pattern,M1_tri0.1_N3_min1000,fix10,2239,48.64,1364,49.49
pattern,M1_tri0.1_N3_min1000_inv,fix10,2217,48.85,1343,46.17
pattern,M1_tri0.1_N4_min200,0.5xATRM15,128503,34.15,67578,33.57
pattern,M1_tri0.1_N4_min200_inv,0.5xATRM15,131494,32.27,68783,32.38
pattern,M1_tri0.1_N4_min1000,0.5xATRM15,128668,34.04,67649,33.59
pattern,M1_tri0.1_N4_min1000_inv,0.5xATRM15,131428,32.26,68832,32.37
pattern,M1_tri0.1_N4_min200,1xATRM15,31201,42.96,16447,42.72
pattern,M1_tri0.1_N4_min200_inv,1xATRM15,32034,41.29,16536,42.24
pattern,M1_tri0.1_N4_min1000,1xATRM15,31228,42.85,16471,42.57
pattern,M1_tri0.1_N4_min1000_inv,1xATRM15,32091,41.2,16575,41.99
pattern,M1_tri0.1_N4_min200,2xATRM15,6691,47.24,3705,47.8
pattern,M1_tri0.1_N4_min200_inv,2xATRM15,6774,44.79,3641,46.86
pattern,M1_tri0.1_N4_min1000,2xATRM15,6661,47.29,3686,47.56
pattern,M1_tri0.1_N4_min1000_inv,2xATRM15,6752,44.68,3644,46.98
pattern,M1_tri0.1_N4_min200,3xATRM15,2699,48.98,1490,48.86
pattern,M1_tri0.1_N4_min200_inv,3xATRM15,2633,48.35,1453,47.9
pattern,M1_tri0.1_N4_min1000,3xATRM15,2700,47.89,1496,48.6
pattern,M1_tri0.1_N4_min1000_inv,3xATRM15,2644,48.15,1476,47.97
pattern,M1_tri0.1_N4_min200,0.5xATRH1,35887,43.21,18798,42.73
pattern,M1_tri0.1_N4_min200_inv,0.5xATRH1,36262,41.12,19083,42.06
pattern,M1_tri0.1_N4_min1000,0.5xATRH1,35915,43.1,18735,42.88
pattern,M1_tri0.1_N4_min1000_inv,0.5xATRH1,36343,40.9,19061,42.1
pattern,M1_tri0.1_N4_min200,1xATRH1,9242,46.8,4881,46.59
pattern,M1_tri0.1_N4_min200_inv,1xATRH1,9243,45.98,4926,45.76
pattern,M1_tri0.1_N4_min1000,1xATRH1,9224,46.39,4879,46.55
pattern,M1_tri0.1_N4_min1000_inv,1xATRH1,9258,45.79,4945,45.68
pattern,M1_tri0.1_N4_min200,2xATRH1,2220,46.85,1236,47.57
pattern,M1_tri0.1_N4_min200_inv,2xATRH1,2287,48.05,1225,52.49
pattern,M1_tri0.1_N4_min1000,2xATRH1,2212,46.97,1245,46.83
pattern,M1_tri0.1_N4_min1000_inv,2xATRH1,2275,48.44,1218,51.15
pattern,M1_tri0.1_N4_min200,3xATRH1,954,49.06,544,50.37
pattern,M1_tri0.1_N4_min200_inv,3xATRH1,974,47.13,532,47.74
pattern,M1_tri0.1_N4_min1000,3xATRH1,954,48.64,540,50.74
pattern,M1_tri0.1_N4_min1000_inv,3xATRH1,973,48.1,529,49.34
pattern,M1_tri0.1_N4_min200,0.5xATRD1,1667,48.53,840,44.88
pattern,M1_tri0.1_N4_min200_inv,0.5xATRD1,1717,51.6,837,47.43
pattern,M1_tri0.1_N4_min1000,0.5xATRD1,1674,49.1,840,44.88
pattern,M1_tri0.1_N4_min1000_inv,0.5xATRD1,1704,52.41,835,47.66
pattern,M1_tri0.1_N4_min200,1xATRD1,445,50.79,219,48.86
pattern,M1_tri0.1_N4_min200_inv,1xATRD1,432,47.45,223,43.5
pattern,M1_tri0.1_N4_min1000,1xATRD1,447,51.68,219,48.4
pattern,M1_tri0.1_N4_min1000_inv,1xATRD1,436,48.17,220,42.27
pattern,M1_tri0.1_N4_min200,2xATRD1,101,51.49,61,60.66
pattern,M1_tri0.1_N4_min200_inv,2xATRD1,103,48.54,53,37.74
pattern,M1_tri0.1_N4_min1000,2xATRD1,101,51.49,61,62.3
pattern,M1_tri0.1_N4_min1000_inv,2xATRD1,103,45.63,62,38.71
pattern,M1_tri0.1_N4_min200,3xATRD1,50,54.0,26,69.23
pattern,M1_tri0.1_N4_min200_inv,3xATRD1,53,47.17,33,36.36
pattern,M1_tri0.1_N4_min1000,3xATRD1,50,54.0,26,69.23
pattern,M1_tri0.1_N4_min1000_inv,3xATRD1,53,43.4,33,33.33
pattern,M1_tri0.1_N4_min200,fix1,159202,36.18,95428,35.64
pattern,M1_tri0.1_N4_min200_inv,fix1,162247,34.46,95906,34.59
pattern,M1_tri0.1_N4_min1000,fix1,159232,36.12,95463,35.62
pattern,M1_tri0.1_N4_min1000_inv,fix1,162292,34.42,95954,34.63
pattern,M1_tri0.1_N4_min200,fix2,47374,43.36,29163,42.48
pattern,M1_tri0.1_N4_min200_inv,fix2,47801,41.73,29321,42.03
pattern,M1_tri0.1_N4_min1000,fix2,47348,43.33,29152,42.44
pattern,M1_tri0.1_N4_min1000_inv,fix2,47817,41.53,29310,41.92
pattern,M1_tri0.1_N4_min200,fix3,22292,45.82,13760,44.73
pattern,M1_tri0.1_N4_min200_inv,fix3,22468,44.08,13797,45.11
pattern,M1_tri0.1_N4_min1000,fix3,22327,45.77,13763,44.61
pattern,M1_tri0.1_N4_min1000_inv,fix3,22396,43.92,13770,45.15
pattern,M1_tri0.1_N4_min200,fix5,8391,47.16,5236,46.03
pattern,M1_tri0.1_N4_min200_inv,fix5,8425,45.8,5278,47.04
pattern,M1_tri0.1_N4_min1000,fix5,8403,47.59,5266,46.2
pattern,M1_tri0.1_N4_min1000_inv,fix5,8439,45.81,5287,46.55
pattern,M1_tri0.1_N4_min200,fix10,2229,48.0,1337,49.07
pattern,M1_tri0.1_N4_min200_inv,fix10,2262,48.85,1343,47.65
pattern,M1_tri0.1_N4_min1000,fix10,2240,47.5,1342,48.81
pattern,M1_tri0.1_N4_min1000_inv,fix10,2241,48.64,1333,47.49
pattern,M1_tri0.1_N5_min200,0.5xATRM15,129180,33.6,68021,33.24
pattern,M1_tri0.1_N5_min200_inv,0.5xATRM15,131281,32.3,68452,32.54
pattern,M1_tri0.1_N5_min1000,0.5xATRM15,129075,33.64,68337,32.67
pattern,M1_tri0.1_N5_min1000_inv,0.5xATRM15,130658,32.59,68725,32.5
pattern,M1_tri0.1_N5_min200,1xATRM15,31384,42.83,16489,42.66
pattern,M1_tri0.1_N5_min200_inv,1xATRM15,31873,41.27,16566,42.47
pattern,M1_tri0.1_N5_min1000,1xATRM15,31543,42.28,16611,41.74
pattern,M1_tri0.1_N5_min1000_inv,1xATRM15,31639,41.24,16579,41.71
pattern,M1_tri0.1_N5_min200,2xATRM15,6721,46.72,3650,45.12
pattern,M1_tri0.1_N5_min200_inv,2xATRM15,6790,45.24,3641,47.71
pattern,M1_tri0.1_N5_min1000,2xATRM15,6673,46.73,3633,44.98
pattern,M1_tri0.1_N5_min1000_inv,2xATRM15,6684,45.93,3595,46.93
pattern,M1_tri0.1_N5_min200,3xATRM15,2727,50.06,1473,47.59
pattern,M1_tri0.1_N5_min200_inv,3xATRM15,2637,48.96,1480,45.61
pattern,M1_tri0.1_N5_min1000,3xATRM15,2736,48.54,1494,47.39
pattern,M1_tri0.1_N5_min1000_inv,3xATRM15,2625,48.57,1507,45.59
pattern,M1_tri0.1_N5_min200,0.5xATRH1,36006,43.05,18876,42.21
pattern,M1_tri0.1_N5_min200_inv,0.5xATRH1,36164,41.54,18907,42.92
pattern,M1_tri0.1_N5_min1000,0.5xATRH1,36087,43.0,18861,42.03
pattern,M1_tri0.1_N5_min1000_inv,0.5xATRH1,36301,41.56,18941,42.38
pattern,M1_tri0.1_N5_min200,1xATRH1,9154,47.06,4847,46.23
pattern,M1_tri0.1_N5_min200_inv,1xATRH1,9241,45.57,4864,46.03
pattern,M1_tri0.1_N5_min1000,1xATRH1,9141,46.06,4854,45.1
pattern,M1_tri0.1_N5_min1000_inv,1xATRH1,9221,46.25,4910,46.29
pattern,M1_tri0.1_N5_min200,2xATRH1,2218,45.27,1223,47.67
pattern,M1_tri0.1_N5_min200_inv,2xATRH1,2265,48.52,1202,47.92
pattern,M1_tri0.1_N5_min1000,2xATRH1,2197,45.15,1197,46.03
pattern,M1_tri0.1_N5_min1000_inv,2xATRH1,2223,48.9,1210,46.94
pattern,M1_tri0.1_N5_min200,3xATRH1,936,49.15,537,52.51
pattern,M1_tri0.1_N5_min200_inv,3xATRH1,946,45.98,550,47.82
pattern,M1_tri0.1_N5_min1000,3xATRH1,954,47.27,551,51.18
pattern,M1_tri0.1_N5_min1000_inv,3xATRH1,972,46.91,555,51.89
pattern,M1_tri0.1_N5_min200,0.5xATRD1,1701,47.21,845,45.44
pattern,M1_tri0.1_N5_min200_inv,0.5xATRD1,1701,49.85,841,49.94
pattern,M1_tri0.1_N5_min1000,0.5xATRD1,1689,47.31,848,46.7
pattern,M1_tri0.1_N5_min1000_inv,0.5xATRD1,1684,50.77,831,48.86
pattern,M1_tri0.1_N5_min200,1xATRD1,440,47.27,227,49.78
pattern,M1_tri0.1_N5_min200_inv,1xATRD1,449,49.44,225,52.0
pattern,M1_tri0.1_N5_min1000,1xATRD1,456,47.37,229,51.53
pattern,M1_tri0.1_N5_min1000_inv,1xATRD1,441,46.94,223,57.85
pattern,M1_tri0.1_N5_min200,2xATRD1,110,55.45,67,59.7
pattern,M1_tri0.1_N5_min200_inv,2xATRD1,106,54.72,72,37.5
pattern,M1_tri0.1_N5_min1000,2xATRD1,97,55.67,61,62.3
pattern,M1_tri0.1_N5_min1000_inv,2xATRD1,108,52.78,67,38.81
pattern,M1_tri0.1_N5_min200,3xATRD1,49,55.1,26,65.38
pattern,M1_tri0.1_N5_min200_inv,3xATRD1,51,45.1,33,30.3
pattern,M1_tri0.1_N5_min1000,3xATRD1,50,54.0,26,69.23
pattern,M1_tri0.1_N5_min1000_inv,3xATRD1,48,37.5,32,46.88
pattern,M1_tri0.1_N5_min200,fix1,159238,36.11,95365,35.52
pattern,M1_tri0.1_N5_min200_inv,fix1,162343,34.42,96027,34.7
pattern,M1_tri0.1_N5_min1000,fix1,159666,35.95,95644,35.09
pattern,M1_tri0.1_N5_min1000_inv,fix1,161799,34.67,96032,34.63
pattern,M1_tri0.1_N5_min200,fix2,47390,43.51,29164,42.1
pattern,M1_tri0.1_N5_min200_inv,fix2,47718,41.63,29229,42.17
pattern,M1_tri0.1_N5_min1000,fix2,47477,43.16,29151,42.16
pattern,M1_tri0.1_N5_min1000_inv,fix2,48062,41.54,29274,42.12
pattern,M1_tri0.1_N5_min200,fix3,22305,45.7,13890,44.83
pattern,M1_tri0.1_N5_min200_inv,fix3,22532,43.9,13773,44.92
pattern,M1_tri0.1_N5_min1000,fix3,22319,46.11,13805,44.66
pattern,M1_tri0.1_N5_min1000_inv,fix3,22361,44.7,13786,44.93
pattern,M1_tri0.1_N5_min200,fix5,8401,47.28,5278,45.3
pattern,M1_tri0.1_N5_min200_inv,fix5,8419,46.42,5282,47.56
pattern,M1_tri0.1_N5_min1000,fix5,8410,46.56,5250,46.06
pattern,M1_tri0.1_N5_min1000_inv,fix5,8469,46.79,5280,45.89
pattern,M1_tri0.1_N5_min200,fix10,2207,47.98,1373,49.16
pattern,M1_tri0.1_N5_min200_inv,fix10,2238,49.06,1361,48.86
pattern,M1_tri0.1_N5_min1000,fix10,2256,47.43,1352,47.86
pattern,M1_tri0.1_N5_min1000_inv,fix10,2253,48.82,1344,49.7
pattern,M1_tri0.1_N6_min200,0.5xATRM15,129466,33.59,68099,32.84
pattern,M1_tri0.1_N6_min200_inv,0.5xATRM15,130919,32.47,68639,32.93
pattern,M1_tri0.1_N6_min1000,0.5xATRM15,129365,33.59,68243,32.63
pattern,M1_tri0.1_N6_min1000_inv,0.5xATRM15,130375,32.81,68623,32.46
pattern,M1_tri0.1_N6_min200,1xATRM15,31258,42.81,16563,42.04
pattern,M1_tri0.1_N6_min200_inv,1xATRM15,32062,41.41,16622,41.82
pattern,M1_tri0.1_N6_min1000,1xATRM15,31217,42.48,16602,42.19
pattern,M1_tri0.1_N6_min1000_inv,1xATRM15,31742,41.35,16644,40.9
pattern,M1_tri0.1_N6_min200,2xATRM15,6723,46.96,3661,45.51
pattern,M1_tri0.1_N6_min200_inv,2xATRM15,6822,44.94,3679,46.48
pattern,M1_tri0.1_N6_min1000,2xATRM15,6635,46.53,3580,45.67
pattern,M1_tri0.1_N6_min1000_inv,2xATRM15,6897,45.7,3655,46.16
pattern,M1_tri0.1_N6_min200,3xATRM15,2694,48.0,1455,47.84
pattern,M1_tri0.1_N6_min200_inv,3xATRM15,2680,48.06,1471,46.02
pattern,M1_tri0.1_N6_min1000,3xATRM15,2741,47.9,1490,46.51
pattern,M1_tri0.1_N6_min1000_inv,3xATRM15,2665,47.09,1488,46.24
pattern,M1_tri0.1_N6_min200,0.5xATRH1,36084,42.65,18822,42.23
pattern,M1_tri0.1_N6_min200_inv,0.5xATRH1,36322,41.41,19048,42.89
pattern,M1_tri0.1_N6_min1000,0.5xATRH1,36126,42.87,18910,42.12
pattern,M1_tri0.1_N6_min1000_inv,0.5xATRH1,36360,41.58,18899,42.44
pattern,M1_tri0.1_N6_min200,1xATRH1,9195,47.07,4852,47.57
pattern,M1_tri0.1_N6_min200_inv,1xATRH1,9253,45.92,4950,45.82
pattern,M1_tri0.1_N6_min1000,1xATRH1,9251,45.77,4898,46.16
pattern,M1_tri0.1_N6_min1000_inv,1xATRH1,9240,46.44,4877,45.54
pattern,M1_tri0.1_N6_min200,2xATRH1,2226,48.2,1195,48.03
pattern,M1_tri0.1_N6_min200_inv,2xATRH1,2216,48.06,1206,47.93
pattern,M1_tri0.1_N6_min1000,2xATRH1,2205,46.58,1204,47.59
pattern,M1_tri0.1_N6_min1000_inv,2xATRH1,2197,48.57,1220,47.62
pattern,M1_tri0.1_N6_min200,3xATRH1,952,46.53,539,49.17
pattern,M1_tri0.1_N6_min200_inv,3xATRH1,965,49.33,545,53.21
pattern,M1_tri0.1_N6_min1000,3xATRH1,929,47.47,550,50.55
pattern,M1_tri0.1_N6_min1000_inv,3xATRH1,972,50.51,547,52.47
pattern,M1_tri0.1_N6_min200,0.5xATRD1,1678,46.72,855,48.54
pattern,M1_tri0.1_N6_min200_inv,0.5xATRD1,1678,50.83,828,49.03
pattern,M1_tri0.1_N6_min1000,0.5xATRD1,1687,48.31,844,48.58
pattern,M1_tri0.1_N6_min1000_inv,0.5xATRD1,1711,49.44,834,48.8
pattern,M1_tri0.1_N6_min200,1xATRD1,457,47.7,221,52.49
pattern,M1_tri0.1_N6_min200_inv,1xATRD1,435,52.41,213,56.34
pattern,M1_tri0.1_N6_min1000,1xATRD1,460,48.48,219,52.05
pattern,M1_tri0.1_N6_min1000_inv,1xATRD1,440,50.68,235,58.72
pattern,M1_tri0.1_N6_min200,2xATRD1,99,54.55,67,58.21
pattern,M1_tri0.1_N6_min200_inv,2xATRD1,100,50.0,57,49.12
pattern,M1_tri0.1_N6_min1000,2xATRD1,101,48.51,67,61.19
pattern,M1_tri0.1_N6_min1000_inv,2xATRD1,106,49.06,58,67.24
pattern,M1_tri0.1_N6_min200,3xATRD1,49,59.18,26,69.23
pattern,M1_tri0.1_N6_min200_inv,3xATRD1,53,45.28,32,43.75
pattern,M1_tri0.1_N6_min200,fix1,159579,35.97,95566,35.43
pattern,M1_tri0.1_N6_min200_inv,fix1,162081,34.66,95951,34.94
pattern,M1_tri0.1_N6_min1000,fix1,159887,35.84,95769,35.03
pattern,M1_tri0.1_N6_min1000_inv,fix1,161482,34.92,96182,34.72
pattern,M1_tri0.1_N6_min200,fix2,47368,43.8,29108,42.86
pattern,M1_tri0.1_N6_min200_inv,fix2,47914,41.4,29113,42.4
pattern,M1_tri0.1_N6_min1000,fix2,47555,43.26,29180,42.18
pattern,M1_tri0.1_N6_min1000_inv,fix2,48011,41.73,29267,42.35
pattern,M1_tri0.1_N6_min200,fix3,22192,46.02,13882,45.04
pattern,M1_tri0.1_N6_min200_inv,fix3,22366,44.09,13855,44.65
pattern,M1_tri0.1_N6_min1000,fix3,22208,45.81,13922,44.47
pattern,M1_tri0.1_N6_min1000_inv,fix3,22426,44.62,13778,44.9
pattern,M1_tri0.1_N6_min200,fix5,8353,47.35,5227,47.08
pattern,M1_tri0.1_N6_min200_inv,fix5,8500,45.47,5271,46.73
pattern,M1_tri0.1_N6_min1000,fix5,8380,47.29,5182,46.08
pattern,M1_tri0.1_N6_min1000_inv,fix5,8470,46.26,5256,46.58
pattern,M1_tri0.1_N6_min200,fix10,2233,48.32,1362,49.49
pattern,M1_tri0.1_N6_min200_inv,fix10,2246,48.4,1367,50.77
pattern,M1_tri0.1_N6_min1000,fix10,2253,48.91,1352,49.56
pattern,M1_tri0.1_N6_min1000_inv,fix10,2255,48.29,1338,50.3
pattern,M1_tri0.3_N1_min200,0.5xATRM15,128628,34.24,67735,33.5
pattern,M1_tri0.3_N1_min200_inv,0.5xATRM15,131912,32.05,69030,32.09
pattern,M1_tri0.3_N1_min1000,0.5xATRM15,128628,34.24,67735,33.5
pattern,M1_tri0.3_N1_min1000_inv,0.5xATRM15,131912,32.05,69030,32.09
pattern,M1_tri0.3_N1_min200,1xATRM15,31181,42.1,16790,41.38
pattern,M1_tri0.3_N1_min200_inv,1xATRM15,31418,42.23,16438,43.42
pattern,M1_tri0.3_N1_min1000,1xATRM15,31181,42.1,16790,41.38
pattern,M1_tri0.3_N1_min1000_inv,1xATRM15,31418,42.23,16438,43.42
pattern,M1_tri0.3_N1_min200,2xATRM15,6717,46.49,3671,44.48
pattern,M1_tri0.3_N1_min200_inv,2xATRM15,6754,46.71,3557,48.21
pattern,M1_tri0.3_N1_min1000,2xATRM15,6717,46.49,3671,44.48
pattern,M1_tri0.3_N1_min1000_inv,2xATRM15,6754,46.71,3557,48.21
pattern,M1_tri0.3_N1_min200,3xATRM15,2747,46.67,1460,46.23
pattern,M1_tri0.3_N1_min200_inv,3xATRM15,2681,47.33,1441,47.19
pattern,M1_tri0.3_N1_min1000,3xATRM15,2747,46.67,1460,46.23
pattern,M1_tri0.3_N1_min1000_inv,3xATRM15,2681,47.33,1441,47.19
pattern,M1_tri0.3_N1_min200,0.5xATRH1,36116,42.51,19043,41.47
pattern,M1_tri0.3_N1_min200_inv,0.5xATRH1,35991,42.46,18841,43.56
pattern,M1_tri0.3_N1_min1000,0.5xATRH1,36116,42.51,19043,41.47
pattern,M1_tri0.3_N1_min1000_inv,0.5xATRH1,35991,42.46,18841,43.56
pattern,M1_tri0.3_N1_min200,1xATRH1,9126,46.15,4869,44.69
pattern,M1_tri0.3_N1_min200_inv,1xATRH1,9243,46.31,4826,48.05
pattern,M1_tri0.3_N1_min1000,1xATRH1,9126,46.15,4869,44.69
pattern,M1_tri0.3_N1_min1000_inv,1xATRH1,9243,46.31,4826,48.05
pattern,M1_tri0.3_N1_min200,2xATRH1,2168,47.92,1236,45.47
pattern,M1_tri0.3_N1_min200_inv,2xATRH1,2278,48.16,1212,50.99
pattern,M1_tri0.3_N1_min1000,2xATRH1,2168,47.92,1236,45.47
pattern,M1_tri0.3_N1_min1000_inv,2xATRH1,2278,48.16,1212,50.99
pattern,M1_tri0.3_N1_min200,3xATRH1,984,48.58,552,53.26
pattern,M1_tri0.3_N1_min200_inv,3xATRH1,936,48.93,544,44.67
pattern,M1_tri0.3_N1_min1000,3xATRH1,984,48.58,552,53.26
pattern,M1_tri0.3_N1_min1000_inv,3xATRH1,936,48.93,544,44.67
pattern,M1_tri0.3_N1_min200,0.5xATRD1,1704,48.36,844,45.62
pattern,M1_tri0.3_N1_min200_inv,0.5xATRD1,1703,48.85,860,51.63
pattern,M1_tri0.3_N1_min1000,0.5xATRD1,1704,48.36,844,45.62
pattern,M1_tri0.3_N1_min1000_inv,0.5xATRD1,1703,48.85,860,51.63
pattern,M1_tri0.3_N1_min200,1xATRD1,445,50.79,227,55.51
pattern,M1_tri0.3_N1_min200_inv,1xATRD1,427,48.01,225,42.67
pattern,M1_tri0.3_N1_min1000,1xATRD1,445,50.79,227,55.51
pattern,M1_tri0.3_N1_min1000_inv,1xATRD1,427,48.01,225,42.67
pattern,M1_tri0.3_N1_min200,2xATRD1,101,51.49,61,60.66
pattern,M1_tri0.3_N1_min200_inv,2xATRD1,103,46.6,53,37.74
pattern,M1_tri0.3_N1_min1000,2xATRD1,101,51.49,61,60.66
pattern,M1_tri0.3_N1_min1000_inv,2xATRD1,103,46.6,53,37.74
pattern,M1_tri0.3_N1_min200,3xATRD1,50,54.0,26,69.23
pattern,M1_tri0.3_N1_min200_inv,3xATRD1,53,45.28,33,33.33
pattern,M1_tri0.3_N1_min1000,3xATRD1,50,54.0,26,69.23
pattern,M1_tri0.3_N1_min1000_inv,3xATRD1,53,45.28,33,33.33
pattern,M1_tri0.3_N1_min200,fix1,158549,36.65,95474,35.57
pattern,M1_tri0.3_N1_min200_inv,fix1,162683,34.12,96385,34.41
pattern,M1_tri0.3_N1_min1000,fix1,158549,36.65,95474,35.57
pattern,M1_tri0.3_N1_min1000_inv,fix1,162683,34.12,96385,34.41
pattern,M1_tri0.3_N1_min200,fix2,47420,43.84,29091,42.83
pattern,M1_tri0.3_N1_min200_inv,fix2,47904,41.32,29293,42.13
pattern,M1_tri0.3_N1_min1000,fix2,47420,43.84,29091,42.83
pattern,M1_tri0.3_N1_min1000_inv,fix2,47904,41.32,29293,42.13
pattern,M1_tri0.3_N1_min200,fix3,22329,45.07,13862,44.08
pattern,M1_tri0.3_N1_min200_inv,fix3,22283,45.25,13817,45.94
pattern,M1_tri0.3_N1_min1000,fix3,22329,45.07,13862,44.08
pattern,M1_tri0.3_N1_min1000_inv,fix3,22283,45.25,13817,45.94
pattern,M1_tri0.3_N1_min200,fix5,8372,46.99,5167,45.54
pattern,M1_tri0.3_N1_min200_inv,fix5,8467,47.19,5202,48.44
pattern,M1_tri0.3_N1_min1000,fix5,8372,46.99,5167,45.54
pattern,M1_tri0.3_N1_min1000_inv,fix5,8467,47.19,5202,48.44
pattern,M1_tri0.3_N1_min200,fix10,2244,48.62,1365,50.99
pattern,M1_tri0.3_N1_min200_inv,fix10,2214,48.19,1373,46.1
pattern,M1_tri0.3_N1_min1000,fix10,2244,48.62,1365,50.99
pattern,M1_tri0.3_N1_min1000_inv,fix10,2214,48.19,1373,46.1
pattern,M1_tri0.3_N2_min200,0.5xATRM15,128843,34.06,67861,33.38
pattern,M1_tri0.3_N2_min200_inv,0.5xATRM15,131910,32.04,68702,32.14
pattern,M1_tri0.3_N2_min1000,0.5xATRM15,128843,34.06,67861,33.38
pattern,M1_tri0.3_N2_min1000_inv,0.5xATRM15,131910,32.04,68702,32.14
pattern,M1_tri0.3_N2_min200,1xATRM15,31618,42.68,16495,42.52
pattern,M1_tri0.3_N2_min200_inv,1xATRM15,31873,41.11,16535,41.89
pattern,M1_tri0.3_N2_min1000,1xATRM15,31618,42.68,16495,42.52
pattern,M1_tri0.3_N2_min1000_inv,1xATRM15,31873,41.11,16535,41.89
pattern,M1_tri0.3_N2_min200,2xATRM15,6628,47.0,3645,45.4
pattern,M1_tri0.3_N2_min200_inv,2xATRM15,6732,46.3,3678,46.03
pattern,M1_tri0.3_N2_min1000,2xATRM15,6628,47.0,3645,45.4
pattern,M1_tri0.3_N2_min1000_inv,2xATRM15,6732,46.3,3678,46.03
pattern,M1_tri0.3_N2_min200,3xATRM15,2665,49.16,1495,47.96
pattern,M1_tri0.3_N2_min200_inv,3xATRM15,2690,47.84,1482,48.11
pattern,M1_tri0.3_N2_min1000,3xATRM15,2665,49.16,1495,47.96
pattern,M1_tri0.3_N2_min1000_inv,3xATRM15,2690,47.84,1482,48.11
pattern,M1_tri0.3_N2_min200,0.5xATRH1,36058,43.05,18797,42.93
pattern,M1_tri0.3_N2_min200_inv,0.5xATRH1,36150,41.49,19061,42.05
pattern,M1_tri0.3_N2_min1000,0.5xATRH1,36058,43.05,18797,42.93
pattern,M1_tri0.3_N2_min1000_inv,0.5xATRH1,36150,41.49,19061,42.05
pattern,M1_tri0.3_N2_min200,1xATRH1,9244,45.85,4898,47.04
pattern,M1_tri0.3_N2_min200_inv,1xATRH1,9222,45.09,4915,45.25
pattern,M1_tri0.3_N2_min1000,1xATRH1,9244,45.85,4898,47.04
pattern,M1_tri0.3_N2_min1000_inv,1xATRH1,9222,45.09,4915,45.25
pattern,M1_tri0.3_N2_min200,2xATRH1,2173,48.18,1221,47.26
pattern,M1_tri0.3_N2_min200_inv,2xATRH1,2234,48.08,1223,50.61
pattern,M1_tri0.3_N2_min1000,2xATRH1,2173,48.18,1221,47.26
pattern,M1_tri0.3_N2_min1000_inv,2xATRH1,2234,48.08,1223,50.61
pattern,M1_tri0.3_N2_min200,3xATRH1,973,46.97,560,53.04
pattern,M1_tri0.3_N2_min200_inv,3xATRH1,962,49.9,535,46.73
pattern,M1_tri0.3_N2_min1000,3xATRH1,973,46.97,560,53.04
pattern,M1_tri0.3_N2_min1000_inv,3xATRH1,962,49.9,535,46.73
pattern,M1_tri0.3_N2_min200,0.5xATRD1,1703,48.62,848,47.64
pattern,M1_tri0.3_N2_min200_inv,0.5xATRD1,1686,50.83,845,50.41
pattern,M1_tri0.3_N2_min1000,0.5xATRD1,1703,48.62,848,47.64
pattern,M1_tri0.3_N2_min1000_inv,0.5xATRD1,1686,50.83,845,50.41
pattern,M1_tri0.3_N2_min200,1xATRD1,445,50.79,227,55.51
pattern,M1_tri0.3_N2_min200_inv,1xATRD1,427,48.01,225,42.67
pattern,M1_tri0.3_N2_min1000,1xATRD1,445,50.79,227,55.51
pattern,M1_tri0.3_N2_min1000_inv,1xATRD1,427,48.01,225,42.67
pattern,M1_tri0.3_N2_min200,2xATRD1,101,51.49,61,60.66
pattern,M1_tri0.3_N2_min200_inv,2xATRD1,103,46.6,53,37.74
pattern,M1_tri0.3_N2_min1000,2xATRD1,101,51.49,61,60.66
pattern,M1_tri0.3_N2_min1000_inv,2xATRD1,103,46.6,53,37.74
pattern,M1_tri0.3_N2_min200,3xATRD1,50,54.0,26,69.23
pattern,M1_tri0.3_N2_min200_inv,3xATRD1,53,45.28,33,33.33
pattern,M1_tri0.3_N2_min1000,3xATRD1,50,54.0,26,69.23
pattern,M1_tri0.3_N2_min1000_inv,3xATRD1,53,45.28,33,33.33
pattern,M1_tri0.3_N2_min200,fix1,158457,36.73,95338,35.9
pattern,M1_tri0.3_N2_min200_inv,fix1,163194,33.92,96379,34.39
pattern,M1_tri0.3_N2_min1000,fix1,158457,36.73,95338,35.9
pattern,M1_tri0.3_N2_min1000_inv,fix1,163194,33.92,96379,34.39
pattern,M1_tri0.3_N2_min200,fix2,47597,43.2,29136,42.43
pattern,M1_tri0.3_N2_min200_inv,fix2,47919,41.63,29249,42.09
pattern,M1_tri0.3_N2_min1000,fix2,47597,43.2,29136,42.43
pattern,M1_tri0.3_N2_min1000_inv,fix2,47919,41.63,29249,42.09
pattern,M1_tri0.3_N2_min200,fix3,22269,45.89,13688,44.85
pattern,M1_tri0.3_N2_min200_inv,fix3,22450,44.49,13970,44.42
pattern,M1_tri0.3_N2_min1000,fix3,22269,45.89,13688,44.85
pattern,M1_tri0.3_N2_min1000_inv,fix3,22450,44.49,13970,44.42
pattern,M1_tri0.3_N2_min200,fix5,8476,47.02,5256,45.38
pattern,M1_tri0.3_N2_min200_inv,fix5,8448,46.63,5260,47.49
pattern,M1_tri0.3_N2_min1000,fix5,8476,47.02,5256,45.38
pattern,M1_tri0.3_N2_min1000_inv,fix5,8448,46.63,5260,47.49
pattern,M1_tri0.3_N2_min200,fix10,2234,47.99,1366,46.63
pattern,M1_tri0.3_N2_min200_inv,fix10,2213,47.76,1357,50.63
pattern,M1_tri0.3_N2_min1000,fix10,2234,47.99,1366,46.63
pattern,M1_tri0.3_N2_min1000_inv,fix10,2213,47.76,1357,50.63
pattern,M1_tri0.3_N3_min200,0.5xATRM15,128527,34.15,67661,33.52
pattern,M1_tri0.3_N3_min200_inv,0.5xATRM15,132004,32.02,69063,32.1
pattern,M1_tri0.3_N3_min1000,0.5xATRM15,128527,34.15,67661,33.52
pattern,M1_tri0.3_N3_min1000_inv,0.5xATRM15,132004,32.02,69063,32.1
pattern,M1_tri0.3_N3_min200,1xATRM15,31286,43.1,16451,42.88
pattern,M1_tri0.3_N3_min200_inv,1xATRM15,31807,41.09,16709,41.19
pattern,M1_tri0.3_N3_min1000,1xATRM15,31286,43.1,16451,42.88
pattern,M1_tri0.3_N3_min1000_inv,1xATRM15,31807,41.09,16709,41.19
pattern,M1_tri0.3_N3_min200,2xATRM15,6652,46.63,3667,47.23
pattern,M1_tri0.3_N3_min200_inv,2xATRM15,6788,46.58,3643,46.56
pattern,M1_tri0.3_N3_min1000,2xATRM15,6652,46.63,3667,47.23
pattern,M1_tri0.3_N3_min1000_inv,2xATRM15,6788,46.58,3643,46.56
pattern,M1_tri0.3_N3_min200,3xATRM15,2736,47.33,1527,49.64
pattern,M1_tri0.3_N3_min200_inv,3xATRM15,2677,48.19,1471,47.45
pattern,M1_tri0.3_N3_min1000,3xATRM15,2736,47.33,1527,49.64
pattern,M1_tri0.3_N3_min1000_inv,3xATRM15,2677,48.19,1471,47.45
pattern,M1_tri0.3_N3_min200,0.5xATRH1,35921,43.07,18713,43.18
pattern,M1_tri0.3_N3_min200_inv,0.5xATRH1,36351,41.1,19035,42.06
pattern,M1_tri0.3_N3_min1000,0.5xATRH1,35921,43.07,18713,43.18
pattern,M1_tri0.3_N3_min1000_inv,0.5xATRH1,36351,41.1,19035,42.06
pattern,M1_tri0.3_N3_min200,1xATRH1,9218,46.24,4892,46.5
pattern,M1_tri0.3_N3_min200_inv,1xATRH1,9258,45.93,4935,45.41
pattern,M1_tri0.3_N3_min1000,1xATRH1,9218,46.24,4892,46.5
pattern,M1_tri0.3_N3_min1000_inv,1xATRH1,9258,45.93,4935,45.41
pattern,M1_tri0.3_N3_min200,2xATRH1,2188,46.48,1235,45.59
pattern,M1_tri0.3_N3_min200_inv,2xATRH1,2190,47.81,1239,50.93
pattern,M1_tri0.3_N3_min1000,2xATRH1,2188,46.48,1235,45.59
pattern,M1_tri0.3_N3_min1000_inv,2xATRH1,2190,47.81,1239,50.93
pattern,M1_tri0.3_N3_min200,3xATRH1,958,46.14,530,49.25
pattern,M1_tri0.3_N3_min200_inv,3xATRH1,943,49.1,549,48.63
pattern,M1_tri0.3_N3_min1000,3xATRH1,958,46.14,530,49.25
pattern,M1_tri0.3_N3_min1000_inv,3xATRH1,943,49.1,549,48.63
pattern,M1_tri0.3_N3_min200,0.5xATRD1,1699,47.97,848,46.46
pattern,M1_tri0.3_N3_min200_inv,0.5xATRD1,1710,50.99,852,51.64
pattern,M1_tri0.3_N3_min1000,0.5xATRD1,1699,47.97,848,46.46
pattern,M1_tri0.3_N3_min1000_inv,0.5xATRD1,1710,50.99,852,51.64
pattern,M1_tri0.3_N3_min200,1xATRD1,448,50.67,223,55.16
pattern,M1_tri0.3_N3_min200_inv,1xATRD1,443,49.66,222,44.14
pattern,M1_tri0.3_N3_min1000,1xATRD1,448,50.67,223,55.16
pattern,M1_tri0.3_N3_min1000_inv,1xATRD1,443,49.66,222,44.14
pattern,M1_tri0.3_N3_min200,2xATRD1,101,51.49,61,60.66
pattern,M1_tri0.3_N3_min200_inv,2xATRD1,103,46.6,53,37.74
pattern,M1_tri0.3_N3_min1000,2xATRD1,101,51.49,61,60.66
pattern,M1_tri0.3_N3_min1000_inv,2xATRD1,103,46.6,53,37.74
pattern,M1_tri0.3_N3_min200,3xATRD1,50,54.0,26,69.23
pattern,M1_tri0.3_N3_min200_inv,3xATRD1,53,45.28,33,33.33
pattern,M1_tri0.3_N3_min1000,3xATRD1,50,54.0,26,69.23
pattern,M1_tri0.3_N3_min1000_inv,3xATRD1,53,45.28,33,33.33
pattern,M1_tri0.3_N3_min200,fix1,158454,36.75,95397,35.84
pattern,M1_tri0.3_N3_min200_inv,fix1,163172,34.02,96265,34.53
pattern,M1_tri0.3_N3_min1000,fix1,158454,36.75,95397,35.84
pattern,M1_tri0.3_N3_min1000_inv,fix1,163172,34.02,96265,34.53
pattern,M1_tri0.3_N3_min200,fix2,47375,43.75,28977,42.95
pattern,M1_tri0.3_N3_min200_inv,fix2,47766,41.51,29414,41.34
pattern,M1_tri0.3_N3_min1000,fix2,47375,43.75,28977,42.95
pattern,M1_tri0.3_N3_min1000_inv,fix2,47766,41.51,29414,41.34
pattern,M1_tri0.3_N3_min200,fix3,22111,45.82,13706,45.77
pattern,M1_tri0.3_N3_min200_inv,fix3,22458,44.47,13929,44.92
pattern,M1_tri0.3_N3_min1000,fix3,22111,45.82,13706,45.77
pattern,M1_tri0.3_N3_min1000_inv,fix3,22458,44.47,13929,44.92
pattern,M1_tri0.3_N3_min200,fix5,8424,47.67,5265,45.64
pattern,M1_tri0.3_N3_min200_inv,fix5,8482,46.07,5255,46.57
pattern,M1_tri0.3_N3_min1000,fix5,8424,47.67,5265,45.64
pattern,M1_tri0.3_N3_min1000_inv,fix5,8482,46.07,5255,46.57
pattern,M1_tri0.3_N3_min200,fix10,2245,48.86,1366,47.44
pattern,M1_tri0.3_N3_min200_inv,fix10,2263,47.81,1352,49.78
pattern,M1_tri0.3_N3_min1000,fix10,2245,48.86,1366,47.44
pattern,M1_tri0.3_N3_min1000_inv,fix10,2263,47.81,1352,49.78
pattern,M1_tri0.3_N4_min200,0.5xATRM15,128644,34.12,67693,33.38
pattern,M1_tri0.3_N4_min200_inv,0.5xATRM15,131555,32.14,68886,32.19
pattern,M1_tri0.3_N4_min1000,0.5xATRM15,128644,34.12,67693,33.38
pattern,M1_tri0.3_N4_min1000_inv,0.5xATRM15,131555,32.14,68886,32.19
pattern,M1_tri0.3_N4_min200,1xATRM15,31370,42.88,16363,42.85
pattern,M1_tri0.3_N4_min200_inv,1xATRM15,31933,41.14,16806,41.3
pattern,M1_tri0.3_N4_min1000,1xATRM15,31370,42.88,16363,42.85
pattern,M1_tri0.3_N4_min1000_inv,1xATRM15,31933,41.14,16806,41.3
pattern,M1_tri0.3_N4_min200,2xATRM15,6782,46.12,3674,45.32
pattern,M1_tri0.3_N4_min200_inv,2xATRM15,6829,46.96,3704,46.33
pattern,M1_tri0.3_N4_min1000,2xATRM15,6782,46.12,3674,45.32
pattern,M1_tri0.3_N4_min1000_inv,2xATRM15,6829,46.96,3704,46.33
pattern,M1_tri0.3_N4_min200,3xATRM15,2710,47.05,1501,47.37
pattern,M1_tri0.3_N4_min200_inv,3xATRM15,2669,48.74,1483,48.28
pattern,M1_tri0.3_N4_min1000,3xATRM15,2710,47.05,1501,47.37
pattern,M1_tri0.3_N4_min1000_inv,3xATRM15,2669,48.74,1483,48.28
pattern,M1_tri0.3_N4_min200,0.5xATRH1,35834,43.27,18694,43.32
pattern,M1_tri0.3_N4_min200_inv,0.5xATRH1,36458,41.01,19151,41.74
pattern,M1_tri0.3_N4_min1000,0.5xATRH1,35834,43.27,18694,43.32
pattern,M1_tri0.3_N4_min1000_inv,0.5xATRH1,36458,41.01,19151,41.74
pattern,M1_tri0.3_N4_min200,1xATRH1,9250,46.42,4854,46.85
pattern,M1_tri0.3_N4_min200_inv,1xATRH1,9229,45.55,4891,45.35
pattern,M1_tri0.3_N4_min1000,1xATRH1,9250,46.42,4854,46.85
pattern,M1_tri0.3_N4_min1000_inv,1xATRH1,9229,45.55,4891,45.35
pattern,M1_tri0.3_N4_min200,2xATRH1,2179,47.22,1221,48.24
pattern,M1_tri0.3_N4_min200_inv,2xATRH1,2229,48.05,1187,47.77
pattern,M1_tri0.3_N4_min1000,2xATRH1,2179,47.22,1221,48.24
pattern,M1_tri0.3_N4_min1000_inv,2xATRH1,2229,48.05,1187,47.77
pattern,M1_tri0.3_N4_min200,3xATRH1,964,48.96,554,47.29
pattern,M1_tri0.3_N4_min200_inv,3xATRH1,968,47.62,550,48.0
pattern,M1_tri0.3_N4_min1000,3xATRH1,964,48.96,554,47.29
pattern,M1_tri0.3_N4_min1000_inv,3xATRH1,968,47.62,550,48.0
pattern,M1_tri0.3_N4_min200,0.5xATRD1,1708,46.66,847,49.11
pattern,M1_tri0.3_N4_min200_inv,0.5xATRD1,1723,48.58,858,48.95
pattern,M1_tri0.3_N4_min1000,0.5xATRD1,1708,46.66,847,49.11
pattern,M1_tri0.3_N4_min1000_inv,0.5xATRD1,1723,48.58,858,48.95
pattern,M1_tri0.3_N4_min200,1xATRD1,443,48.31,217,47.0
pattern,M1_tri0.3_N4_min200_inv,1xATRD1,445,49.21,224,54.02
pattern,M1_tri0.3_N4_min1000,1xATRD1,443,48.31,217,47.0
pattern,M1_tri0.3_N4_min1000_inv,1xATRD1,445,49.21,224,54.02
pattern,M1_tri0.3_N4_min200,2xATRD1,101,53.47,69,55.07
pattern,M1_tri0.3_N4_min200_inv,2xATRD1,104,44.23,53,33.96
pattern,M1_tri0.3_N4_min1000,2xATRD1,101,53.47,69,55.07
pattern,M1_tri0.3_N4_min1000_inv,2xATRD1,104,44.23,53,33.96
pattern,M1_tri0.3_N4_min200,3xATRD1,50,50.0,25,60.0
pattern,M1_tri0.3_N4_min200_inv,3xATRD1,53,49.06,33,45.45
pattern,M1_tri0.3_N4_min1000,3xATRD1,50,50.0,25,60.0
pattern,M1_tri0.3_N4_min1000_inv,3xATRD1,53,49.06,33,45.45
pattern,M1_tri0.3_N4_min200,fix1,158804,36.45,95409,35.68
pattern,M1_tri0.3_N4_min200_inv,fix1,162525,34.4,96151,34.6
pattern,M1_tri0.3_N4_min1000,fix1,158804,36.45,95409,35.68
pattern,M1_tri0.3_N4_min1000_inv,fix1,162525,34.4,96151,34.6
pattern,M1_tri0.3_N4_min200,fix2,47510,43.44,28970,43.02
pattern,M1_tri0.3_N4_min200_inv,fix2,47767,41.38,29269,41.74
pattern,M1_tri0.3_N4_min1000,fix2,47510,43.44,28970,43.02
pattern,M1_tri0.3_N4_min1000_inv,fix2,47767,41.38,29269,41.74
pattern,M1_tri0.3_N4_min200,fix3,22153,45.58,13751,45.27
pattern,M1_tri0.3_N4_min200_inv,fix3,22468,44.45,13916,44.57
pattern,M1_tri0.3_N4_min1000,fix3,22153,45.58,13751,45.27
pattern,M1_tri0.3_N4_min1000_inv,fix3,22468,44.45,13916,44.57
pattern,M1_tri0.3_N4_min200,fix5,8403,48.19,5227,46.13
pattern,M1_tri0.3_N4_min200_inv,fix5,8459,46.88,5221,46.5
pattern,M1_tri0.3_N4_min1000,fix5,8403,48.19,5227,46.13
pattern,M1_tri0.3_N4_min1000_inv,fix5,8459,46.88,5221,46.5
pattern,M1_tri0.3_N4_min200,fix10,2226,47.8,1365,46.08
pattern,M1_tri0.3_N4_min200_inv,fix10,2242,48.57,1340,49.4
pattern,M1_tri0.3_N4_min1000,fix10,2226,47.8,1365,46.08
pattern,M1_tri0.3_N4_min1000_inv,fix10,2242,48.57,1340,49.4
pattern,M1_tri0.3_N5_min200,0.5xATRM15,129379,33.68,68309,33.03
pattern,M1_tri0.3_N5_min200_inv,0.5xATRM15,131017,32.55,68607,32.41
pattern,M1_tri0.3_N5_min1000,0.5xATRM15,130049,33.27,68540,32.51
pattern,M1_tri0.3_N5_min1000_inv,0.5xATRM15,129920,33.31,68245,32.62
pattern,M1_tri0.3_N5_min200,1xATRM15,31493,42.88,16649,42.34
pattern,M1_tri0.3_N5_min200_inv,1xATRM15,31955,41.32,16451,42.19
pattern,M1_tri0.3_N5_min1000,1xATRM15,31252,42.23,16796,41.3
pattern,M1_tri0.3_N5_min1000_inv,1xATRM15,31269,42.25,16736,41.24
pattern,M1_tri0.3_N5_min200,2xATRM15,6703,46.98,3652,45.54
pattern,M1_tri0.3_N5_min200_inv,2xATRM15,6784,46.05,3706,46.63
pattern,M1_tri0.3_N5_min1000,2xATRM15,6704,46.49,3678,44.73
pattern,M1_tri0.3_N5_min1000_inv,2xATRM15,6723,46.45,3664,44.21
pattern,M1_tri0.3_N5_min200,3xATRM15,2733,47.82,1532,47.45
pattern,M1_tri0.3_N5_min200_inv,3xATRM15,2641,48.35,1431,46.89
pattern,M1_tri0.3_N5_min1000,3xATRM15,2728,47.4,1481,44.63
pattern,M1_tri0.3_N5_min1000_inv,3xATRM15,2759,47.66,1503,44.58
pattern,M1_tri0.3_N5_min200,0.5xATRH1,35931,42.86,18862,42.72
pattern,M1_tri0.3_N5_min200_inv,0.5xATRH1,36246,41.7,19054,41.71
pattern,M1_tri0.3_N5_min1000,0.5xATRH1,36169,42.63,19046,41.51
pattern,M1_tri0.3_N5_min1000_inv,0.5xATRH1,36172,42.44,19032,41.25
pattern,M1_tri0.3_N5_min200,1xATRH1,9155,46.52,4902,45.98
pattern,M1_tri0.3_N5_min200_inv,1xATRH1,9256,45.69,4881,46.38
pattern,M1_tri0.3_N5_min1000,1xATRH1,9155,46.43,4860,44.38
pattern,M1_tri0.3_N5_min1000_inv,1xATRH1,9098,46.12,4860,44.67
pattern,M1_tri0.3_N5_min200,2xATRH1,2216,46.93,1214,48.02
pattern,M1_tri0.3_N5_min200_inv,2xATRH1,2229,49.04,1213,48.8
pattern,M1_tri0.3_N5_min1000,2xATRH1,2167,47.81,1244,46.06
pattern,M1_tri0.3_N5_min1000_inv,2xATRH1,2161,48.4,1235,44.7
pattern,M1_tri0.3_N5_min200,3xATRH1,978,49.69,535,44.86
pattern,M1_tri0.3_N5_min200_inv,3xATRH1,953,50.47,537,49.53
pattern,M1_tri0.3_N5_min1000,3xATRH1,991,48.74,547,52.65
pattern,M1_tri0.3_N5_min1000_inv,3xATRH1,973,47.07,557,53.68
pattern,M1_tri0.3_N5_min200,0.5xATRD1,1714,47.2,840,45.6
pattern,M1_tri0.3_N5_min200_inv,0.5xATRD1,1738,50.0,839,46.48
pattern,M1_tri0.3_N5_min1000,0.5xATRD1,1709,47.92,844,45.62
pattern,M1_tri0.3_N5_min1000_inv,0.5xATRD1,1687,47.72,842,46.08
pattern,M1_tri0.3_N5_min200,1xATRD1,438,45.43,207,54.59
pattern,M1_tri0.3_N5_min200_inv,1xATRD1,447,50.34,231,50.22
pattern,M1_tri0.3_N5_min1000,1xATRD1,444,51.8,227,55.51
pattern,M1_tri0.3_N5_min1000_inv,1xATRD1,446,51.12,229,53.28
pattern,M1_tri0.3_N5_min200,2xATRD1,101,48.51,63,53.97
pattern,M1_tri0.3_N5_min200_inv,2xATRD1,113,51.33,66,51.52
pattern,M1_tri0.3_N5_min1000,2xATRD1,101,52.48,61,60.66
pattern,M1_tri0.3_N5_min1000_inv,2xATRD1,101,50.5,61,59.02
pattern,M1_tri0.3_N5_min200,3xATRD1,50,50.0,27,74.07
pattern,M1_tri0.3_N5_min200_inv,3xATRD1,53,54.72,33,45.45
pattern,M1_tri0.3_N5_min1000,3xATRD1,50,54.0,26,69.23
pattern,M1_tri0.3_N5_min1000_inv,3xATRD1,50,54.0,26,69.23
pattern,M1_tri0.3_N5_min200,fix1,159125,36.26,95438,35.34
pattern,M1_tri0.3_N5_min200_inv,fix1,162494,34.56,96308,34.67
pattern,M1_tri0.3_N5_min1000,fix1,160639,35.54,95866,34.73
pattern,M1_tri0.3_N5_min1000_inv,fix1,160681,35.48,95826,34.66
pattern,M1_tri0.3_N5_min200,fix2,47519,43.16,29036,43.1
pattern,M1_tri0.3_N5_min200_inv,fix2,47705,41.71,29279,41.86
pattern,M1_tri0.3_N5_min1000,fix2,47754,42.67,29303,41.91
pattern,M1_tri0.3_N5_min1000_inv,fix2,47768,42.69,29315,41.87
pattern,M1_tri0.3_N5_min200,fix3,22387,45.65,13758,44.86
pattern,M1_tri0.3_N5_min200_inv,fix3,22476,44.4,13780,44.67
pattern,M1_tri0.3_N5_min1000,fix3,22334,45.02,13871,43.96
pattern,M1_tri0.3_N5_min1000_inv,fix3,22385,45.04,13818,44.18
pattern,M1_tri0.3_N5_min200,fix5,8408,47.47,5239,46.33
pattern,M1_tri0.3_N5_min200_inv,fix5,8504,46.72,5247,47.59
pattern,M1_tri0.3_N5_min1000,fix5,8368,47.02,5144,46.01
pattern,M1_tri0.3_N5_min1000_inv,fix5,8383,46.99,5145,45.46
pattern,M1_tri0.3_N5_min200,fix10,2233,48.9,1355,49.0
pattern,M1_tri0.3_N5_min200_inv,fix10,2237,48.59,1320,51.29
pattern,M1_tri0.3_N5_min1000,fix10,2251,48.69,1349,51.15
pattern,M1_tri0.3_N5_min1000_inv,fix10,2226,48.56,1367,50.84
pattern,M1_tri0.3_N6_min200,0.5xATRM15,129410,33.8,68528,32.95
pattern,M1_tri0.3_N6_min200_inv,0.5xATRM15,131010,32.34,68520,32.57
pattern,M1_tri0.3_N6_min200,1xATRM15,31653,42.92,16520,41.37
pattern,M1_tri0.3_N6_min200_inv,1xATRM15,31552,41.24,16560,42.36
pattern,M1_tri0.3_N6_min200,2xATRM15,6783,46.88,3680,45.16
pattern,M1_tri0.3_N6_min200_inv,2xATRM15,6677,46.58,3674,46.82
pattern,M1_tri0.3_N6_min200,3xATRM15,2771,48.97,1502,49.0
pattern,M1_tri0.3_N6_min200_inv,3xATRM15,2714,47.75,1422,46.48
pattern,M1_tri0.3_N6_min200,0.5xATRH1,36034,43.06,18901,42.83
pattern,M1_tri0.3_N6_min200_inv,0.5xATRH1,36302,41.86,19042,41.88
pattern,M1_tri0.3_N6_min200,1xATRH1,9157,46.76,4862,45.56
pattern,M1_tri0.3_N6_min200_inv,1xATRH1,9217,45.57,4865,46.95
pattern,M1_tri0.3_N6_min200,2xATRH1,2229,47.91,1239,48.51
pattern,M1_tri0.3_N6_min200_inv,2xATRH1,2179,49.2,1203,48.13
pattern,M1_tri0.3_N6_min200,3xATRH1,980,50.82,556,48.56
pattern,M1_tri0.3_N6_min200_inv,3xATRH1,979,48.62,523,49.52
pattern,M1_tri0.3_N6_min200,0.5xATRD1,1716,48.08,849,46.64
pattern,M1_tri0.3_N6_min200_inv,0.5xATRD1,1735,48.18,831,48.38
pattern,M1_tri0.3_N6_min200,1xATRD1,442,51.13,226,57.96
pattern,M1_tri0.3_N6_min200_inv,1xATRD1,446,44.62,221,49.32
pattern,M1_tri0.3_N6_min200,2xATRD1,99,50.51,63,61.9
pattern,M1_tri0.3_N6_min200_inv,2xATRD1,110,56.36,60,45.0
pattern,M1_tri0.3_N6_min200,3xATRD1,50,52.0,26,65.38
pattern,M1_tri0.3_N6_min200_inv,3xATRD1,47,53.19,33,54.55
pattern,M1_tri0.3_N6_min200,fix1,159523,36.12,95272,35.38
pattern,M1_tri0.3_N6_min200_inv,fix1,162213,34.43,95987,34.8
pattern,M1_tri0.3_N6_min200,fix2,47633,42.85,29076,42.8
pattern,M1_tri0.3_N6_min200_inv,fix2,47708,41.64,29077,42.15
pattern,M1_tri0.3_N6_min200,fix3,22284,45.35,13835,44.37
pattern,M1_tri0.3_N6_min200_inv,fix3,22427,44.18,13729,45.36
pattern,M1_tri0.3_N6_min200,fix5,8347,46.78,5236,45.55
pattern,M1_tri0.3_N6_min200_inv,fix5,8506,46.79,5229,46.85
pattern,M1_tri0.3_N6_min200,fix10,2250,47.6,1340,49.78
pattern,M1_tri0.3_N6_min200_inv,fix10,2268,50.13,1362,48.9
pattern,M5_sign_N1_min200,0.5xATRM15,129535,33.65,67748,33.28
pattern,M5_sign_N1_min200_inv,0.5xATRM15,130751,32.59,68886,32.4
pattern,M5_sign_N1_min1000,0.5xATRM15,129535,33.65,67748,33.28
pattern,M5_sign_N1_min1000_inv,0.5xATRM15,130751,32.59,68886,32.4
pattern,M5_sign_N1_min200,1xATRM15,31181,42.1,16790,41.38
pattern,M5_sign_N1_min200_inv,1xATRM15,31418,42.23,16438,43.42
pattern,M5_sign_N1_min1000,1xATRM15,31181,42.1,16790,41.38
pattern,M5_sign_N1_min1000_inv,1xATRM15,31418,42.23,16438,43.42
pattern,M5_sign_N1_min200,2xATRM15,6717,46.49,3671,44.48
pattern,M5_sign_N1_min200_inv,2xATRM15,6754,46.71,3557,48.21
pattern,M5_sign_N1_min1000,2xATRM15,6717,46.49,3671,44.48
pattern,M5_sign_N1_min1000_inv,2xATRM15,6754,46.71,3557,48.21
pattern,M5_sign_N1_min200,3xATRM15,2727,48.22,1447,48.03
pattern,M5_sign_N1_min200_inv,3xATRM15,2708,47.75,1496,48.66
pattern,M5_sign_N1_min1000,3xATRM15,2727,48.22,1447,48.03
pattern,M5_sign_N1_min1000_inv,3xATRM15,2708,47.75,1496,48.66
pattern,M5_sign_N1_min200,0.5xATRH1,36116,42.51,19043,41.47
pattern,M5_sign_N1_min200_inv,0.5xATRH1,35991,42.46,18841,43.56
pattern,M5_sign_N1_min1000,0.5xATRH1,36116,42.51,19043,41.47
pattern,M5_sign_N1_min1000_inv,0.5xATRH1,35991,42.46,18841,43.56
pattern,M5_sign_N1_min200,1xATRH1,9126,46.15,4869,44.69
pattern,M5_sign_N1_min200_inv,1xATRH1,9243,46.31,4826,48.05
pattern,M5_sign_N1_min1000,1xATRH1,9126,46.15,4869,44.69
pattern,M5_sign_N1_min1000_inv,1xATRH1,9243,46.31,4826,48.05
pattern,M5_sign_N1_min200,2xATRH1,2168,47.92,1236,45.47
pattern,M5_sign_N1_min200_inv,2xATRH1,2278,48.16,1212,50.99
pattern,M5_sign_N1_min1000,2xATRH1,2168,47.92,1236,45.47
pattern,M5_sign_N1_min1000_inv,2xATRH1,2278,48.16,1212,50.99
pattern,M5_sign_N1_min200,3xATRH1,984,48.58,552,53.26
pattern,M5_sign_N1_min200_inv,3xATRH1,936,48.93,544,44.67
pattern,M5_sign_N1_min1000,3xATRH1,984,48.58,552,53.26
pattern,M5_sign_N1_min1000_inv,3xATRH1,936,48.93,544,44.67
pattern,M5_sign_N1_min200,0.5xATRD1,1704,48.36,844,45.62
pattern,M5_sign_N1_min200_inv,0.5xATRD1,1703,48.85,860,51.63
pattern,M5_sign_N1_min1000,0.5xATRD1,1704,48.36,844,45.62
pattern,M5_sign_N1_min1000_inv,0.5xATRD1,1703,48.85,860,51.63
pattern,M5_sign_N1_min200,1xATRD1,445,50.79,227,55.51
pattern,M5_sign_N1_min200_inv,1xATRD1,427,48.01,225,42.67
pattern,M5_sign_N1_min1000,1xATRD1,445,50.79,227,55.51
pattern,M5_sign_N1_min1000_inv,1xATRD1,427,48.01,225,42.67
pattern,M5_sign_N1_min200,2xATRD1,101,51.49,61,60.66
pattern,M5_sign_N1_min200_inv,2xATRD1,103,46.6,53,37.74
pattern,M5_sign_N1_min1000,2xATRD1,101,51.49,61,60.66
pattern,M5_sign_N1_min1000_inv,2xATRD1,103,46.6,53,37.74
pattern,M5_sign_N1_min200,3xATRD1,50,54.0,26,69.23
pattern,M5_sign_N1_min200_inv,3xATRD1,53,45.28,33,33.33
pattern,M5_sign_N1_min1000,3xATRD1,50,54.0,26,69.23
pattern,M5_sign_N1_min1000_inv,3xATRD1,53,45.28,33,33.33
pattern,M5_sign_N1_min200,fix1,159493,35.99,95252,35.73
pattern,M5_sign_N1_min200_inv,fix1,161849,34.72,96221,34.79
pattern,M5_sign_N1_min1000,fix1,159493,35.99,95252,35.73
pattern,M5_sign_N1_min1000_inv,fix1,161849,34.72,96221,34.79
pattern,M5_sign_N1_min200,fix2,47749,42.6,29310,41.95
pattern,M5_sign_N1_min200_inv,fix2,47581,42.74,28994,43.16
pattern,M5_sign_N1_min1000,fix2,47749,42.6,29310,41.95
pattern,M5_sign_N1_min1000_inv,fix2,47581,42.74,28994,43.16
pattern,M5_sign_N1_min200,fix3,22329,45.07,13862,44.08
pattern,M5_sign_N1_min200_inv,fix3,22283,45.25,13817,45.94
pattern,M5_sign_N1_min1000,fix3,22329,45.07,13862,44.08
pattern,M5_sign_N1_min1000_inv,fix3,22283,45.25,13817,45.94
pattern,M5_sign_N1_min200,fix5,8372,46.99,5167,45.54
pattern,M5_sign_N1_min200_inv,fix5,8467,47.19,5202,48.44
pattern,M5_sign_N1_min1000,fix5,8372,46.99,5167,45.54
pattern,M5_sign_N1_min1000_inv,fix5,8467,47.19,5202,48.44
pattern,M5_sign_N1_min200,fix10,2244,48.62,1365,50.99
pattern,M5_sign_N1_min200_inv,fix10,2214,48.19,1373,46.1
pattern,M5_sign_N1_min1000,fix10,2244,48.62,1365,50.99
pattern,M5_sign_N1_min1000_inv,fix10,2214,48.19,1373,46.1
pattern,M5_sign_N2_min200,0.5xATRM15,129186,33.66,68018,32.95
pattern,M5_sign_N2_min200_inv,0.5xATRM15,130720,32.56,68460,33.02
pattern,M5_sign_N2_min1000,0.5xATRM15,129186,33.66,68018,32.95
pattern,M5_sign_N2_min1000_inv,0.5xATRM15,130720,32.56,68460,33.02
pattern,M5_sign_N2_min200,1xATRM15,31181,42.1,16790,41.38
pattern,M5_sign_N2_min200_inv,1xATRM15,31418,42.23,16438,43.42
pattern,M5_sign_N2_min1000,1xATRM15,31181,42.1,16790,41.38
pattern,M5_sign_N2_min1000_inv,1xATRM15,31418,42.23,16438,43.42
pattern,M5_sign_N2_min200,2xATRM15,6717,46.49,3671,44.48
pattern,M5_sign_N2_min200_inv,2xATRM15,6754,46.71,3557,48.21
pattern,M5_sign_N2_min1000,2xATRM15,6717,46.49,3671,44.48
pattern,M5_sign_N2_min1000_inv,2xATRM15,6754,46.71,3557,48.21
pattern,M5_sign_N2_min200,3xATRM15,2693,48.31,1442,47.78
pattern,M5_sign_N2_min200_inv,3xATRM15,2719,47.89,1488,48.72
pattern,M5_sign_N2_min1000,3xATRM15,2693,48.31,1442,47.78
pattern,M5_sign_N2_min1000_inv,3xATRM15,2719,47.89,1488,48.72
pattern,M5_sign_N2_min200,0.5xATRH1,36251,42.66,18786,42.65
pattern,M5_sign_N2_min200_inv,0.5xATRH1,36221,41.89,19025,43.14
pattern,M5_sign_N2_min1000,0.5xATRH1,36251,42.66,18786,42.65
pattern,M5_sign_N2_min1000_inv,0.5xATRH1,36221,41.89,19025,43.14
pattern,M5_sign_N2_min200,1xATRH1,9182,46.14,4895,45.78
pattern,M5_sign_N2_min200_inv,1xATRH1,9218,46.04,4848,46.14
pattern,M5_sign_N2_min1000,1xATRH1,9182,46.14,4895,45.78
pattern,M5_sign_N2_min1000_inv,1xATRH1,9218,46.04,4848,46.14
pattern,M5_sign_N2_min200,2xATRH1,2168,47.92,1236,45.47
pattern,M5_sign_N2_min200_inv,2xATRH1,2278,48.16,1212,50.99
pattern,M5_sign_N2_min1000,2xATRH1,2168,47.92,1236,45.47
pattern,M5_sign_N2_min1000_inv,2xATRH1,2278,48.16,1212,50.99
pattern,M5_sign_N2_min200,3xATRH1,984,48.58,552,53.26
pattern,M5_sign_N2_min200_inv,3xATRH1,936,48.93,544,44.67
pattern,M5_sign_N2_min1000,3xATRH1,984,48.58,552,53.26
pattern,M5_sign_N2_min1000_inv,3xATRH1,936,48.93,544,44.67
pattern,M5_sign_N2_min200,0.5xATRD1,1693,47.55,825,48.97
pattern,M5_sign_N2_min200_inv,0.5xATRD1,1722,49.36,851,49.24
pattern,M5_sign_N2_min1000,0.5xATRD1,1693,47.55,825,48.97
pattern,M5_sign_N2_min1000_inv,0.5xATRD1,1722,49.36,851,49.24
pattern,M5_sign_N2_min200,1xATRD1,445,50.79,227,55.51
pattern,M5_sign_N2_min200_inv,1xATRD1,427,48.01,225,42.67
pattern,M5_sign_N2_min1000,1xATRD1,445,50.79,227,55.51
pattern,M5_sign_N2_min1000_inv,1xATRD1,427,48.01,225,42.67
pattern,M5_sign_N2_min200,2xATRD1,101,51.49,61,60.66
pattern,M5_sign_N2_min200_inv,2xATRD1,103,46.6,53,37.74
pattern,M5_sign_N2_min1000,2xATRD1,101,51.49,61,60.66
pattern,M5_sign_N2_min1000_inv,2xATRD1,103,46.6,53,37.74
pattern,M5_sign_N2_min200,3xATRD1,50,54.0,26,69.23
pattern,M5_sign_N2_min200_inv,3xATRD1,53,45.28,33,33.33
pattern,M5_sign_N2_min1000,3xATRD1,50,54.0,26,69.23
pattern,M5_sign_N2_min1000_inv,3xATRD1,53,45.28,33,33.33
pattern,M5_sign_N2_min200,fix1,159799,35.99,95436,35.26
pattern,M5_sign_N2_min200_inv,fix1,161428,34.79,95723,35.11
pattern,M5_sign_N2_min1000,fix1,159799,35.99,95436,35.26
pattern,M5_sign_N2_min1000_inv,fix1,161428,34.79,95723,35.11
pattern,M5_sign_N2_min200,fix2,47559,43.26,29023,42.7
pattern,M5_sign_N2_min200_inv,fix2,47906,41.65,29191,42.55
pattern,M5_sign_N2_min1000,fix2,47559,43.26,29023,42.7
pattern,M5_sign_N2_min1000_inv,fix2,47906,41.65,29191,42.55
pattern,M5_sign_N2_min200,fix3,22329,45.07,13862,44.08
pattern,M5_sign_N2_min200_inv,fix3,22283,45.25,13817,45.94
pattern,M5_sign_N2_min1000,fix3,22329,45.07,13862,44.08
pattern,M5_sign_N2_min1000_inv,fix3,22283,45.25,13817,45.94
pattern,M5_sign_N2_min200,fix5,8372,46.99,5167,45.54
pattern,M5_sign_N2_min200_inv,fix5,8467,47.19,5202,48.44
pattern,M5_sign_N2_min1000,fix5,8372,46.99,5167,45.54
pattern,M5_sign_N2_min1000_inv,fix5,8467,47.19,5202,48.44
pattern,M5_sign_N2_min200,fix10,2243,48.37,1335,52.36
pattern,M5_sign_N2_min200_inv,fix10,2254,47.87,1378,46.81
pattern,M5_sign_N2_min1000,fix10,2243,48.37,1335,52.36
pattern,M5_sign_N2_min1000_inv,fix10,2254,47.87,1378,46.81
pattern,M5_sign_N3_min200,0.5xATRM15,129186,33.66,68018,32.95
pattern,M5_sign_N3_min200_inv,0.5xATRM15,130720,32.56,68460,33.02
pattern,M5_sign_N3_min1000,0.5xATRM15,129186,33.66,68018,32.95
pattern,M5_sign_N3_min1000_inv,0.5xATRM15,130720,32.56,68460,33.02
pattern,M5_sign_N3_min200,1xATRM15,31178,42.52,16713,41.58
pattern,M5_sign_N3_min200_inv,1xATRM15,31601,42.0,16785,42.72
pattern,M5_sign_N3_min1000,1xATRM15,31178,42.52,16713,41.58
pattern,M5_sign_N3_min1000_inv,1xATRM15,31601,42.0,16785,42.72
pattern,M5_sign_N3_min200,2xATRM15,6717,46.49,3671,44.48
pattern,M5_sign_N3_min200_inv,2xATRM15,6754,46.71,3557,48.21
pattern,M5_sign_N3_min1000,2xATRM15,6717,46.49,3671,44.48
pattern,M5_sign_N3_min1000_inv,2xATRM15,6754,46.71,3557,48.21
pattern,M5_sign_N3_min200,3xATRM15,2764,47.79,1457,49.28
pattern,M5_sign_N3_min200_inv,3xATRM15,2723,48.0,1532,44.71
pattern,M5_sign_N3_min1000,3xATRM15,2764,47.79,1457,49.28
pattern,M5_sign_N3_min1000_inv,3xATRM15,2723,48.0,1532,44.71
pattern,M5_sign_N3_min200,0.5xATRH1,36105,42.79,18925,42.13
pattern,M5_sign_N3_min200_inv,0.5xATRH1,36011,42.12,18862,43.2
pattern,M5_sign_N3_min1000,0.5xATRH1,36105,42.79,18925,42.13
pattern,M5_sign_N3_min1000_inv,0.5xATRH1,36011,42.12,18862,43.2
pattern,M5_sign_N3_min200,1xATRH1,9239,46.51,4864,45.68
pattern,M5_sign_N3_min200_inv,1xATRH1,9205,45.78,4842,46.47
pattern,M5_sign_N3_min1000,1xATRH1,9239,46.51,4864,45.68
pattern,M5_sign_N3_min1000_inv,1xATRH1,9205,45.78,4842,46.47
pattern,M5_sign_N3_min200,2xATRH1,2168,47.92,1236,45.47
pattern,M5_sign_N3_min200_inv,2xATRH1,2278,48.16,1212,50.99
pattern,M5_sign_N3_min1000,2xATRH1,2168,47.92,1236,45.47
pattern,M5_sign_N3_min1000_inv,2xATRH1,2278,48.16,1212,50.99
pattern,M5_sign_N3_min200,3xATRH1,964,49.79,540,51.48
pattern,M5_sign_N3_min200_inv,3xATRH1,950,48.63,521,45.49
pattern,M5_sign_N3_min1000,3xATRH1,964,49.79,540,51.48
pattern,M5_sign_N3_min1000_inv,3xATRH1,950,48.63,521,45.49
pattern,M5_sign_N3_min200,0.5xATRD1,1710,49.3,820,49.02
pattern,M5_sign_N3_min200_inv,0.5xATRD1,1701,49.09,857,49.71
pattern,M5_sign_N3_min1000,0.5xATRD1,1710,49.3,820,49.02
pattern,M5_sign_N3_min1000_inv,0.5xATRD1,1701,49.09,857,49.71
pattern,M5_sign_N3_min200,1xATRD1,445,50.79,227,55.51
pattern,M5_sign_N3_min200_inv,1xATRD1,427,48.01,225,42.67
pattern,M5_sign_N3_min1000,1xATRD1,445,50.79,227,55.51
pattern,M5_sign_N3_min1000_inv,1xATRD1,427,48.01,225,42.67
pattern,M5_sign_N3_min200,2xATRD1,101,51.49,61,60.66
pattern,M5_sign_N3_min200_inv,2xATRD1,103,46.6,53,37.74
pattern,M5_sign_N3_min1000,2xATRD1,101,51.49,61,60.66
pattern,M5_sign_N3_min1000_inv,2xATRD1,103,46.6,53,37.74
pattern,M5_sign_N3_min200,3xATRD1,50,54.0,26,69.23
pattern,M5_sign_N3_min200_inv,3xATRD1,53,45.28,33,33.33
pattern,M5_sign_N3_min1000,3xATRD1,50,54.0,26,69.23
pattern,M5_sign_N3_min1000_inv,3xATRD1,53,45.28,33,33.33
pattern,M5_sign_N3_min200,fix1,159799,35.99,95436,35.26
pattern,M5_sign_N3_min200_inv,fix1,161428,34.79,95723,35.11
pattern,M5_sign_N3_min1000,fix1,159799,35.99,95436,35.26
pattern,M5_sign_N3_min1000_inv,fix1,161428,34.79,95723,35.11
pattern,M5_sign_N3_min200,fix2,47559,43.26,29023,42.7
pattern,M5_sign_N3_min200_inv,fix2,47906,41.65,29191,42.55
pattern,M5_sign_N3_min1000,fix2,47559,43.26,29023,42.7
pattern,M5_sign_N3_min1000_inv,fix2,47906,41.65,29191,42.55
pattern,M5_sign_N3_min200,fix3,22238,45.54,13729,44.71
pattern,M5_sign_N3_min200_inv,fix3,22243,44.57,13865,45.27
pattern,M5_sign_N3_min1000,fix3,22238,45.54,13729,44.71
pattern,M5_sign_N3_min1000_inv,fix3,22243,44.57,13865,45.27
pattern,M5_sign_N3_min200,fix5,8326,47.06,5187,45.73
pattern,M5_sign_N3_min200_inv,fix5,8470,46.74,5247,48.68
pattern,M5_sign_N3_min1000,fix5,8326,47.06,5187,45.73
pattern,M5_sign_N3_min1000_inv,fix5,8470,46.74,5247,48.68
pattern,M5_sign_N3_min200,fix10,2210,48.1,1339,52.58
pattern,M5_sign_N3_min200_inv,fix10,2201,49.8,1377,45.03
pattern,M5_sign_N3_min1000,fix10,2210,48.1,1339,52.58
pattern,M5_sign_N3_min1000_inv,fix10,2201,49.8,1377,45.03
pattern,M5_sign_N4_min200,0.5xATRM15,129263,33.62,67908,33.11
pattern,M5_sign_N4_min200_inv,0.5xATRM15,130583,32.62,68693,32.82
pattern,M5_sign_N4_min1000,0.5xATRM15,129263,33.62,67908,33.11
pattern,M5_sign_N4_min1000_inv,0.5xATRM15,130583,32.62,68693,32.82
pattern,M5_sign_N4_min200,1xATRM15,31421,42.32,16750,41.98
pattern,M5_sign_N4_min200_inv,1xATRM15,31683,41.7,16628,42.89
pattern,M5_sign_N4_min1000,1xATRM15,31421,42.32,16750,41.98
pattern,M5_sign_N4_min1000_inv,1xATRM15,31683,41.7,16628,42.89
pattern,M5_sign_N4_min200,2xATRM15,6735,46.67,3665,45.1
pattern,M5_sign_N4_min200_inv,2xATRM15,6818,46.79,3564,47.53
pattern,M5_sign_N4_min1000,2xATRM15,6735,46.67,3665,45.1
pattern,M5_sign_N4_min1000_inv,2xATRM15,6818,46.79,3564,47.53
pattern,M5_sign_N4_min200,3xATRM15,2698,47.52,1404,47.86
pattern,M5_sign_N4_min200_inv,3xATRM15,2703,47.95,1571,46.98
pattern,M5_sign_N4_min1000,3xATRM15,2698,47.52,1404,47.86
pattern,M5_sign_N4_min1000_inv,3xATRM15,2703,47.95,1571,46.98
pattern,M5_sign_N4_min200,0.5xATRH1,36264,42.51,18880,42.17
pattern,M5_sign_N4_min200_inv,0.5xATRH1,36230,42.03,19005,43.11
pattern,M5_sign_N4_min1000,0.5xATRH1,36264,42.51,18880,42.17
pattern,M5_sign_N4_min1000_inv,0.5xATRH1,36230,42.03,19005,43.11
pattern,M5_sign_N4_min200,1xATRH1,9143,46.92,4858,47.32
pattern,M5_sign_N4_min200_inv,1xATRH1,9191,45.61,4850,45.48
pattern,M5_sign_N4_min1000,1xATRH1,9143,46.92,4858,47.32
pattern,M5_sign_N4_min1000_inv,1xATRH1,9191,45.61,4850,45.48
pattern,M5_sign_N4_min200,2xATRH1,2249,47.18,1220,45.16
pattern,M5_sign_N4_min200_inv,2xATRH1,2211,48.44,1222,50.41
pattern,M5_sign_N4_min1000,2xATRH1,2249,47.18,1220,45.16
pattern,M5_sign_N4_min1000_inv,2xATRH1,2211,48.44,1222,50.41
pattern,M5_sign_N4_min200,3xATRH1,979,48.52,554,51.26
pattern,M5_sign_N4_min200_inv,3xATRH1,948,49.47,520,43.65
pattern,M5_sign_N4_min1000,3xATRH1,979,48.52,554,51.26
pattern,M5_sign_N4_min1000_inv,3xATRH1,948,49.47,520,43.65
pattern,M5_sign_N4_min200,0.5xATRD1,1703,48.62,843,50.3
pattern,M5_sign_N4_min200_inv,0.5xATRD1,1699,47.68,849,45.58
pattern,M5_sign_N4_min1000,0.5xATRD1,1703,48.62,843,50.3
pattern,M5_sign_N4_min1000_inv,0.5xATRD1,1699,47.68,849,45.58
pattern,M5_sign_N4_min200,1xATRD1,435,51.72,227,55.51
pattern,M5_sign_N4_min200_inv,1xATRD1,422,47.39,221,42.99
pattern,M5_sign_N4_min1000,1xATRD1,435,51.72,227,55.51
pattern,M5_sign_N4_min1000_inv,1xATRD1,422,47.39,221,42.99
pattern,M5_sign_N4_min200,2xATRD1,101,51.49,61,60.66
pattern,M5_sign_N4_min200_inv,2xATRD1,103,46.6,53,37.74
pattern,M5_sign_N4_min1000,2xATRD1,101,51.49,61,60.66
pattern,M5_sign_N4_min1000_inv,2xATRD1,103,46.6,53,37.74
pattern,M5_sign_N4_min200,3xATRD1,50,54.0,26,69.23
pattern,M5_sign_N4_min200_inv,3xATRD1,53,45.28,33,33.33
pattern,M5_sign_N4_min1000,3xATRD1,50,54.0,26,69.23
pattern,M5_sign_N4_min1000_inv,3xATRD1,53,45.28,33,33.33
pattern,M5_sign_N4_min200,fix1,159827,35.98,95363,35.44
pattern,M5_sign_N4_min200_inv,fix1,161570,34.82,95869,35.11
pattern,M5_sign_N4_min1000,fix1,159827,35.98,95363,35.44
pattern,M5_sign_N4_min1000_inv,fix1,161570,34.82,95869,35.11
pattern,M5_sign_N4_min200,fix2,47559,43.26,29023,42.7
pattern,M5_sign_N4_min200_inv,fix2,47906,41.65,29191,42.55
pattern,M5_sign_N4_min1000,fix2,47559,43.26,29023,42.7
pattern,M5_sign_N4_min1000_inv,fix2,47906,41.65,29191,42.55
pattern,M5_sign_N4_min200,fix3,22234,45.38,13737,45.08
pattern,M5_sign_N4_min200_inv,fix3,22262,44.44,13841,45.42
pattern,M5_sign_N4_min1000,fix3,22234,45.38,13737,45.08
pattern,M5_sign_N4_min1000_inv,fix3,22262,44.44,13841,45.42
pattern,M5_sign_N4_min200,fix5,8416,47.52,5183,45.73
pattern,M5_sign_N4_min200_inv,fix5,8465,46.9,5221,47.42
pattern,M5_sign_N4_min1000,fix5,8416,47.52,5183,45.73
pattern,M5_sign_N4_min1000_inv,fix5,8465,46.9,5221,47.42
pattern,M5_sign_N4_min200,fix10,2245,48.02,1350,49.7
pattern,M5_sign_N4_min200_inv,fix10,2230,48.39,1372,47.23
pattern,M5_sign_N4_min1000,fix10,2245,48.02,1350,49.7
pattern,M5_sign_N4_min1000_inv,fix10,2230,48.39,1372,47.23
pattern,M5_sign_N5_min200,0.5xATRM15,129482,33.64,67880,33.04
pattern,M5_sign_N5_min200_inv,0.5xATRM15,130813,32.47,68711,32.7
pattern,M5_sign_N5_min1000,0.5xATRM15,129482,33.64,67880,33.04
pattern,M5_sign_N5_min1000_inv,0.5xATRM15,130813,32.47,68711,32.7
pattern,M5_sign_N5_min200,1xATRM15,31427,42.02,16745,42.1
pattern,M5_sign_N5_min200_inv,1xATRM15,31583,41.97,16580,42.42
pattern,M5_sign_N5_min1000,1xATRM15,31427,42.02,16745,42.1
pattern,M5_sign_N5_min1000_inv,1xATRM15,31583,41.97,16580,42.42
pattern,M5_sign_N5_min200,2xATRM15,6759,46.87,3750,45.07
pattern,M5_sign_N5_min200_inv,2xATRM15,6673,46.1,3625,45.82
pattern,M5_sign_N5_min1000,2xATRM15,6759,46.87,3750,45.07
pattern,M5_sign_N5_min1000_inv,2xATRM15,6673,46.1,3625,45.82
pattern,M5_sign_N5_min200,3xATRM15,2731,47.46,1452,46.76
pattern,M5_sign_N5_min200_inv,3xATRM15,2712,47.6,1521,48.13
pattern,M5_sign_N5_min1000,3xATRM15,2731,47.46,1452,46.76
pattern,M5_sign_N5_min1000_inv,3xATRM15,2712,47.6,1521,48.13
pattern,M5_sign_N5_min200,0.5xATRH1,36255,42.38,18785,42.42
pattern,M5_sign_N5_min200_inv,0.5xATRH1,36101,42.1,18917,42.35
pattern,M5_sign_N5_min1000,0.5xATRH1,36255,42.38,18785,42.42
pattern,M5_sign_N5_min1000_inv,0.5xATRH1,36101,42.1,18917,42.35
pattern,M5_sign_N5_min200,1xATRH1,9190,47.11,4877,47.63
pattern,M5_sign_N5_min200_inv,1xATRH1,9194,45.26,4846,45.91
pattern,M5_sign_N5_min1000,1xATRH1,9190,47.11,4877,47.63
pattern,M5_sign_N5_min1000_inv,1xATRH1,9194,45.26,4846,45.91
pattern,M5_sign_N5_min200,2xATRH1,2175,47.82,1252,46.73
pattern,M5_sign_N5_min200_inv,2xATRH1,2240,47.1,1197,47.95
pattern,M5_sign_N5_min1000,2xATRH1,2175,47.82,1252,46.73
pattern,M5_sign_N5_min1000_inv,2xATRH1,2240,47.1,1197,47.95
pattern,M5_sign_N5_min200,3xATRH1,962,49.58,541,53.05
pattern,M5_sign_N5_min200_inv,3xATRH1,948,49.89,531,45.01
pattern,M5_sign_N5_min1000,3xATRH1,962,49.58,541,53.05
pattern,M5_sign_N5_min1000_inv,3xATRH1,948,49.89,531,45.01
pattern,M5_sign_N5_min200,0.5xATRD1,1696,49.76,836,50.72
pattern,M5_sign_N5_min200_inv,0.5xATRD1,1744,47.48,831,48.74
pattern,M5_sign_N5_min1000,0.5xATRD1,1696,49.76,836,50.72
pattern,M5_sign_N5_min1000_inv,0.5xATRD1,1744,47.48,831,48.74
pattern,M5_sign_N5_min200,1xATRD1,441,49.66,227,55.07
pattern,M5_sign_N5_min200_inv,1xATRD1,451,47.01,224,42.41
pattern,M5_sign_N5_min1000,1xATRD1,441,49.66,227,55.07
pattern,M5_sign_N5_min1000_inv,1xATRD1,451,47.01,224,42.41
pattern,M5_sign_N5_min200,2xATRD1,101,51.49,61,60.66
pattern,M5_sign_N5_min200_inv,2xATRD1,103,46.6,53,37.74
pattern,M5_sign_N5_min1000,2xATRD1,101,51.49,61,60.66
pattern,M5_sign_N5_min1000_inv,2xATRD1,103,46.6,53,37.74
pattern,M5_sign_N5_min200,3xATRD1,50,54.0,26,69.23
pattern,M5_sign_N5_min200_inv,3xATRD1,53,45.28,33,33.33
pattern,M5_sign_N5_min1000,3xATRD1,50,54.0,26,69.23
pattern,M5_sign_N5_min1000_inv,3xATRD1,53,45.28,33,33.33
pattern,M5_sign_N5_min200,fix1,159609,35.98,95218,35.68
pattern,M5_sign_N5_min200_inv,fix1,161494,34.77,95993,34.88
pattern,M5_sign_N5_min1000,fix1,159609,35.98,95218,35.68
pattern,M5_sign_N5_min1000_inv,fix1,161494,34.77,95993,34.88
pattern,M5_sign_N5_min200,fix2,47393,43.4,28975,42.91
pattern,M5_sign_N5_min200_inv,fix2,47943,41.9,29203,42.23
pattern,M5_sign_N5_min1000,fix2,47393,43.4,28975,42.91
pattern,M5_sign_N5_min1000_inv,fix2,47943,41.9,29203,42.23
pattern,M5_sign_N5_min200,fix3,22307,45.23,13804,45.14
pattern,M5_sign_N5_min200_inv,fix3,22338,44.4,13829,45.61
pattern,M5_sign_N5_min1000,fix3,22307,45.23,13804,45.14
pattern,M5_sign_N5_min1000_inv,fix3,22338,44.4,13829,45.61
pattern,M5_sign_N5_min200,fix5,8457,47.7,5178,46.1
pattern,M5_sign_N5_min200_inv,fix5,8459,46.46,5268,47.25
pattern,M5_sign_N5_min1000,fix5,8457,47.7,5178,46.1
pattern,M5_sign_N5_min1000_inv,fix5,8459,46.46,5268,47.25
pattern,M5_sign_N5_min200,fix10,2236,47.94,1350,50.89
pattern,M5_sign_N5_min200_inv,fix10,2227,47.82,1345,45.65
pattern,M5_sign_N5_min1000,fix10,2236,47.94,1350,50.89
pattern,M5_sign_N5_min1000_inv,fix10,2227,47.82,1345,45.65
pattern,M5_sign_N6_min200,0.5xATRM15,129466,33.66,68002,32.85
pattern,M5_sign_N6_min200_inv,0.5xATRM15,130491,32.59,68344,33.04
pattern,M5_sign_N6_min1000,0.5xATRM15,129466,33.66,68002,32.85
pattern,M5_sign_N6_min1000_inv,0.5xATRM15,130491,32.59,68344,33.04
pattern,M5_sign_N6_min200,1xATRM15,31414,42.03,16517,41.93
pattern,M5_sign_N6_min200_inv,1xATRM15,31843,41.7,16473,42.07
pattern,M5_sign_N6_min1000,1xATRM15,31414,42.03,16517,41.93
pattern,M5_sign_N6_min1000_inv,1xATRM15,31843,41.7,16473,42.07
pattern,M5_sign_N6_min200,2xATRM15,6869,46.62,3659,44.6
pattern,M5_sign_N6_min200_inv,2xATRM15,6714,46.35,3659,46.95
pattern,M5_sign_N6_min1000,2xATRM15,6869,46.62,3659,44.6
pattern,M5_sign_N6_min1000_inv,2xATRM15,6714,46.35,3659,46.95
pattern,M5_sign_N6_min200,3xATRM15,2800,47.57,1463,49.49
pattern,M5_sign_N6_min200_inv,3xATRM15,2673,48.15,1487,48.89
pattern,M5_sign_N6_min1000,3xATRM15,2800,47.57,1463,49.49
pattern,M5_sign_N6_min1000_inv,3xATRM15,2673,48.15,1487,48.89
pattern,M5_sign_N6_min200,0.5xATRH1,36317,42.44,18814,42.52
pattern,M5_sign_N6_min200_inv,0.5xATRH1,36031,42.1,19043,42.26
pattern,M5_sign_N6_min1000,0.5xATRH1,36317,42.44,18814,42.52
pattern,M5_sign_N6_min1000_inv,0.5xATRH1,36031,42.1,19043,42.26
pattern,M5_sign_N6_min200,1xATRH1,9165,47.38,4894,46.4
pattern,M5_sign_N6_min200_inv,1xATRH1,9223,44.69,4895,46.72
pattern,M5_sign_N6_min1000,1xATRH1,9165,47.38,4894,46.4
pattern,M5_sign_N6_min1000_inv,1xATRH1,9223,44.69,4895,46.72
pattern,M5_sign_N6_min200,2xATRH1,2190,47.26,1193,47.02
pattern,M5_sign_N6_min200_inv,2xATRH1,2219,45.25,1200,49.83
pattern,M5_sign_N6_min1000,2xATRH1,2190,47.26,1193,47.02
pattern,M5_sign_N6_min1000_inv,2xATRH1,2219,45.25,1200,49.83
pattern,M5_sign_N6_min200,3xATRH1,1001,47.65,556,50.9
pattern,M5_sign_N6_min200_inv,3xATRH1,964,48.24,538,45.72
pattern,M5_sign_N6_min1000,3xATRH1,1001,47.65,556,50.9
pattern,M5_sign_N6_min1000_inv,3xATRH1,964,48.24,538,45.72
pattern,M5_sign_N6_min200,0.5xATRD1,1720,49.94,832,48.2
pattern,M5_sign_N6_min200_inv,0.5xATRD1,1690,49.29,856,50.58
pattern,M5_sign_N6_min1000,0.5xATRD1,1720,49.94,832,48.2
pattern,M5_sign_N6_min1000_inv,0.5xATRD1,1690,49.29,856,50.58
pattern,M5_sign_N6_min200,1xATRD1,434,52.07,223,56.05
pattern,M5_sign_N6_min200_inv,1xATRD1,443,47.4,226,47.79
pattern,M5_sign_N6_min1000,1xATRD1,434,52.07,223,56.05
pattern,M5_sign_N6_min1000_inv,1xATRD1,443,47.4,226,47.79
pattern,M5_sign_N6_min200,2xATRD1,101,50.5,65,55.38
pattern,M5_sign_N6_min200_inv,2xATRD1,103,49.51,53,35.85
pattern,M5_sign_N6_min1000,2xATRD1,101,50.5,65,55.38
pattern,M5_sign_N6_min1000_inv,2xATRD1,103,49.51,53,35.85
pattern,M5_sign_N6_min200,3xATRD1,50,54.0,26,69.23
pattern,M5_sign_N6_min200_inv,3xATRD1,53,45.28,33,33.33
pattern,M5_sign_N6_min1000,3xATRD1,50,54.0,26,69.23
pattern,M5_sign_N6_min1000_inv,3xATRD1,53,45.28,33,33.33
pattern,M5_sign_N6_min200,fix1,159568,35.98,95282,35.58
pattern,M5_sign_N6_min200_inv,fix1,161606,34.75,95872,34.93
pattern,M5_sign_N6_min1000,fix1,159568,35.98,95282,35.58
pattern,M5_sign_N6_min1000_inv,fix1,161606,34.75,95872,34.93
pattern,M5_sign_N6_min200,fix2,47488,42.95,28976,42.19
pattern,M5_sign_N6_min200_inv,fix2,47863,42.08,29293,42.44
pattern,M5_sign_N6_min1000,fix2,47488,42.95,28976,42.19
pattern,M5_sign_N6_min1000_inv,fix2,47863,42.08,29293,42.44
pattern,M5_sign_N6_min200,fix3,22259,45.24,13913,45.09
pattern,M5_sign_N6_min200_inv,fix3,22399,44.58,13793,45.36
pattern,M5_sign_N6_min1000,fix3,22259,45.24,13913,45.09
pattern,M5_sign_N6_min1000_inv,fix3,22399,44.58,13793,45.36
pattern,M5_sign_N6_min200,fix5,8443,47.7,5180,47.26
pattern,M5_sign_N6_min200_inv,fix5,8491,46.17,5265,46.86
pattern,M5_sign_N6_min1000,fix5,8443,47.7,5180,47.26
pattern,M5_sign_N6_min1000_inv,fix5,8491,46.17,5265,46.86
pattern,M5_sign_N6_min200,fix10,2241,49.31,1338,49.18
pattern,M5_sign_N6_min200_inv,fix10,2199,48.66,1340,46.64
pattern,M5_sign_N6_min1000,fix10,2241,49.31,1338,49.18
pattern,M5_sign_N6_min1000_inv,fix10,2199,48.66,1340,46.64
pattern,M5_sign_N7_min200,0.5xATRM15,129357,33.62,68282,32.77
pattern,M5_sign_N7_min200_inv,0.5xATRM15,130199,32.63,68438,32.87
pattern,M5_sign_N7_min1000,0.5xATRM15,129357,33.62,68282,32.77
pattern,M5_sign_N7_min1000_inv,0.5xATRM15,130199,32.63,68438,32.87
pattern,M5_sign_N7_min200,1xATRM15,31446,42.52,16586,42.27
pattern,M5_sign_N7_min200_inv,1xATRM15,31870,41.34,16477,42.67
pattern,M5_sign_N7_min1000,1xATRM15,31446,42.52,16586,42.27
pattern,M5_sign_N7_min1000_inv,1xATRM15,31870,41.34,16477,42.67
pattern,M5_sign_N7_min200,2xATRM15,6706,46.9,3673,46.04
pattern,M5_sign_N7_min200_inv,2xATRM15,6597,46.73,3594,45.83
pattern,M5_sign_N7_min1000,2xATRM15,6706,46.9,3673,46.04
pattern,M5_sign_N7_min1000_inv,2xATRM15,6597,46.73,3594,45.83
pattern,M5_sign_N7_min200,3xATRM15,2748,49.42,1464,50.27
pattern,M5_sign_N7_min200_inv,3xATRM15,2733,47.57,1455,46.39
pattern,M5_sign_N7_min1000,3xATRM15,2748,49.42,1464,50.27
pattern,M5_sign_N7_min1000_inv,3xATRM15,2733,47.57,1455,46.39
pattern,M5_sign_N7_min200,0.5xATRH1,36044,42.91,18710,42.82
pattern,M5_sign_N7_min200_inv,0.5xATRH1,36179,41.82,18991,42.19
pattern,M5_sign_N7_min1000,0.5xATRH1,36044,42.91,18710,42.82
pattern,M5_sign_N7_min1000_inv,0.5xATRH1,36179,41.82,18991,42.19
pattern,M5_sign_N7_min200,1xATRH1,9117,47.19,4907,45.26
pattern,M5_sign_N7_min200_inv,1xATRH1,9160,45.19,4819,45.96
pattern,M5_sign_N7_min1000,1xATRH1,9117,47.19,4907,45.26
pattern,M5_sign_N7_min1000_inv,1xATRH1,9160,45.19,4819,45.96
pattern,M5_sign_N7_min200,2xATRH1,2225,49.71,1239,47.62
pattern,M5_sign_N7_min200_inv,2xATRH1,2235,46.09,1200,48.33
pattern,M5_sign_N7_min1000,2xATRH1,2225,49.71,1239,47.62
pattern,M5_sign_N7_min1000_inv,2xATRH1,2235,46.09,1200,48.33
pattern,M5_sign_N7_min200,3xATRH1,968,48.86,562,50.89
pattern,M5_sign_N7_min200_inv,3xATRH1,948,50.11,549,43.17
pattern,M5_sign_N7_min1000,3xATRH1,968,48.86,562,50.89
pattern,M5_sign_N7_min1000_inv,3xATRH1,948,50.11,549,43.17
pattern,M5_sign_N7_min200,0.5xATRD1,1711,47.69,840,45.71
pattern,M5_sign_N7_min200_inv,0.5xATRD1,1684,48.99,867,50.17
pattern,M5_sign_N7_min1000,0.5xATRD1,1711,47.69,840,45.71
pattern,M5_sign_N7_min1000_inv,0.5xATRD1,1684,48.99,867,50.17
pattern,M5_sign_N7_min200,1xATRD1,446,48.65,217,58.06
pattern,M5_sign_N7_min200_inv,1xATRD1,445,48.54,223,47.09
pattern,M5_sign_N7_min1000,1xATRD1,446,48.65,217,58.06
pattern,M5_sign_N7_min1000_inv,1xATRD1,445,48.54,223,47.09
pattern,M5_sign_N7_min200,2xATRD1,101,51.49,61,59.02
pattern,M5_sign_N7_min200_inv,2xATRD1,108,50.0,62,41.94
pattern,M5_sign_N7_min1000,2xATRD1,101,51.49,61,59.02
pattern,M5_sign_N7_min1000_inv,2xATRD1,108,52.78,66,43.94
pattern,M5_sign_N7_min200,3xATRD1,50,54.0,26,69.23
pattern,M5_sign_N7_min200_inv,3xATRD1,53,43.4,33,33.33
pattern,M5_sign_N7_min1000,3xATRD1,50,54.0,26,69.23
pattern,M5_sign_N7_min1000_inv,3xATRD1,51,47.06,26,61.54
pattern,M5_sign_N7_min200,fix1,159881,35.77,95445,35.5
pattern,M5_sign_N7_min200_inv,fix1,161358,34.87,95750,34.89
pattern,M5_sign_N7_min1000,fix1,159881,35.77,95445,35.5
pattern,M5_sign_N7_min1000_inv,fix1,161358,34.87,95750,34.89
pattern,M5_sign_N7_min200,fix2,47515,43.19,29026,42.54
pattern,M5_sign_N7_min200_inv,fix2,47761,41.84,29264,42.24
pattern,M5_sign_N7_min1000,fix2,47515,43.19,29026,42.54
pattern,M5_sign_N7_min1000_inv,fix2,47761,41.84,29264,42.24
pattern,M5_sign_N7_min200,fix3,22255,45.07,13783,45.13
pattern,M5_sign_N7_min200_inv,fix3,22456,44.21,13778,44.71
pattern,M5_sign_N7_min1000,fix3,22255,45.07,13783,45.13
pattern,M5_sign_N7_min1000_inv,fix3,22456,44.21,13778,44.71
pattern,M5_sign_N7_min200,fix5,8380,47.1,5284,46.04
pattern,M5_sign_N7_min200_inv,fix5,8542,46.0,5226,47.78
pattern,M5_sign_N7_min1000,fix5,8380,47.1,5284,46.04
pattern,M5_sign_N7_min1000_inv,fix5,8542,46.0,5226,47.78
pattern,M5_sign_N7_min200,fix10,2233,48.77,1371,51.13
pattern,M5_sign_N7_min200_inv,fix10,2194,47.45,1336,48.13
pattern,M5_sign_N7_min1000,fix10,2233,48.77,1371,51.13
pattern,M5_sign_N7_min1000_inv,fix10,2194,47.45,1336,48.13
pattern,M5_sign_N8_min200,0.5xATRM15,129559,33.69,68316,32.76
pattern,M5_sign_N8_min200_inv,0.5xATRM15,130255,32.57,68289,32.94
pattern,M5_sign_N8_min200,1xATRM15,31470,42.85,16701,41.79
pattern,M5_sign_N8_min200_inv,1xATRM15,31583,40.83,16665,42.38
pattern,M5_sign_N8_min200,2xATRM15,6682,47.86,3662,46.48
pattern,M5_sign_N8_min200_inv,2xATRM15,6756,45.41,3634,45.95
pattern,M5_sign_N8_min200,3xATRM15,2737,49.65,1510,47.95
pattern,M5_sign_N8_min200_inv,3xATRM15,2682,45.64,1498,49.93
pattern,M5_sign_N8_min200,0.5xATRH1,36074,42.82,18887,42.28
pattern,M5_sign_N8_min200_inv,0.5xATRH1,36088,41.54,19007,42.64
pattern,M5_sign_N8_min200,1xATRH1,9161,47.27,4911,46.79
pattern,M5_sign_N8_min200_inv,1xATRH1,9167,44.43,4884,45.7
pattern,M5_sign_N8_min200,2xATRH1,2181,49.06,1265,47.04
pattern,M5_sign_N8_min200_inv,2xATRH1,2238,46.83,1192,49.58
pattern,M5_sign_N8_min200,3xATRH1,965,47.36,555,51.35
pattern,M5_sign_N8_min200_inv,3xATRH1,930,50.75,519,49.13
pattern,M5_sign_N8_min200,0.5xATRD1,1677,50.57,835,48.74
pattern,M5_sign_N8_min200_inv,0.5xATRD1,1702,45.83,858,49.88
pattern,M5_sign_N8_min200,1xATRD1,422,53.79,224,53.57
pattern,M5_sign_N8_min200_inv,1xATRD1,440,49.77,229,43.23
pattern,M5_sign_N8_min200,2xATRD1,103,49.51,57,61.4
pattern,M5_sign_N8_min200_inv,2xATRD1,109,49.54,57,45.61
pattern,M5_sign_N8_min200,3xATRD1,50,46.0,26,65.38
pattern,M5_sign_N8_min200_inv,3xATRD1,53,45.28,33,33.33
pattern,M5_sign_N8_min200,fix1,160045,35.95,95697,35.48
pattern,M5_sign_N8_min200_inv,fix1,161457,34.84,95627,34.92
pattern,M5_sign_N8_min200,fix2,47652,43.21,29088,42.86
pattern,M5_sign_N8_min200_inv,fix2,47674,41.86,29240,42.08
pattern,M5_sign_N8_min200,fix3,22336,45.91,13850,45.18
pattern,M5_sign_N8_min200_inv,fix3,22356,44.16,13761,44.92
pattern,M5_sign_N8_min200,fix5,8391,48.06,5267,45.87
pattern,M5_sign_N8_min200_inv,fix5,8497,45.9,5180,47.34
pattern,M5_sign_N8_min200,fix10,2216,47.65,1344,49.78
pattern,M5_sign_N8_min200_inv,fix10,2240,47.1,1333,46.89
pattern,M5_tri0.1_N1_min200,0.5xATRM15,129324,33.76,67760,33.28
pattern,M5_tri0.1_N1_min200_inv,0.5xATRM15,130743,32.54,68825,32.38
pattern,M5_tri0.1_N1_min1000,0.5xATRM15,129324,33.76,67760,33.28
pattern,M5_tri0.1_N1_min1000_inv,0.5xATRM15,130743,32.54,68825,32.38
pattern,M5_tri0.1_N1_min200,1xATRM15,31181,42.1,16790,41.38
pattern,M5_tri0.1_N1_min200_inv,1xATRM15,31418,42.23,16438,43.42
pattern,M5_tri0.1_N1_min1000,1xATRM15,31181,42.1,16790,41.38
pattern,M5_tri0.1_N1_min1000_inv,1xATRM15,31418,42.23,16438,43.42
pattern,M5_tri0.1_N1_min200,2xATRM15,6717,46.49,3671,44.48
pattern,M5_tri0.1_N1_min200_inv,2xATRM15,6754,46.71,3557,48.21
pattern,M5_tri0.1_N1_min1000,2xATRM15,6717,46.49,3671,44.48
pattern,M5_tri0.1_N1_min1000_inv,2xATRM15,6754,46.71,3557,48.21
pattern,M5_tri0.1_N1_min200,3xATRM15,2709,48.1,1470,48.23
pattern,M5_tri0.1_N1_min200_inv,3xATRM15,2696,48.59,1499,47.5
pattern,M5_tri0.1_N1_min1000,3xATRM15,2709,48.1,1470,48.23
pattern,M5_tri0.1_N1_min1000_inv,3xATRM15,2696,48.59,1499,47.5
pattern,M5_tri0.1_N1_min200,0.5xATRH1,36116,42.51,19043,41.47
pattern,M5_tri0.1_N1_min200_inv,0.5xATRH1,35991,42.46,18841,43.56
pattern,M5_tri0.1_N1_min1000,0.5xATRH1,36116,42.51,19043,41.47
pattern,M5_tri0.1_N1_min1000_inv,0.5xATRH1,35991,42.46,18841,43.56
pattern,M5_tri0.1_N1_min200,1xATRH1,9178,46.22,4883,45.38
pattern,M5_tri0.1_N1_min200_inv,1xATRH1,9208,46.49,4854,47.34
pattern,M5_tri0.1_N1_min1000,1xATRH1,9178,46.22,4883,45.38
pattern,M5_tri0.1_N1_min1000_inv,1xATRH1,9208,46.49,4854,47.34
pattern,M5_tri0.1_N1_min200,2xATRH1,2168,47.92,1236,45.47
pattern,M5_tri0.1_N1_min200_inv,2xATRH1,2278,48.16,1212,50.99
pattern,M5_tri0.1_N1_min1000,2xATRH1,2168,47.92,1236,45.47
pattern,M5_tri0.1_N1_min1000_inv,2xATRH1,2278,48.16,1212,50.99
pattern,M5_tri0.1_N1_min200,3xATRH1,993,47.23,543,53.04
pattern,M5_tri0.1_N1_min200_inv,3xATRH1,929,48.87,523,45.51
pattern,M5_tri0.1_N1_min1000,3xATRH1,993,47.23,543,53.04
pattern,M5_tri0.1_N1_min1000_inv,3xATRH1,929,48.87,523,45.51
pattern,M5_tri0.1_N1_min200,0.5xATRD1,1704,48.36,844,45.62
pattern,M5_tri0.1_N1_min200_inv,0.5xATRD1,1703,48.85,860,51.63
pattern,M5_tri0.1_N1_min1000,0.5xATRD1,1704,48.36,844,45.62
pattern,M5_tri0.1_N1_min1000_inv,0.5xATRD1,1703,48.85,860,51.63
pattern,M5_tri0.1_N1_min200,1xATRD1,445,50.79,227,55.51
pattern,M5_tri0.1_N1_min200_inv,1xATRD1,427,48.01,225,42.67
pattern,M5_tri0.1_N1_min1000,1xATRD1,445,50.79,227,55.51
pattern,M5_tri0.1_N1_min1000_inv,1xATRD1,427,48.01,225,42.67
pattern,M5_tri0.1_N1_min200,2xATRD1,101,51.49,61,60.66
pattern,M5_tri0.1_N1_min200_inv,2xATRD1,103,46.6,53,37.74
pattern,M5_tri0.1_N1_min1000,2xATRD1,101,51.49,61,60.66
pattern,M5_tri0.1_N1_min1000_inv,2xATRD1,103,46.6,53,37.74
pattern,M5_tri0.1_N1_min200,3xATRD1,50,54.0,26,69.23
pattern,M5_tri0.1_N1_min200_inv,3xATRD1,53,45.28,33,33.33
pattern,M5_tri0.1_N1_min1000,3xATRD1,50,54.0,26,69.23
pattern,M5_tri0.1_N1_min1000_inv,3xATRD1,53,45.28,33,33.33
pattern,M5_tri0.1_N1_min200,fix1,159391,36.06,95205,35.7
pattern,M5_tri0.1_N1_min200_inv,fix1,161785,34.68,96143,34.78
pattern,M5_tri0.1_N1_min1000,fix1,159391,36.06,95205,35.7
pattern,M5_tri0.1_N1_min1000_inv,fix1,161785,34.68,96143,34.78
pattern,M5_tri0.1_N1_min200,fix2,47363,43.56,28992,43.1
pattern,M5_tri0.1_N1_min200_inv,fix2,47777,41.66,29334,42.28
pattern,M5_tri0.1_N1_min1000,fix2,47363,43.56,28992,43.1
pattern,M5_tri0.1_N1_min1000_inv,fix2,47777,41.66,29334,42.28
pattern,M5_tri0.1_N1_min200,fix3,22329,45.07,13862,44.08
pattern,M5_tri0.1_N1_min200_inv,fix3,22283,45.25,13817,45.94
pattern,M5_tri0.1_N1_min1000,fix3,22329,45.07,13862,44.08
pattern,M5_tri0.1_N1_min1000_inv,fix3,22283,45.25,13817,45.94
pattern,M5_tri0.1_N1_min200,fix5,8372,46.99,5167,45.54
pattern,M5_tri0.1_N1_min200_inv,fix5,8467,47.19,5202,48.44
pattern,M5_tri0.1_N1_min1000,fix5,8372,46.99,5167,45.54
pattern,M5_tri0.1_N1_min1000_inv,fix5,8467,47.19,5202,48.44
pattern,M5_tri0.1_N1_min200,fix10,2238,48.48,1359,49.45
pattern,M5_tri0.1_N1_min200_inv,fix10,2198,48.23,1378,45.86
pattern,M5_tri0.1_N1_min1000,fix10,2238,48.48,1359,49.45
pattern,M5_tri0.1_N1_min1000_inv,fix10,2198,48.23,1378,45.86
pattern,M5_tri0.1_N2_min200,0.5xATRM15,129154,33.77,67931,32.93
pattern,M5_tri0.1_N2_min200_inv,0.5xATRM15,130707,32.45,68565,33.02
pattern,M5_tri0.1_N2_min1000,0.5xATRM15,129154,33.77,67931,32.93
pattern,M5_tri0.1_N2_min1000_inv,0.5xATRM15,130707,32.45,68565,33.02
pattern,M5_tri0.1_N2_min200,1xATRM15,31579,42.73,16587,41.87
pattern,M5_tri0.1_N2_min200_inv,1xATRM15,31896,41.18,16685,42.42
pattern,M5_tri0.1_N2_min1000,1xATRM15,31579,42.73,16587,41.87
pattern,M5_tri0.1_N2_min1000_inv,1xATRM15,31896,41.18,16685,42.42
pattern,M5_tri0.1_N2_min200,2xATRM15,6717,46.49,3671,44.48
pattern,M5_tri0.1_N2_min200_inv,2xATRM15,6754,46.71,3557,48.21
pattern,M5_tri0.1_N2_min1000,2xATRM15,6717,46.49,3671,44.48
pattern,M5_tri0.1_N2_min1000_inv,2xATRM15,6754,46.71,3557,48.21
pattern,M5_tri0.1_N2_min200,3xATRM15,2711,47.36,1494,46.18
pattern,M5_tri0.1_N2_min200_inv,3xATRM15,2705,48.32,1470,48.16
pattern,M5_tri0.1_N2_min1000,3xATRM15,2711,47.36,1494,46.18
pattern,M5_tri0.1_N2_min1000_inv,3xATRM15,2705,48.32,1470,48.16
pattern,M5_tri0.1_N2_min200,0.5xATRH1,36205,42.75,18777,42.32
pattern,M5_tri0.1_N2_min200_inv,0.5xATRH1,36146,41.88,19008,43.21
pattern,M5_tri0.1_N2_min1000,0.5xATRH1,36205,42.75,18777,42.32
pattern,M5_tri0.1_N2_min1000_inv,0.5xATRH1,36146,41.88,19008,43.21
pattern,M5_tri0.1_N2_min200,1xATRH1,9088,46.3,4858,46.27
pattern,M5_tri0.1_N2_min200_inv,1xATRH1,9217,46.83,4885,45.71
pattern,M5_tri0.1_N2_min1000,1xATRH1,9088,46.3,4858,46.27
pattern,M5_tri0.1_N2_min1000_inv,1xATRH1,9217,46.83,4885,45.71
pattern,M5_tri0.1_N2_min200,2xATRH1,2168,47.92,1236,45.47
pattern,M5_tri0.1_N2_min200_inv,2xATRH1,2278,48.16,1212,50.99
pattern,M5_tri0.1_N2_min1000,2xATRH1,2168,47.92,1236,45.47
pattern,M5_tri0.1_N2_min1000_inv,2xATRH1,2278,48.16,1212,50.99
pattern,M5_tri0.1_N2_min200,3xATRH1,958,49.48,543,51.75
pattern,M5_tri0.1_N2_min200_inv,3xATRH1,944,48.83,540,49.63
pattern,M5_tri0.1_N2_min1000,3xATRH1,958,49.48,543,51.75
pattern,M5_tri0.1_N2_min1000_inv,3xATRH1,944,48.83,540,49.63
pattern,M5_tri0.1_N2_min200,0.5xATRD1,1681,49.91,831,49.22
pattern,M5_tri0.1_N2_min200_inv,0.5xATRD1,1699,47.73,848,49.06
pattern,M5_tri0.1_N2_min1000,0.5xATRD1,1681,49.91,831,49.22
pattern,M5_tri0.1_N2_min1000_inv,0.5xATRD1,1699,47.73,848,49.06
pattern,M5_tri0.1_N2_min200,1xATRD1,452,51.99,231,54.11
pattern,M5_tri0.1_N2_min200_inv,1xATRD1,439,48.06,221,42.53
pattern,M5_tri0.1_N2_min1000,1xATRD1,452,51.99,231,54.11
pattern,M5_tri0.1_N2_min1000_inv,1xATRD1,439,48.06,221,42.53
pattern,M5_tri0.1_N2_min200,2xATRD1,101,51.49,61,60.66
pattern,M5_tri0.1_N2_min200_inv,2xATRD1,103,46.6,53,37.74
pattern,M5_tri0.1_N2_min1000,2xATRD1,101,51.49,61,60.66
pattern,M5_tri0.1_N2_min1000_inv,2xATRD1,103,46.6,53,37.74
pattern,M5_tri0.1_N2_min200,3xATRD1,50,54.0,26,69.23
pattern,M5_tri0.1_N2_min200_inv,3xATRD1,53,45.28,33,33.33
pattern,M5_tri0.1_N2_min1000,3xATRD1,50,54.0,26,69.23
pattern,M5_tri0.1_N2_min1000_inv,3xATRD1,53,45.28,33,33.33
pattern,M5_tri0.1_N2_min200,fix1,159552,36.07,95459,35.33
pattern,M5_tri0.1_N2_min200_inv,fix1,161739,34.71,95843,34.98
pattern,M5_tri0.1_N2_min1000,fix1,159552,36.07,95459,35.33
pattern,M5_tri0.1_N2_min1000_inv,fix1,161739,34.71,95843,34.98
pattern,M5_tri0.1_N2_min200,fix2,47559,43.3,29130,42.35
pattern,M5_tri0.1_N2_min200_inv,fix2,47889,41.77,29194,42.53
pattern,M5_tri0.1_N2_min1000,fix2,47559,43.3,29130,42.35
pattern,M5_tri0.1_N2_min1000_inv,fix2,47889,41.77,29194,42.53
pattern,M5_tri0.1_N2_min200,fix3,22323,45.63,13735,44.7
pattern,M5_tri0.1_N2_min200_inv,fix3,22356,44.44,13797,45.72
pattern,M5_tri0.1_N2_min1000,fix3,22323,45.63,13735,44.7
pattern,M5_tri0.1_N2_min1000_inv,fix3,22356,44.44,13797,45.72
pattern,M5_tri0.1_N2_min200,fix5,8348,46.56,5222,45.73
pattern,M5_tri0.1_N2_min200_inv,fix5,8464,46.54,5242,48.32
pattern,M5_tri0.1_N2_min1000,fix5,8348,46.56,5222,45.73
pattern,M5_tri0.1_N2_min1000_inv,fix5,8464,46.54,5242,48.32
pattern,M5_tri0.1_N2_min200,fix10,2221,48.67,1355,48.71
pattern,M5_tri0.1_N2_min200_inv,fix10,2228,49.06,1352,47.04
pattern,M5_tri0.1_N2_min1000,fix10,2221,48.67,1355,48.71
pattern,M5_tri0.1_N2_min1000_inv,fix10,2228,49.06,1352,47.04
pattern,M5_tri0.1_N3_min200,0.5xATRM15,129326,33.77,68011,33.0
pattern,M5_tri0.1_N3_min200_inv,0.5xATRM15,130738,32.47,68690,33.01
pattern,M5_tri0.1_N3_min1000,0.5xATRM15,129333,33.77,68020,32.98
pattern,M5_tri0.1_N3_min1000_inv,0.5xATRM15,130738,32.47,68690,33.01
pattern,M5_tri0.1_N3_min200,1xATRM15,31325,42.44,16694,41.64
pattern,M5_tri0.1_N3_min200_inv,1xATRM15,31704,41.66,16707,42.94
pattern,M5_tri0.1_N3_min1000,1xATRM15,31360,42.46,16684,41.64
pattern,M5_tri0.1_N3_min1000_inv,1xATRM15,31704,41.66,16707,42.94
pattern,M5_tri0.1_N3_min200,2xATRM15,6731,46.41,3698,44.86
pattern,M5_tri0.1_N3_min200_inv,2xATRM15,6714,46.71,3559,47.32
pattern,M5_tri0.1_N3_min1000,2xATRM15,6733,46.38,3698,44.84
pattern,M5_tri0.1_N3_min1000_inv,2xATRM15,6714,46.71,3559,47.32
pattern,M5_tri0.1_N3_min200,3xATRM15,2770,47.83,1444,49.79
pattern,M5_tri0.1_N3_min200_inv,3xATRM15,2743,48.96,1462,46.31
pattern,M5_tri0.1_N3_min1000,3xATRM15,2770,47.91,1444,49.72
pattern,M5_tri0.1_N3_min1000_inv,3xATRM15,2743,48.96,1462,46.31
pattern,M5_tri0.1_N3_min200,0.5xATRH1,36151,42.82,18870,41.85
pattern,M5_tri0.1_N3_min200_inv,0.5xATRH1,36148,42.12,18997,43.14
pattern,M5_tri0.1_N3_min1000,0.5xATRH1,36162,42.8,18880,41.8
pattern,M5_tri0.1_N3_min1000_inv,0.5xATRH1,36148,42.12,18997,43.14
pattern,M5_tri0.1_N3_min200,1xATRH1,9133,46.39,4847,45.66
pattern,M5_tri0.1_N3_min200_inv,1xATRH1,9279,45.88,4900,47.53
pattern,M5_tri0.1_N3_min1000,1xATRH1,9133,46.39,4847,45.66
pattern,M5_tri0.1_N3_min1000_inv,1xATRH1,9277,45.87,4900,47.53
pattern,M5_tri0.1_N3_min200,2xATRH1,2156,48.14,1228,46.17
pattern,M5_tri0.1_N3_min200_inv,2xATRH1,2229,46.75,1196,51.0
pattern,M5_tri0.1_N3_min1000,2xATRH1,2151,48.26,1226,46.17
pattern,M5_tri0.1_N3_min1000_inv,2xATRH1,2229,46.75,1196,51.0
pattern,M5_tri0.1_N3_min200,3xATRH1,986,48.58,547,48.08
pattern,M5_tri0.1_N3_min200_inv,3xATRH1,937,48.88,526,48.1
pattern,M5_tri0.1_N3_min1000,3xATRH1,986,48.58,547,48.08
pattern,M5_tri0.1_N3_min1000_inv,3xATRH1,937,48.88,526,48.1
pattern,M5_tri0.1_N3_min200,0.5xATRD1,1705,49.62,832,48.2
pattern,M5_tri0.1_N3_min200_inv,0.5xATRD1,1707,47.33,850,51.18
pattern,M5_tri0.1_N3_min1000,0.5xATRD1,1705,49.5,834,48.2
pattern,M5_tri0.1_N3_min1000_inv,0.5xATRD1,1707,47.33,850,51.18
pattern,M5_tri0.1_N3_min200,1xATRD1,451,49.0,227,50.22
pattern,M5_tri0.1_N3_min200_inv,1xATRD1,436,50.69,218,43.58
pattern,M5_tri0.1_N3_min1000,1xATRD1,451,49.0,227,50.22
pattern,M5_tri0.1_N3_min1000_inv,1xATRD1,436,50.69,218,43.58
pattern,M5_tri0.1_N3_min200,2xATRD1,101,51.49,61,60.66
pattern,M5_tri0.1_N3_min200_inv,2xATRD1,103,46.6,53,37.74
pattern,M5_tri0.1_N3_min1000,2xATRD1,101,51.49,61,60.66
pattern,M5_tri0.1_N3_min1000_inv,2xATRD1,103,46.6,53,37.74
pattern,M5_tri0.1_N3_min200,3xATRD1,50,54.0,26,69.23
pattern,M5_tri0.1_N3_min200_inv,3xATRD1,53,45.28,33,33.33
pattern,M5_tri0.1_N3_min1000,3xATRD1,50,54.0,26,69.23
pattern,M5_tri0.1_N3_min1000_inv,3xATRD1,53,47.17,33,33.33
pattern,M5_tri0.1_N3_min200,fix1,159367,36.08,95314,35.54
pattern,M5_tri0.1_N3_min200_inv,fix1,161827,34.75,96053,34.77
pattern,M5_tri0.1_N3_min1000,fix1,159373,36.07,95297,35.54
pattern,M5_tri0.1_N3_min1000_inv,fix1,161827,34.75,96053,34.77
pattern,M5_tri0.1_N3_min200,fix2,47475,43.35,29091,42.61
pattern,M5_tri0.1_N3_min200_inv,fix2,47996,41.73,29215,42.44
pattern,M5_tri0.1_N3_min1000,fix2,47477,43.33,29104,42.61
pattern,M5_tri0.1_N3_min1000_inv,fix2,47996,41.73,29215,42.44
pattern,M5_tri0.1_N3_min200,fix3,22283,45.43,13744,44.63
pattern,M5_tri0.1_N3_min200_inv,fix3,22227,44.5,13883,45.75
pattern,M5_tri0.1_N3_min1000,fix3,22291,45.44,13738,44.63
pattern,M5_tri0.1_N3_min1000_inv,fix3,22227,44.5,13883,45.75
pattern,M5_tri0.1_N3_min200,fix5,8353,47.8,5210,45.74
pattern,M5_tri0.1_N3_min200_inv,fix5,8400,46.3,5271,46.65
pattern,M5_tri0.1_N3_min1000,fix5,8354,47.76,5203,45.74
pattern,M5_tri0.1_N3_min1000_inv,fix5,8400,46.3,5271,46.65
pattern,M5_tri0.1_N3_min200,fix10,2240,47.05,1356,51.33
pattern,M5_tri0.1_N3_min200_inv,fix10,2230,49.78,1358,45.51
pattern,M5_tri0.1_N3_min1000,fix10,2240,47.05,1356,51.33
pattern,M5_tri0.1_N3_min1000_inv,fix10,2230,49.78,1354,45.79
pattern,M5_tri0.1_N4_min200,0.5xATRM15,129184,33.78,67969,32.71
pattern,M5_tri0.1_N4_min200_inv,0.5xATRM15,130809,32.43,68665,33.03
pattern,M5_tri0.1_N4_min1000,0.5xATRM15,129196,33.77,68088,32.74
pattern,M5_tri0.1_N4_min1000_inv,0.5xATRM15,130724,32.53,68600,33.01
pattern,M5_tri0.1_N4_min200,1xATRM15,31578,42.49,16583,41.85
pattern,M5_tri0.1_N4_min200_inv,1xATRM15,31625,41.31,16625,42.77
pattern,M5_tri0.1_N4_min1000,1xATRM15,31575,42.47,16583,41.8
pattern,M5_tri0.1_N4_min1000_inv,1xATRM15,31780,41.32,16651,42.36
pattern,M5_tri0.1_N4_min200,2xATRM15,6639,46.65,3691,45.95
pattern,M5_tri0.1_N4_min200_inv,2xATRM15,6700,47.18,3638,46.1
pattern,M5_tri0.1_N4_min1000,2xATRM15,6630,46.59,3692,45.91
pattern,M5_tri0.1_N4_min1000_inv,2xATRM15,6650,46.98,3620,45.58
pattern,M5_tri0.1_N4_min200,3xATRM15,2701,48.87,1449,47.14
pattern,M5_tri0.1_N4_min200_inv,3xATRM15,2704,46.82,1491,45.14
pattern,M5_tri0.1_N4_min1000,3xATRM15,2662,48.27,1472,46.94
pattern,M5_tri0.1_N4_min1000_inv,3xATRM15,2687,46.63,1482,44.67
pattern,M5_tri0.1_N4_min200,0.5xATRH1,36267,42.54,18858,42.24
pattern,M5_tri0.1_N4_min200_inv,0.5xATRH1,36115,41.81,19024,43.04
pattern,M5_tri0.1_N4_min1000,0.5xATRH1,36222,42.61,18874,42.2
pattern,M5_tri0.1_N4_min1000_inv,0.5xATRH1,36135,42.0,18997,42.91
pattern,M5_tri0.1_N4_min200,1xATRH1,9217,45.97,4859,47.33
pattern,M5_tri0.1_N4_min200_inv,1xATRH1,9218,45.8,4823,45.66
pattern,M5_tri0.1_N4_min1000,1xATRH1,9262,46.03,4869,47.07
pattern,M5_tri0.1_N4_min1000_inv,1xATRH1,9257,45.6,4829,46.26
pattern,M5_tri0.1_N4_min200,2xATRH1,2204,47.6,1235,47.13
pattern,M5_tri0.1_N4_min200_inv,2xATRH1,2247,47.22,1200,50.83
pattern,M5_tri0.1_N4_min1000,2xATRH1,2211,46.95,1236,46.2
pattern,M5_tri0.1_N4_min1000_inv,2xATRH1,2251,47.4,1215,49.55
pattern,M5_tri0.1_N4_min200,3xATRH1,983,48.83,521,49.52
pattern,M5_tri0.1_N4_min200_inv,3xATRH1,955,48.48,525,48.38
pattern,M5_tri0.1_N4_min1000,3xATRH1,975,47.38,516,50.0
pattern,M5_tri0.1_N4_min1000_inv,3xATRH1,948,49.05,515,49.51
pattern,M5_tri0.1_N4_min200,0.5xATRD1,1680,50.65,840,50.24
pattern,M5_tri0.1_N4_min200_inv,0.5xATRD1,1712,48.19,839,46.72
pattern,M5_tri0.1_N4_min1000,0.5xATRD1,1678,50.0,840,50.6
pattern,M5_tri0.1_N4_min1000_inv,0.5xATRD1,1705,49.15,837,46.0
pattern,M5_tri0.1_N4_min200,1xATRD1,448,51.79,224,50.0
pattern,M5_tri0.1_N4_min200_inv,1xATRD1,440,48.86,229,49.34
pattern,M5_tri0.1_N4_min1000,1xATRD1,448,52.23,224,51.34
pattern,M5_tri0.1_N4_min1000_inv,1xATRD1,446,48.43,228,46.93
pattern,M5_tri0.1_N4_min200,2xATRD1,101,51.49,61,55.74
pattern,M5_tri0.1_N4_min200_inv,2xATRD1,103,46.6,53,39.62
pattern,M5_tri0.1_N4_min1000,2xATRD1,101,51.49,61,55.74
pattern,M5_tri0.1_N4_min1000_inv,2xATRD1,101,46.53,53,39.62
pattern,M5_tri0.1_N4_min200,3xATRD1,50,54.0,26,69.23
pattern,M5_tri0.1_N4_min200_inv,3xATRD1,53,45.28,33,33.33
pattern,M5_tri0.1_N4_min1000,3xATRD1,50,54.0,26,69.23
pattern,M5_tri0.1_N4_min1000_inv,3xATRD1,53,47.17,33,30.3
pattern,M5_tri0.1_N4_min200,fix1,159378,36.13,95355,35.42
pattern,M5_tri0.1_N4_min200_inv,fix1,161827,34.76,96125,35.05
pattern,M5_tri0.1_N4_min1000,fix1,159504,36.02,95320,35.37
pattern,M5_tri0.1_N4_min1000_inv,fix1,161815,34.8,96078,35.08
pattern,M5_tri0.1_N4_min200,fix2,47455,43.28,29156,42.62
pattern,M5_tri0.1_N4_min200_inv,fix2,47806,41.67,29288,42.35
pattern,M5_tri0.1_N4_min1000,fix2,47369,43.21,29139,42.69
pattern,M5_tri0.1_N4_min1000_inv,fix2,47683,41.94,29309,42.29
pattern,M5_tri0.1_N4_min200,fix3,22339,45.93,13758,45.17
pattern,M5_tri0.1_N4_min200_inv,fix3,22291,44.49,13738,45.41
pattern,M5_tri0.1_N4_min1000,fix3,22354,45.83,13743,45.1
pattern,M5_tri0.1_N4_min1000_inv,fix3,22372,44.39,13773,44.98
pattern,M5_tri0.1_N4_min200,fix5,8438,47.21,5204,47.18
pattern,M5_tri0.1_N4_min200_inv,fix5,8420,46.47,5251,46.83
pattern,M5_tri0.1_N4_min1000,fix5,8422,47.76,5187,47.02
pattern,M5_tri0.1_N4_min1000_inv,fix5,8369,46.39,5247,46.37
pattern,M5_tri0.1_N4_min200,fix10,2249,47.22,1308,51.76
pattern,M5_tri0.1_N4_min200_inv,fix10,2240,49.38,1367,45.14
pattern,M5_tri0.1_N4_min1000,fix10,2248,46.98,1318,52.05
pattern,M5_tri0.1_N4_min1000_inv,fix10,2235,49.26,1360,46.99
pattern,M5_tri0.1_N5_min200,0.5xATRM15,129226,33.74,68237,32.95
pattern,M5_tri0.1_N5_min200_inv,0.5xATRM15,130655,32.4,68463,32.86
pattern,M5_tri0.1_N5_min1000,0.5xATRM15,129366,33.3,68287,32.53
pattern,M5_tri0.1_N5_min1000_inv,0.5xATRM15,130681,32.81,68196,32.83
pattern,M5_tri0.1_N5_min200,1xATRM15,31524,42.6,16600,42.25
pattern,M5_tri0.1_N5_min200_inv,1xATRM15,31859,41.07,16496,42.17
pattern,M5_tri0.1_N5_min1000,1xATRM15,31368,41.9,16672,42.0
pattern,M5_tri0.1_N5_min1000_inv,1xATRM15,31767,41.62,16626,41.48
pattern,M5_tri0.1_N5_min200,2xATRM15,6824,47.29,3704,45.65
pattern,M5_tri0.1_N5_min200_inv,2xATRM15,6646,46.21,3650,45.7
pattern,M5_tri0.1_N5_min1000,2xATRM15,6764,46.64,3731,45.59
pattern,M5_tri0.1_N5_min1000_inv,2xATRM15,6617,47.08,3649,45.19
pattern,M5_tri0.1_N5_min200,3xATRM15,2671,49.83,1435,44.88
pattern,M5_tri0.1_N5_min200_inv,3xATRM15,2676,47.46,1535,49.9
pattern,M5_tri0.1_N5_min1000,3xATRM15,2712,48.3,1428,44.33
pattern,M5_tri0.1_N5_min1000_inv,3xATRM15,2674,47.34,1555,46.11
pattern,M5_tri0.1_N5_min200,0.5xATRH1,36105,43.09,18795,42.92
pattern,M5_tri0.1_N5_min200_inv,0.5xATRH1,36182,41.69,18959,42.52
pattern,M5_tri0.1_N5_min1000,0.5xATRH1,36168,42.66,18921,42.47
pattern,M5_tri0.1_N5_min1000_inv,0.5xATRH1,36047,42.16,18958,41.66
pattern,M5_tri0.1_N5_min200,1xATRH1,9233,47.15,4854,46.21
pattern,M5_tri0.1_N5_min200_inv,1xATRH1,9209,45.38,4875,45.6
pattern,M5_tri0.1_N5_min1000,1xATRH1,9239,46.76,4863,45.49
pattern,M5_tri0.1_N5_min1000_inv,1xATRH1,9207,46.7,4864,44.98
pattern,M5_tri0.1_N5_min200,2xATRH1,2210,48.64,1207,46.56
pattern,M5_tri0.1_N5_min200_inv,2xATRH1,2200,48.05,1240,46.94
pattern,M5_tri0.1_N5_min1000,2xATRH1,2207,48.12,1241,45.29
pattern,M5_tri0.1_N5_min1000_inv,2xATRH1,2181,48.37,1228,45.93
pattern,M5_tri0.1_N5_min200,3xATRH1,980,50.92,515,51.26
pattern,M5_tri0.1_N5_min200_inv,3xATRH1,972,48.66,544,47.61
pattern,M5_tri0.1_N5_min1000,3xATRH1,985,48.53,539,53.62
pattern,M5_tri0.1_N5_min1000_inv,3xATRH1,962,46.57,548,53.28
pattern,M5_tri0.1_N5_min200,0.5xATRD1,1687,50.21,858,47.9
pattern,M5_tri0.1_N5_min200_inv,0.5xATRD1,1708,46.66,834,52.28
pattern,M5_tri0.1_N5_min1000,0.5xATRD1,1661,49.07,832,45.79
pattern,M5_tri0.1_N5_min1000_inv,0.5xATRD1,1708,49.77,846,47.4
pattern,M5_tri0.1_N5_min200,1xATRD1,426,48.59,225,49.78
pattern,M5_tri0.1_N5_min200_inv,1xATRD1,444,48.65,224,42.86
pattern,M5_tri0.1_N5_min1000,1xATRD1,431,49.19,230,53.48
pattern,M5_tri0.1_N5_min1000_inv,1xATRD1,440,48.41,221,49.77
pattern,M5_tri0.1_N5_min200,2xATRD1,97,46.39,63,58.73
pattern,M5_tri0.1_N5_min200_inv,2xATRD1,104,50.96,66,36.36
pattern,M5_tri0.1_N5_min1000,2xATRD1,101,50.5,63,58.73
pattern,M5_tri0.1_N5_min1000_inv,2xATRD1,108,45.37,58,46.55
pattern,M5_tri0.1_N5_min200,3xATRD1,50,56.0,26,65.38
pattern,M5_tri0.1_N5_min200_inv,3xATRD1,48,52.08,33,30.3
pattern,M5_tri0.1_N5_min1000,3xATRD1,50,56.0,26,65.38
pattern,M5_tri0.1_N5_min1000_inv,3xATRD1,51,52.94,33,45.45
pattern,M5_tri0.1_N5_min200,fix1,159873,36.06,95599,35.22
pattern,M5_tri0.1_N5_min200_inv,fix1,161413,34.74,95803,35.11
pattern,M5_tri0.1_N5_min1000,fix1,160243,35.76,95628,34.96
pattern,M5_tri0.1_N5_min1000_inv,fix1,161255,34.91,95681,35.05
pattern,M5_tri0.1_N5_min200,fix2,47374,43.73,29182,42.74
pattern,M5_tri0.1_N5_min200_inv,fix2,47797,41.52,29199,42.19
pattern,M5_tri0.1_N5_min1000,fix2,47567,43.37,29178,42.5
pattern,M5_tri0.1_N5_min1000_inv,fix2,47806,42.18,29380,41.94
pattern,M5_tri0.1_N5_min200,fix3,22282,45.84,13822,45.51
pattern,M5_tri0.1_N5_min200_inv,fix3,22348,44.22,13780,44.91
pattern,M5_tri0.1_N5_min1000,fix3,22359,45.32,13879,44.74
pattern,M5_tri0.1_N5_min1000_inv,fix3,22364,44.77,13811,44.31
pattern,M5_tri0.1_N5_min200,fix5,8518,48.63,5190,45.76
pattern,M5_tri0.1_N5_min200_inv,fix5,8469,45.72,5303,47.94
pattern,M5_tri0.1_N5_min1000,fix5,8367,47.99,5198,45.29
pattern,M5_tri0.1_N5_min1000_inv,fix5,8480,46.13,5255,46.2
pattern,M5_tri0.1_N5_min200,fix10,2275,48.22,1343,49.59
pattern,M5_tri0.1_N5_min200_inv,fix10,2212,48.24,1374,46.94
pattern,M5_tri0.1_N5_min1000,fix10,2232,48.3,1357,49.96
pattern,M5_tri0.1_N5_min1000_inv,fix10,2226,47.89,1346,48.59
pattern,M5_tri0.1_N6_min200,0.5xATRM15,129092,33.81,68097,32.64
pattern,M5_tri0.1_N6_min200_inv,0.5xATRM15,130649,32.45,68241,33.06
pattern,M5_tri0.1_N6_min1000,0.5xATRM15,129367,33.31,68395,32.5
pattern,M5_tri0.1_N6_min1000_inv,0.5xATRM15,130066,32.99,68179,32.79
pattern,M5_tri0.1_N6_min200,1xATRM15,31595,42.51,16857,41.6
pattern,M5_tri0.1_N6_min200_inv,1xATRM15,31665,41.31,16561,42.08
pattern,M5_tri0.1_N6_min1000,1xATRM15,31375,42.21,16818,41.37
pattern,M5_tri0.1_N6_min1000_inv,1xATRM15,31518,41.9,16510,41.74
pattern,M5_tri0.1_N6_min200,2xATRM15,6830,47.0,3658,46.86
pattern,M5_tri0.1_N6_min200_inv,2xATRM15,6643,45.91,3605,44.74
pattern,M5_tri0.1_N6_min1000,2xATRM15,6760,46.7,3708,45.44
pattern,M5_tri0.1_N6_min1000_inv,2xATRM15,6731,46.13,3696,44.16
pattern,M5_tri0.1_N6_min200,3xATRM15,2756,48.8,1455,46.6
pattern,M5_tri0.1_N6_min200_inv,3xATRM15,2683,47.48,1523,48.98
pattern,M5_tri0.1_N6_min1000,3xATRM15,2731,47.09,1515,45.08
pattern,M5_tri0.1_N6_min1000_inv,3xATRM15,2713,48.69,1477,45.84
pattern,M5_tri0.1_N6_min200,0.5xATRH1,36164,43.13,18892,42.05
pattern,M5_tri0.1_N6_min200_inv,0.5xATRH1,36038,41.81,18918,42.31
pattern,M5_tri0.1_N6_min1000,0.5xATRH1,36139,42.56,18937,41.94
pattern,M5_tri0.1_N6_min1000_inv,0.5xATRH1,35986,41.93,18944,42.09
pattern,M5_tri0.1_N6_min200,1xATRH1,9210,48.05,4863,46.37
pattern,M5_tri0.1_N6_min200_inv,1xATRH1,9207,45.62,4925,45.91
pattern,M5_tri0.1_N6_min1000,1xATRH1,9150,46.64,4883,44.15
pattern,M5_tri0.1_N6_min1000_inv,1xATRH1,9217,45.67,4901,45.24
pattern,M5_tri0.1_N6_min200,2xATRH1,2228,49.37,1211,48.14
pattern,M5_tri0.1_N6_min200_inv,2xATRH1,2169,47.35,1241,48.03
pattern,M5_tri0.1_N6_min1000,2xATRH1,2221,47.37,1238,47.09
pattern,M5_tri0.1_N6_min1000_inv,2xATRH1,2180,48.3,1244,45.5
pattern,M5_tri0.1_N6_min200,3xATRH1,944,49.68,546,47.44
pattern,M5_tri0.1_N6_min200_inv,3xATRH1,958,49.27,535,45.79
pattern,M5_tri0.1_N6_min1000,3xATRH1,964,48.76,549,51.37
pattern,M5_tri0.1_N6_min1000_inv,3xATRH1,959,47.97,547,52.29
pattern,M5_tri0.1_N6_min200,0.5xATRD1,1693,50.38,852,45.77
pattern,M5_tri0.1_N6_min200_inv,0.5xATRD1,1701,48.91,811,50.8
pattern,M5_tri0.1_N6_min1000,0.5xATRD1,1674,48.57,846,43.74
pattern,M5_tri0.1_N6_min1000_inv,0.5xATRD1,1704,48.42,823,46.78
pattern,M5_tri0.1_N6_min200,1xATRD1,438,50.23,222,47.3
pattern,M5_tri0.1_N6_min200_inv,1xATRD1,442,49.32,213,46.95
pattern,M5_tri0.1_N6_min1000,1xATRD1,433,48.5,228,54.82
pattern,M5_tri0.1_N6_min1000_inv,1xATRD1,444,50.0,218,54.13
pattern,M5_tri0.1_N6_min200,2xATRD1,112,47.32,65,58.46
pattern,M5_tri0.1_N6_min200_inv,2xATRD1,108,45.37,64,42.19
pattern,M5_tri0.1_N6_min1000,2xATRD1,101,49.5,65,60.0
pattern,M5_tri0.1_N6_min1000_inv,2xATRD1,110,55.45,52,53.85
pattern,M5_tri0.1_N6_min200,3xATRD1,47,48.94,33,63.64
pattern,M5_tri0.1_N6_min200_inv,3xATRD1,53,54.72,33,45.45
pattern,M5_tri0.1_N6_min200,fix1,159944,36.05,95896,35.25
pattern,M5_tri0.1_N6_min200_inv,fix1,161630,34.7,95801,34.66
pattern,M5_tri0.1_N6_min1000,fix1,160611,35.58,95789,35.03
pattern,M5_tri0.1_N6_min1000_inv,fix1,161132,35.15,95822,34.68
pattern,M5_tri0.1_N6_min200,fix2,47257,43.59,29108,42.09
pattern,M5_tri0.1_N6_min200_inv,fix2,47581,42.01,29247,42.64
pattern,M5_tri0.1_N6_min1000,fix2,47574,43.15,29205,42.29
pattern,M5_tri0.1_N6_min1000_inv,fix2,47790,42.49,29350,41.96
pattern,M5_tri0.1_N6_min200,fix3,22253,46.16,13788,45.47
pattern,M5_tri0.1_N6_min200_inv,fix3,22416,44.48,13861,44.57
pattern,M5_tri0.1_N6_min1000,fix3,22357,45.68,13844,44.67
pattern,M5_tri0.1_N6_min1000_inv,fix3,22379,44.67,13846,44.52
pattern,M5_tri0.1_N6_min200,fix5,8370,48.7,5264,46.92
pattern,M5_tri0.1_N6_min200_inv,fix5,8417,45.65,5225,45.99
pattern,M5_tri0.1_N6_min1000,fix5,8434,47.19,5238,45.82
pattern,M5_tri0.1_N6_min1000_inv,fix5,8441,46.43,5202,46.16
pattern,M5_tri0.1_N6_min200,fix10,2257,49.49,1357,50.04
pattern,M5_tri0.1_N6_min200_inv,fix10,2261,47.99,1332,48.2
pattern,M5_tri0.1_N6_min1000,fix10,2236,49.24,1352,50.15
pattern,M5_tri0.1_N6_min1000_inv,fix10,2256,49.29,1334,50.67
pattern,M5_tri0.3_N1_min200,0.5xATRM15,129524,33.59,67703,33.21
pattern,M5_tri0.3_N1_min200_inv,0.5xATRM15,130524,32.62,68990,32.48
pattern,M5_tri0.3_N1_min1000,0.5xATRM15,129524,33.59,67703,33.21
pattern,M5_tri0.3_N1_min1000_inv,0.5xATRM15,130524,32.62,68990,32.48
pattern,M5_tri0.3_N1_min200,1xATRM15,31181,42.1,16790,41.38
pattern,M5_tri0.3_N1_min200_inv,1xATRM15,31418,42.23,16438,43.42
pattern,M5_tri0.3_N1_min1000,1xATRM15,31181,42.1,16790,41.38
pattern,M5_tri0.3_N1_min1000_inv,1xATRM15,31418,42.23,16438,43.42
pattern,M5_tri0.3_N1_min200,2xATRM15,6717,46.49,3671,44.48
pattern,M5_tri0.3_N1_min200_inv,2xATRM15,6754,46.71,3557,48.21
pattern,M5_tri0.3_N1_min1000,2xATRM15,6717,46.49,3671,44.48
pattern,M5_tri0.3_N1_min1000_inv,2xATRM15,6754,46.71,3557,48.21
pattern,M5_tri0.3_N1_min200,3xATRM15,2777,48.4,1434,48.19
pattern,M5_tri0.3_N1_min200_inv,3xATRM15,2661,47.95,1448,47.72
pattern,M5_tri0.3_N1_min1000,3xATRM15,2777,48.4,1434,48.19
pattern,M5_tri0.3_N1_min1000_inv,3xATRM15,2661,47.95,1448,47.72
pattern,M5_tri0.3_N1_min200,0.5xATRH1,36116,42.51,19043,41.47
pattern,M5_tri0.3_N1_min200_inv,0.5xATRH1,35991,42.46,18841,43.56
pattern,M5_tri0.3_N1_min1000,0.5xATRH1,36116,42.51,19043,41.47
pattern,M5_tri0.3_N1_min1000_inv,0.5xATRH1,35991,42.46,18841,43.56
pattern,M5_tri0.3_N1_min200,1xATRH1,9194,46.87,4936,46.6
pattern,M5_tri0.3_N1_min200_inv,1xATRH1,9218,45.98,4848,46.99
pattern,M5_tri0.3_N1_min1000,1xATRH1,9194,46.87,4936,46.6
pattern,M5_tri0.3_N1_min1000_inv,1xATRH1,9218,45.98,4848,46.99
pattern,M5_tri0.3_N1_min200,2xATRH1,2168,47.92,1236,45.47
pattern,M5_tri0.3_N1_min200_inv,2xATRH1,2278,48.16,1212,50.99
pattern,M5_tri0.3_N1_min1000,2xATRH1,2168,47.92,1236,45.47
pattern,M5_tri0.3_N1_min1000_inv,2xATRH1,2278,48.16,1212,50.99
pattern,M5_tri0.3_N1_min200,3xATRH1,984,48.58,552,53.26
pattern,M5_tri0.3_N1_min200_inv,3xATRH1,936,48.93,544,44.67
pattern,M5_tri0.3_N1_min1000,3xATRH1,984,48.58,552,53.26
pattern,M5_tri0.3_N1_min1000_inv,3xATRH1,936,48.93,544,44.67
pattern,M5_tri0.3_N1_min200,0.5xATRD1,1704,48.36,844,45.62
pattern,M5_tri0.3_N1_min200_inv,0.5xATRD1,1703,48.85,860,51.63
pattern,M5_tri0.3_N1_min1000,0.5xATRD1,1704,48.36,844,45.62
pattern,M5_tri0.3_N1_min1000_inv,0.5xATRD1,1703,48.85,860,51.63
pattern,M5_tri0.3_N1_min200,1xATRD1,445,50.79,227,55.51
pattern,M5_tri0.3_N1_min200_inv,1xATRD1,427,48.01,225,42.67
pattern,M5_tri0.3_N1_min1000,1xATRD1,445,50.79,227,55.51
pattern,M5_tri0.3_N1_min1000_inv,1xATRD1,427,48.01,225,42.67
pattern,M5_tri0.3_N1_min200,2xATRD1,101,51.49,61,60.66
pattern,M5_tri0.3_N1_min200_inv,2xATRD1,103,46.6,53,37.74
pattern,M5_tri0.3_N1_min1000,2xATRD1,101,51.49,61,60.66
pattern,M5_tri0.3_N1_min1000_inv,2xATRD1,103,46.6,53,37.74
pattern,M5_tri0.3_N1_min200,3xATRD1,50,54.0,26,69.23
pattern,M5_tri0.3_N1_min200_inv,3xATRD1,53,45.28,33,33.33
pattern,M5_tri0.3_N1_min1000,3xATRD1,50,54.0,26,69.23
pattern,M5_tri0.3_N1_min1000_inv,3xATRD1,53,45.28,33,33.33
pattern,M5_tri0.3_N1_min200,fix1,159635,35.98,95238,35.49
pattern,M5_tri0.3_N1_min200_inv,fix1,161675,34.81,95957,34.99
pattern,M5_tri0.3_N1_min1000,fix1,159635,35.98,95238,35.49
pattern,M5_tri0.3_N1_min1000_inv,fix1,161675,34.81,95957,34.99
pattern,M5_tri0.3_N1_min200,fix2,47455,43.27,29111,42.77
pattern,M5_tri0.3_N1_min200_inv,fix2,47866,41.77,29269,42.28
pattern,M5_tri0.3_N1_min1000,fix2,47455,43.27,29111,42.77
pattern,M5_tri0.3_N1_min1000_inv,fix2,47866,41.77,29269,42.28
pattern,M5_tri0.3_N1_min200,fix3,22329,45.07,13862,44.08
pattern,M5_tri0.3_N1_min200_inv,fix3,22283,45.25,13817,45.94
pattern,M5_tri0.3_N1_min1000,fix3,22329,45.07,13862,44.08
pattern,M5_tri0.3_N1_min1000_inv,fix3,22283,45.25,13817,45.94
pattern,M5_tri0.3_N1_min200,fix5,8372,46.99,5167,45.54
pattern,M5_tri0.3_N1_min200_inv,fix5,8467,47.19,5202,48.44
pattern,M5_tri0.3_N1_min1000,fix5,8372,46.99,5167,45.54
pattern,M5_tri0.3_N1_min1000_inv,fix5,8467,47.19,5202,48.44
pattern,M5_tri0.3_N1_min200,fix10,2244,48.62,1365,50.99
pattern,M5_tri0.3_N1_min200_inv,fix10,2214,48.19,1373,46.1
pattern,M5_tri0.3_N1_min1000,fix10,2244,48.62,1365,50.99
pattern,M5_tri0.3_N1_min1000_inv,fix10,2214,48.19,1373,46.1
pattern,M5_tri0.3_N2_min200,0.5xATRM15,129294,33.59,67920,33.04
pattern,M5_tri0.3_N2_min200_inv,0.5xATRM15,130792,32.54,68654,32.79
pattern,M5_tri0.3_N2_min1000,0.5xATRM15,129294,33.59,67920,33.04
pattern,M5_tri0.3_N2_min1000_inv,0.5xATRM15,130792,32.54,68654,32.79
pattern,M5_tri0.3_N2_min200,1xATRM15,31504,42.54,16589,42.02
pattern,M5_tri0.3_N2_min200_inv,1xATRM15,31836,41.35,16802,42.16
pattern,M5_tri0.3_N2_min1000,1xATRM15,31504,42.54,16589,42.02
pattern,M5_tri0.3_N2_min1000_inv,1xATRM15,31836,41.35,16802,42.16
pattern,M5_tri0.3_N2_min200,2xATRM15,6801,46.64,3690,44.88
pattern,M5_tri0.3_N2_min200_inv,2xATRM15,6632,46.14,3571,47.3
pattern,M5_tri0.3_N2_min1000,2xATRM15,6801,46.64,3690,44.88
pattern,M5_tri0.3_N2_min1000_inv,2xATRM15,6632,46.14,3571,47.3
pattern,M5_tri0.3_N2_min200,3xATRM15,2775,50.41,1462,49.25
pattern,M5_tri0.3_N2_min200_inv,3xATRM15,2643,47.56,1509,47.78
pattern,M5_tri0.3_N2_min1000,3xATRM15,2775,50.41,1462,49.25
pattern,M5_tri0.3_N2_min1000_inv,3xATRM15,2643,47.56,1509,47.78
pattern,M5_tri0.3_N2_min200,0.5xATRH1,36173,42.73,18872,42.39
pattern,M5_tri0.3_N2_min200_inv,0.5xATRH1,36244,41.82,19092,42.54
pattern,M5_tri0.3_N2_min1000,0.5xATRH1,36173,42.73,18872,42.39
pattern,M5_tri0.3_N2_min1000_inv,0.5xATRH1,36244,41.82,19092,42.54
pattern,M5_tri0.3_N2_min200,1xATRH1,9166,47.22,4872,45.79
pattern,M5_tri0.3_N2_min200_inv,1xATRH1,9171,45.75,4888,47.01
pattern,M5_tri0.3_N2_min1000,1xATRH1,9166,47.22,4872,45.79
pattern,M5_tri0.3_N2_min1000_inv,1xATRH1,9171,45.75,4888,47.01
pattern,M5_tri0.3_N2_min200,2xATRH1,2197,47.11,1229,45.08
pattern,M5_tri0.3_N2_min200_inv,2xATRH1,2232,48.75,1219,49.63
pattern,M5_tri0.3_N2_min1000,2xATRH1,2197,47.11,1229,45.08
pattern,M5_tri0.3_N2_min1000_inv,2xATRH1,2232,48.75,1219,49.63
pattern,M5_tri0.3_N2_min200,3xATRH1,958,49.79,538,50.93
pattern,M5_tri0.3_N2_min200_inv,3xATRH1,953,46.38,538,49.26
pattern,M5_tri0.3_N2_min1000,3xATRH1,958,49.79,538,50.93
pattern,M5_tri0.3_N2_min1000_inv,3xATRH1,953,46.38,538,49.26
pattern,M5_tri0.3_N2_min200,0.5xATRD1,1702,47.3,851,48.53
pattern,M5_tri0.3_N2_min200_inv,0.5xATRD1,1727,49.91,827,52.72
pattern,M5_tri0.3_N2_min1000,0.5xATRD1,1702,47.3,851,48.53
pattern,M5_tri0.3_N2_min1000_inv,0.5xATRD1,1727,49.91,827,52.72
pattern,M5_tri0.3_N2_min200,1xATRD1,445,50.79,227,55.51
pattern,M5_tri0.3_N2_min200_inv,1xATRD1,427,48.01,225,42.67
pattern,M5_tri0.3_N2_min1000,1xATRD1,445,50.79,227,55.51
pattern,M5_tri0.3_N2_min1000_inv,1xATRD1,427,48.01,225,42.67
pattern,M5_tri0.3_N2_min200,2xATRD1,101,51.49,61,60.66
pattern,M5_tri0.3_N2_min200_inv,2xATRD1,103,46.6,53,37.74
pattern,M5_tri0.3_N2_min1000,2xATRD1,101,51.49,61,60.66
pattern,M5_tri0.3_N2_min1000_inv,2xATRD1,103,46.6,53,37.74
pattern,M5_tri0.3_N2_min200,3xATRD1,50,54.0,26,69.23
pattern,M5_tri0.3_N2_min200_inv,3xATRD1,53,45.28,33,33.33
pattern,M5_tri0.3_N2_min1000,3xATRD1,50,54.0,26,69.23
pattern,M5_tri0.3_N2_min1000_inv,3xATRD1,53,45.28,33,33.33
pattern,M5_tri0.3_N2_min200,fix1,159754,35.91,95429,35.32
pattern,M5_tri0.3_N2_min200_inv,fix1,161509,34.86,95839,34.95
pattern,M5_tri0.3_N2_min1000,fix1,159754,35.91,95429,35.32
pattern,M5_tri0.3_N2_min1000_inv,fix1,161509,34.86,95839,34.95
pattern,M5_tri0.3_N2_min200,fix2,47464,43.31,29024,42.77
pattern,M5_tri0.3_N2_min200_inv,fix2,48013,41.49,29225,42.33
pattern,M5_tri0.3_N2_min1000,fix2,47464,43.31,29024,42.77
pattern,M5_tri0.3_N2_min1000_inv,fix2,48013,41.49,29225,42.33
pattern,M5_tri0.3_N2_min200,fix3,22386,45.3,13750,44.48
pattern,M5_tri0.3_N2_min200_inv,fix3,22318,44.78,13863,45.64
pattern,M5_tri0.3_N2_min1000,fix3,22386,45.3,13750,44.48
pattern,M5_tri0.3_N2_min1000_inv,fix3,22318,44.78,13863,45.64
pattern,M5_tri0.3_N2_min200,fix5,8366,47.41,5153,46.69
pattern,M5_tri0.3_N2_min200_inv,fix5,8437,46.05,5259,47.27
pattern,M5_tri0.3_N2_min1000,fix5,8366,47.41,5153,46.69
pattern,M5_tri0.3_N2_min1000_inv,fix5,8437,46.05,5259,47.27
pattern,M5_tri0.3_N2_min200,fix10,2244,48.35,1342,49.4
pattern,M5_tri0.3_N2_min200_inv,fix10,2240,48.88,1348,47.03
pattern,M5_tri0.3_N2_min1000,fix10,2244,48.35,1342,49.4
pattern,M5_tri0.3_N2_min1000_inv,fix10,2240,48.88,1348,47.03
pattern,M5_tri0.3_N3_min200,0.5xATRM15,129480,33.65,68165,33.02
pattern,M5_tri0.3_N3_min200_inv,0.5xATRM15,130627,32.62,68583,32.81
pattern,M5_tri0.3_N3_min1000,0.5xATRM15,129480,33.65,68165,33.02
pattern,M5_tri0.3_N3_min1000_inv,0.5xATRM15,130627,32.62,68583,32.81
pattern,M5_tri0.3_N3_min200,1xATRM15,31215,42.83,16773,41.99
pattern,M5_tri0.3_N3_min200_inv,1xATRM15,31650,41.51,16614,42.63
pattern,M5_tri0.3_N3_min1000,1xATRM15,31215,42.83,16773,41.99
pattern,M5_tri0.3_N3_min1000_inv,1xATRM15,31650,41.51,16614,42.63
pattern,M5_tri0.3_N3_min200,2xATRM15,6709,47.49,3647,45.76
pattern,M5_tri0.3_N3_min200_inv,2xATRM15,6808,45.2,3604,47.09
pattern,M5_tri0.3_N3_min1000,2xATRM15,6709,47.49,3647,45.76
pattern,M5_tri0.3_N3_min1000_inv,2xATRM15,6808,45.2,3604,47.09
pattern,M5_tri0.3_N3_min200,3xATRM15,2740,48.14,1477,49.63
pattern,M5_tri0.3_N3_min200_inv,3xATRM15,2684,47.28,1482,48.04
pattern,M5_tri0.3_N3_min1000,3xATRM15,2740,48.14,1477,49.63
pattern,M5_tri0.3_N3_min1000_inv,3xATRM15,2684,47.28,1482,48.04
pattern,M5_tri0.3_N3_min200,0.5xATRH1,36142,42.57,18873,41.81
pattern,M5_tri0.3_N3_min200_inv,0.5xATRH1,36173,41.87,19014,42.99
pattern,M5_tri0.3_N3_min1000,0.5xATRH1,36142,42.57,18873,41.81
pattern,M5_tri0.3_N3_min1000_inv,0.5xATRH1,36173,41.87,19014,42.99
pattern,M5_tri0.3_N3_min200,1xATRH1,9118,46.28,4900,46.16
pattern,M5_tri0.3_N3_min200_inv,1xATRH1,9188,46.14,4881,46.24
pattern,M5_tri0.3_N3_min1000,1xATRH1,9118,46.28,4900,46.16
pattern,M5_tri0.3_N3_min1000_inv,1xATRH1,9188,46.14,4881,46.24
pattern,M5_tri0.3_N3_min200,2xATRH1,2144,48.46,1235,46.88
pattern,M5_tri0.3_N3_min200_inv,2xATRH1,2237,49.08,1233,50.69
pattern,M5_tri0.3_N3_min1000,2xATRH1,2144,48.46,1235,46.88
pattern,M5_tri0.3_N3_min1000_inv,2xATRH1,2237,49.08,1233,50.69
pattern,M5_tri0.3_N3_min200,3xATRH1,970,49.69,568,49.82
pattern,M5_tri0.3_N3_min200_inv,3xATRH1,939,47.92,528,46.21
pattern,M5_tri0.3_N3_min1000,3xATRH1,970,49.69,568,49.82
pattern,M5_tri0.3_N3_min1000_inv,3xATRH1,939,47.92,528,46.21
pattern,M5_tri0.3_N3_min200,0.5xATRD1,1709,47.57,834,46.88
pattern,M5_tri0.3_N3_min200_inv,0.5xATRD1,1670,47.6,846,47.04
pattern,M5_tri0.3_N3_min1000,0.5xATRD1,1709,47.57,834,46.88
pattern,M5_tri0.3_N3_min1000_inv,0.5xATRD1,1670,47.6,846,47.04
pattern,M5_tri0.3_N3_min200,1xATRD1,428,51.17,226,49.56
pattern,M5_tri0.3_N3_min200_inv,1xATRD1,441,48.53,222,45.5
pattern,M5_tri0.3_N3_min1000,1xATRD1,428,51.17,226,49.56
pattern,M5_tri0.3_N3_min1000_inv,1xATRD1,441,48.53,222,45.5
pattern,M5_tri0.3_N3_min200,2xATRD1,101,51.49,61,60.66
pattern,M5_tri0.3_N3_min200_inv,2xATRD1,103,46.6,53,37.74
pattern,M5_tri0.3_N3_min1000,2xATRD1,101,51.49,61,60.66
pattern,M5_tri0.3_N3_min1000_inv,2xATRD1,103,46.6,53,37.74
pattern,M5_tri0.3_N3_min200,3xATRD1,50,54.0,26,69.23
pattern,M5_tri0.3_N3_min200_inv,3xATRD1,53,45.28,33,33.33
pattern,M5_tri0.3_N3_min1000,3xATRD1,50,54.0,26,69.23
pattern,M5_tri0.3_N3_min1000_inv,3xATRD1,53,45.28,33,33.33
pattern,M5_tri0.3_N3_min200,fix1,159598,35.94,95405,35.34
pattern,M5_tri0.3_N3_min200_inv,fix1,161420,34.86,95855,34.97
pattern,M5_tri0.3_N3_min1000,fix1,159598,35.94,95405,35.34
pattern,M5_tri0.3_N3_min1000_inv,fix1,161420,34.86,95855,34.97
pattern,M5_tri0.3_N3_min200,fix2,47343,43.57,29071,42.87
pattern,M5_tri0.3_N3_min200_inv,fix2,47798,41.63,29195,42.34
pattern,M5_tri0.3_N3_min1000,fix2,47343,43.57,29071,42.87
pattern,M5_tri0.3_N3_min1000_inv,fix2,47798,41.63,29195,42.34
pattern,M5_tri0.3_N3_min200,fix3,22319,45.24,13790,44.93
pattern,M5_tri0.3_N3_min200_inv,fix3,22357,44.29,13826,45.36
pattern,M5_tri0.3_N3_min1000,fix3,22319,45.24,13790,44.93
pattern,M5_tri0.3_N3_min1000_inv,fix3,22357,44.29,13826,45.36
pattern,M5_tri0.3_N3_min200,fix5,8385,47.25,5257,46.47
pattern,M5_tri0.3_N3_min200_inv,fix5,8399,46.91,5233,47.18
pattern,M5_tri0.3_N3_min1000,fix5,8385,47.25,5257,46.47
pattern,M5_tri0.3_N3_min1000_inv,fix5,8399,46.91,5233,47.18
pattern,M5_tri0.3_N3_min200,fix10,2222,46.85,1370,47.59
pattern,M5_tri0.3_N3_min200_inv,fix10,2259,48.43,1356,48.67
pattern,M5_tri0.3_N3_min1000,fix10,2222,46.85,1370,47.59
pattern,M5_tri0.3_N3_min1000_inv,fix10,2259,48.43,1356,48.67
pattern,M5_tri0.3_N4_min200,0.5xATRM15,129669,33.61,68203,33.26
pattern,M5_tri0.3_N4_min200_inv,0.5xATRM15,131218,32.5,68374,32.75
pattern,M5_tri0.3_N4_min1000,0.5xATRM15,129669,33.61,68203,33.26
pattern,M5_tri0.3_N4_min1000_inv,0.5xATRM15,131218,32.5,68374,32.75
pattern,M5_tri0.3_N4_min200,1xATRM15,31606,42.78,16634,42.26
pattern,M5_tri0.3_N4_min200_inv,1xATRM15,31831,41.35,16829,42.37
pattern,M5_tri0.3_N4_min1000,1xATRM15,31606,42.78,16634,42.26
pattern,M5_tri0.3_N4_min1000_inv,1xATRM15,31831,41.35,16829,42.37
pattern,M5_tri0.3_N4_min200,2xATRM15,6734,47.67,3633,45.39
pattern,M5_tri0.3_N4_min200_inv,2xATRM15,6584,45.67,3597,47.12
pattern,M5_tri0.3_N4_min1000,2xATRM15,6734,47.67,3633,45.39
pattern,M5_tri0.3_N4_min1000_inv,2xATRM15,6584,45.67,3597,47.12
pattern,M5_tri0.3_N4_min200,3xATRM15,2716,49.74,1440,47.64
pattern,M5_tri0.3_N4_min200_inv,3xATRM15,2671,46.95,1506,48.54
pattern,M5_tri0.3_N4_min1000,3xATRM15,2716,49.74,1440,47.64
pattern,M5_tri0.3_N4_min1000_inv,3xATRM15,2671,46.95,1506,48.54
pattern,M5_tri0.3_N4_min200,0.5xATRH1,36086,42.72,18810,42.55
pattern,M5_tri0.3_N4_min200_inv,0.5xATRH1,36283,41.62,19119,42.33
pattern,M5_tri0.3_N4_min1000,0.5xATRH1,36086,42.72,18810,42.55
pattern,M5_tri0.3_N4_min1000_inv,0.5xATRH1,36283,41.62,19119,42.33
pattern,M5_tri0.3_N4_min200,1xATRH1,9269,47.15,4907,44.87
pattern,M5_tri0.3_N4_min200_inv,1xATRH1,9283,45.5,4891,46.25
pattern,M5_tri0.3_N4_min1000,1xATRH1,9269,47.15,4907,44.87
pattern,M5_tri0.3_N4_min1000_inv,1xATRH1,9283,45.5,4891,46.25
pattern,M5_tri0.3_N4_min200,2xATRH1,2249,48.96,1209,47.31
pattern,M5_tri0.3_N4_min200_inv,2xATRH1,2220,46.98,1203,47.55
pattern,M5_tri0.3_N4_min1000,2xATRH1,2249,48.96,1209,47.31
pattern,M5_tri0.3_N4_min1000_inv,2xATRH1,2220,46.98,1203,47.55
pattern,M5_tri0.3_N4_min200,3xATRH1,934,50.64,534,50.37
pattern,M5_tri0.3_N4_min200_inv,3xATRH1,942,46.5,535,47.66
pattern,M5_tri0.3_N4_min1000,3xATRH1,934,50.64,534,50.37
pattern,M5_tri0.3_N4_min1000_inv,3xATRH1,942,46.5,535,47.66
pattern,M5_tri0.3_N4_min200,0.5xATRD1,1706,46.83,850,48.71
pattern,M5_tri0.3_N4_min200_inv,0.5xATRD1,1706,49.12,832,49.28
pattern,M5_tri0.3_N4_min1000,0.5xATRD1,1706,46.83,850,48.71
pattern,M5_tri0.3_N4_min1000_inv,0.5xATRD1,1706,49.12,832,49.28
pattern,M5_tri0.3_N4_min200,1xATRD1,428,47.9,226,52.65
pattern,M5_tri0.3_N4_min200_inv,1xATRD1,455,50.33,226,46.02
pattern,M5_tri0.3_N4_min1000,1xATRD1,428,47.9,226,52.65
pattern,M5_tri0.3_N4_min1000_inv,1xATRD1,455,50.33,226,46.02
pattern,M5_tri0.3_N4_min200,2xATRD1,101,52.48,61,62.3
pattern,M5_tri0.3_N4_min200_inv,2xATRD1,108,50.0,53,35.85
pattern,M5_tri0.3_N4_min1000,2xATRD1,101,52.48,61,62.3
pattern,M5_tri0.3_N4_min1000_inv,2xATRD1,108,50.0,53,35.85
pattern,M5_tri0.3_N4_min200,3xATRD1,50,56.0,26,69.23
pattern,M5_tri0.3_N4_min200_inv,3xATRD1,53,43.4,33,36.36
pattern,M5_tri0.3_N4_min1000,3xATRD1,50,56.0,26,69.23
pattern,M5_tri0.3_N4_min1000_inv,3xATRD1,51,45.1,33,33.33
pattern,M5_tri0.3_N4_min200,fix1,159985,35.87,95365,35.29
pattern,M5_tri0.3_N4_min200_inv,fix1,161326,34.82,95910,35.05
pattern,M5_tri0.3_N4_min1000,fix1,159985,35.87,95365,35.29
pattern,M5_tri0.3_N4_min1000_inv,fix1,161326,34.82,95910,35.05
pattern,M5_tri0.3_N4_min200,fix2,47370,43.31,29097,42.85
pattern,M5_tri0.3_N4_min200_inv,fix2,47869,41.79,29247,42.31
pattern,M5_tri0.3_N4_min1000,fix2,47370,43.31,29097,42.85
pattern,M5_tri0.3_N4_min1000_inv,fix2,47869,41.79,29247,42.31
pattern,M5_tri0.3_N4_min200,fix3,22369,45.2,13847,45.37
pattern,M5_tri0.3_N4_min200_inv,fix3,22285,44.39,13896,45.13
pattern,M5_tri0.3_N4_min1000,fix3,22369,45.2,13847,45.37
pattern,M5_tri0.3_N4_min1000_inv,fix3,22285,44.39,13896,45.13
pattern,M5_tri0.3_N4_min200,fix5,8381,47.88,5208,47.12
pattern,M5_tri0.3_N4_min200_inv,fix5,8424,45.52,5312,47.89
pattern,M5_tri0.3_N4_min1000,fix5,8381,47.88,5208,47.12
pattern,M5_tri0.3_N4_min1000_inv,fix5,8424,45.52,5312,47.89
pattern,M5_tri0.3_N4_min200,fix10,2189,50.07,1357,49.74
pattern,M5_tri0.3_N4_min200_inv,fix10,2285,48.97,1357,48.19
pattern,M5_tri0.3_N4_min1000,fix10,2189,50.07,1357,49.74
pattern,M5_tri0.3_N4_min1000_inv,fix10,2285,48.97,1357,48.19
pattern,M5_tri0.3_N5_min200,0.5xATRM15,129129,34.04,67960,32.9
pattern,M5_tri0.3_N5_min200_inv,0.5xATRM15,130571,32.32,68497,32.84
pattern,M5_tri0.3_N5_min1000,0.5xATRM15,129883,33.52,68280,32.58
pattern,M5_tri0.3_N5_min1000_inv,0.5xATRM15,129815,33.24,68249,32.75
pattern,M5_tri0.3_N5_min200,1xATRM15,31685,42.91,16648,42.21
pattern,M5_tri0.3_N5_min200_inv,1xATRM15,31761,40.89,16571,42.0
pattern,M5_tri0.3_N5_min1000,1xATRM15,31504,42.16,16655,41.51
pattern,M5_tri0.3_N5_min1000_inv,1xATRM15,31157,42.0,16697,41.77
pattern,M5_tri0.3_N5_min200,2xATRM15,6713,49.13,3603,46.71
pattern,M5_tri0.3_N5_min200_inv,2xATRM15,6663,44.87,3690,45.99
pattern,M5_tri0.3_N5_min1000,2xATRM15,6726,46.52,3713,45.25
pattern,M5_tri0.3_N5_min1000_inv,2xATRM15,6752,46.16,3671,45.3
pattern,M5_tri0.3_N5_min200,3xATRM15,2664,48.12,1438,46.45
pattern,M5_tri0.3_N5_min200_inv,3xATRM15,2739,48.05,1469,46.09
pattern,M5_tri0.3_N5_min1000,3xATRM15,2727,47.19,1511,45.8
pattern,M5_tri0.3_N5_min1000_inv,3xATRM15,2759,47.66,1507,45.92
pattern,M5_tri0.3_N5_min200,0.5xATRH1,36072,43.22,18887,42.46
pattern,M5_tri0.3_N5_min200_inv,0.5xATRH1,36234,41.56,18991,42.71
pattern,M5_tri0.3_N5_min1000,0.5xATRH1,36100,43.01,19017,41.6
pattern,M5_tri0.3_N5_min1000_inv,0.5xATRH1,36224,42.23,19012,41.84
pattern,M5_tri0.3_N5_min200,1xATRH1,9155,46.62,4900,45.82
pattern,M5_tri0.3_N5_min200_inv,1xATRH1,9277,45.24,4875,45.19
pattern,M5_tri0.3_N5_min1000,1xATRH1,9163,46.48,4916,44.75
pattern,M5_tri0.3_N5_min1000_inv,1xATRH1,9156,45.97,4901,45.07
pattern,M5_tri0.3_N5_min200,2xATRH1,2212,49.1,1212,49.75
pattern,M5_tri0.3_N5_min200_inv,2xATRH1,2190,47.31,1223,48.08
pattern,M5_tri0.3_N5_min1000,2xATRH1,2176,48.21,1200,45.75
pattern,M5_tri0.3_N5_min1000_inv,2xATRH1,2180,47.8,1216,45.31
pattern,M5_tri0.3_N5_min200,3xATRH1,958,49.27,543,52.12
pattern,M5_tri0.3_N5_min200_inv,3xATRH1,989,46.71,522,47.7
pattern,M5_tri0.3_N5_min1000,3xATRH1,972,48.77,554,51.62
pattern,M5_tri0.3_N5_min1000_inv,3xATRH1,994,48.89,554,50.0
pattern,M5_tri0.3_N5_min200,0.5xATRD1,1667,48.53,839,48.03
pattern,M5_tri0.3_N5_min200_inv,0.5xATRD1,1738,48.62,843,49.35
pattern,M5_tri0.3_N5_min1000,0.5xATRD1,1716,47.96,845,46.27
pattern,M5_tri0.3_N5_min1000_inv,0.5xATRD1,1706,49.47,835,46.23
pattern,M5_tri0.3_N5_min200,1xATRD1,437,50.11,224,49.11
pattern,M5_tri0.3_N5_min200_inv,1xATRD1,457,48.58,223,52.02
pattern,M5_tri0.3_N5_min1000,1xATRD1,435,50.34,227,55.07
pattern,M5_tri0.3_N5_min1000_inv,1xATRD1,454,50.0,228,53.51
pattern,M5_tri0.3_N5_min200,2xATRD1,112,50.0,57,61.4
pattern,M5_tri0.3_N5_min200_inv,2xATRD1,114,42.98,60,35.0
pattern,M5_tri0.3_N5_min1000,2xATRD1,101,51.49,61,60.66
pattern,M5_tri0.3_N5_min1000_inv,2xATRD1,102,49.02,67,61.19
pattern,M5_tri0.3_N5_min200,3xATRD1,50,50.0,27,66.67
pattern,M5_tri0.3_N5_min200_inv,3xATRD1,53,45.28,33,33.33
pattern,M5_tri0.3_N5_min1000,3xATRD1,50,54.0,26,69.23
pattern,M5_tri0.3_N5_min1000_inv,3xATRD1,50,54.0,26,69.23
pattern,M5_tri0.3_N5_min200,fix1,159835,36.16,95574,35.2
pattern,M5_tri0.3_N5_min200_inv,fix1,161440,34.62,95834,35.19
pattern,M5_tri0.3_N5_min1000,fix1,160259,35.71,95705,34.78
pattern,M5_tri0.3_N5_min1000_inv,fix1,160812,35.31,95995,34.86
pattern,M5_tri0.3_N5_min200,fix2,47541,43.56,29150,42.49
pattern,M5_tri0.3_N5_min200_inv,fix2,47699,41.64,29253,42.45
pattern,M5_tri0.3_N5_min1000,fix2,47770,42.92,29272,41.89
pattern,M5_tri0.3_N5_min1000_inv,fix2,47718,42.49,29232,42.23
pattern,M5_tri0.3_N5_min200,fix3,22412,45.88,13808,45.31
pattern,M5_tri0.3_N5_min200_inv,fix3,22361,43.86,13829,44.72
pattern,M5_tri0.3_N5_min1000,fix3,22296,45.29,13867,44.35
pattern,M5_tri0.3_N5_min1000_inv,fix3,22424,44.95,13838,44.27
pattern,M5_tri0.3_N5_min200,fix5,8450,48.12,5145,47.79
pattern,M5_tri0.3_N5_min200_inv,fix5,8428,45.41,5333,45.96
pattern,M5_tri0.3_N5_min1000,fix5,8395,46.67,5195,45.79
pattern,M5_tri0.3_N5_min1000_inv,fix5,8427,46.8,5228,45.91
pattern,M5_tri0.3_N5_min200,fix10,2220,49.73,1373,47.92
pattern,M5_tri0.3_N5_min200_inv,fix10,2243,46.32,1366,48.68
pattern,M5_tri0.3_N5_min1000,fix10,2258,48.49,1357,50.41
pattern,M5_tri0.3_N5_min1000_inv,fix10,2222,47.79,1366,51.17
pattern,M5_tri0.3_N6_min200,0.5xATRM15,129021,34.51,68205,32.56
pattern,M5_tri0.3_N6_min200_inv,0.5xATRM15,130584,32.06,68227,33.19
pattern,M5_tri0.3_N6_min1000,0.5xATRM15,129964,33.29,68399,32.51
pattern,M5_tri0.3_N6_min1000_inv,0.5xATRM15,129926,33.28,68384,32.51
pattern,M5_tri0.3_N6_min200,1xATRM15,31493,43.41,16735,42.06
pattern,M5_tri0.3_N6_min200_inv,1xATRM15,31722,40.49,16510,41.56
pattern,M5_tri0.3_N6_min1000,1xATRM15,31181,42.1,16790,41.38
pattern,M5_tri0.3_N6_min1000_inv,1xATRM15,31186,42.08,16802,41.38
pattern,M5_tri0.3_N6_min200,2xATRM15,6730,48.22,3701,46.99
pattern,M5_tri0.3_N6_min200_inv,2xATRM15,6749,44.73,3694,45.53
pattern,M5_tri0.3_N6_min1000,2xATRM15,6717,46.49,3671,44.48
pattern,M5_tri0.3_N6_min1000_inv,2xATRM15,6711,46.49,3669,44.51
pattern,M5_tri0.3_N6_min200,3xATRM15,2700,49.26,1479,48.14
pattern,M5_tri0.3_N6_min200_inv,3xATRM15,2632,46.73,1512,45.77
pattern,M5_tri0.3_N6_min1000,3xATRM15,2722,47.54,1504,44.55
pattern,M5_tri0.3_N6_min1000_inv,3xATRM15,2722,47.5,1508,44.56
pattern,M5_tri0.3_N6_min200,0.5xATRH1,36026,43.69,19014,42.22
pattern,M5_tri0.3_N6_min200_inv,0.5xATRH1,36173,40.85,18947,42.32
pattern,M5_tri0.3_N6_min1000,0.5xATRH1,36116,42.51,19043,41.47
pattern,M5_tri0.3_N6_min1000_inv,0.5xATRH1,36135,42.46,19035,41.48
pattern,M5_tri0.3_N6_min200,1xATRH1,9154,47.28,4890,46.24
pattern,M5_tri0.3_N6_min200_inv,1xATRH1,9346,45.12,4903,46.85
pattern,M5_tri0.3_N6_min1000,1xATRH1,9126,46.15,4869,44.69
pattern,M5_tri0.3_N6_min1000_inv,1xATRH1,9137,46.09,4871,44.63
pattern,M5_tri0.3_N6_min200,2xATRH1,2192,50.55,1222,47.71
pattern,M5_tri0.3_N6_min200_inv,2xATRH1,2149,45.37,1225,44.73
pattern,M5_tri0.3_N6_min1000,2xATRH1,2168,47.92,1236,45.47
pattern,M5_tri0.3_N6_min1000_inv,2xATRH1,2170,47.83,1236,45.55
pattern,M5_tri0.3_N6_min200,3xATRH1,953,51.42,547,51.92
pattern,M5_tri0.3_N6_min200_inv,3xATRH1,955,44.61,539,44.9
pattern,M5_tri0.3_N6_min1000,3xATRH1,984,48.58,552,53.26
pattern,M5_tri0.3_N6_min1000_inv,3xATRH1,985,48.63,552,53.08
pattern,M5_tri0.3_N6_min200,0.5xATRD1,1665,49.67,845,48.05
pattern,M5_tri0.3_N6_min200_inv,0.5xATRD1,1718,46.33,867,48.1
pattern,M5_tri0.3_N6_min1000,0.5xATRD1,1704,48.36,844,45.62
pattern,M5_tri0.3_N6_min1000_inv,0.5xATRD1,1704,48.3,844,45.73
pattern,M5_tri0.3_N6_min200,1xATRD1,446,51.57,224,56.25
pattern,M5_tri0.3_N6_min200_inv,1xATRD1,453,50.33,223,52.47
pattern,M5_tri0.3_N6_min1000,1xATRD1,445,50.79,227,55.51
pattern,M5_tri0.3_N6_min1000_inv,1xATRD1,445,50.79,227,55.51
pattern,M5_tri0.3_N6_min200,2xATRD1,95,50.53,64,56.25
pattern,M5_tri0.3_N6_min200_inv,2xATRD1,119,49.58,63,49.21
pattern,M5_tri0.3_N6_min200,3xATRD1,50,50.0,26,65.38
pattern,M5_tri0.3_N6_min200_inv,3xATRD1,49,51.02,27,59.26
pattern,M5_tri0.3_N6_min200,fix1,159833,36.3,95724,35.15
pattern,M5_tri0.3_N6_min200_inv,fix1,161356,34.41,95797,35.15
pattern,M5_tri0.3_N6_min1000,fix1,160581,35.5,95864,34.7
pattern,M5_tri0.3_N6_min1000_inv,fix1,160576,35.49,95863,34.73
pattern,M5_tri0.3_N6_min200,fix2,47483,43.6,29290,42.39
pattern,M5_tri0.3_N6_min200_inv,fix2,47798,41.27,29003,42.08
pattern,M5_tri0.3_N6_min1000,fix2,47757,42.61,29301,41.97
pattern,M5_tri0.3_N6_min1000_inv,fix2,47749,42.6,29310,41.95
pattern,M5_tri0.3_N6_min200,fix3,22390,45.92,13823,44.75
pattern,M5_tri0.3_N6_min200_inv,fix3,22352,44.07,13822,45.04
pattern,M5_tri0.3_N6_min1000,fix3,22329,45.07,13862,44.08
pattern,M5_tri0.3_N6_min1000_inv,fix3,22332,45.06,13856,44.07
pattern,M5_tri0.3_N6_min200,fix5,8377,48.19,5225,47.22
pattern,M5_tri0.3_N6_min200_inv,fix5,8447,45.58,5265,45.85
pattern,M5_tri0.3_N6_min1000,fix5,8372,46.99,5167,45.54
pattern,M5_tri0.3_N6_min1000_inv,fix5,8368,46.95,5169,45.6
pattern,M5_tri0.3_N6_min200,fix10,2271,51.78,1377,49.31
pattern,M5_tri0.3_N6_min200_inv,fix10,2224,46.67,1350,48.0
pattern,M5_tri0.3_N6_min1000,fix10,2244,48.66,1365,51.06
pattern,M5_tri0.3_N6_min1000_inv,fix10,2244,48.62,1365,50.99
pattern,M15_sign_N1_min200,0.5xATRM15,129964,33.29,68399,32.51
pattern,M15_sign_N1_min200_inv,0.5xATRM15,129810,33.14,68030,33.48
pattern,M15_sign_N1_min1000,0.5xATRM15,129964,33.29,68399,32.51
pattern,M15_sign_N1_min1000_inv,0.5xATRM15,129810,33.14,68030,33.48
pattern,M15_sign_N1_min200,1xATRM15,31181,42.1,16790,41.38
pattern,M15_sign_N1_min200_inv,1xATRM15,31418,42.23,16438,43.42
pattern,M15_sign_N1_min1000,1xATRM15,31181,42.1,16790,41.38
pattern,M15_sign_N1_min1000_inv,1xATRM15,31418,42.23,16438,43.42
pattern,M15_sign_N1_min200,2xATRM15,6717,46.49,3671,44.48
pattern,M15_sign_N1_min200_inv,2xATRM15,6754,46.71,3557,48.21
pattern,M15_sign_N1_min1000,2xATRM15,6717,46.49,3671,44.48
pattern,M15_sign_N1_min1000_inv,2xATRM15,6754,46.71,3557,48.21
pattern,M15_sign_N1_min200,3xATRM15,2687,47.82,1456,45.88
pattern,M15_sign_N1_min200_inv,3xATRM15,2698,48.81,1491,48.16
pattern,M15_sign_N1_min1000,3xATRM15,2687,47.82,1456,45.88
pattern,M15_sign_N1_min1000_inv,3xATRM15,2698,48.81,1491,48.16
pattern,M15_sign_N1_min200,0.5xATRH1,36116,42.51,19043,41.47
pattern,M15_sign_N1_min200_inv,0.5xATRH1,35991,42.46,18841,43.56
pattern,M15_sign_N1_min1000,0.5xATRH1,36116,42.51,19043,41.47
pattern,M15_sign_N1_min1000_inv,0.5xATRH1,35991,42.46,18841,43.56
pattern,M15_sign_N1_min200,1xATRH1,9200,46.53,4885,47.08
pattern,M15_sign_N1_min200_inv,1xATRH1,9303,46.11,4930,45.01
pattern,M15_sign_N1_min1000,1xATRH1,9200,46.53,4885,47.08
pattern,M15_sign_N1_min1000_inv,1xATRH1,9303,46.11,4930,45.01
pattern,M15_sign_N1_min200,2xATRH1,2168,47.92,1236,45.47
pattern,M15_sign_N1_min200_inv,2xATRH1,2278,48.16,1212,50.99
pattern,M15_sign_N1_min1000,2xATRH1,2168,47.92,1236,45.47
pattern,M15_sign_N1_min1000_inv,2xATRH1,2278,48.16,1212,50.99
pattern,M15_sign_N1_min200,3xATRH1,984,48.58,552,53.26
pattern,M15_sign_N1_min200_inv,3xATRH1,936,48.93,544,44.67
pattern,M15_sign_N1_min1000,3xATRH1,984,48.58,552,53.26
pattern,M15_sign_N1_min1000_inv,3xATRH1,936,48.93,544,44.67
pattern,M15_sign_N1_min200,0.5xATRD1,1704,48.36,844,45.62
pattern,M15_sign_N1_min200_inv,0.5xATRD1,1703,48.85,860,51.63
pattern,M15_sign_N1_min1000,0.5xATRD1,1704,48.36,844,45.62
pattern,M15_sign_N1_min1000_inv,0.5xATRD1,1703,48.85,860,51.63
pattern,M15_sign_N1_min200,1xATRD1,445,50.79,227,55.51
pattern,M15_sign_N1_min200_inv,1xATRD1,427,48.01,225,42.67
pattern,M15_sign_N1_min1000,1xATRD1,445,50.79,227,55.51
pattern,M15_sign_N1_min1000_inv,1xATRD1,427,48.01,225,42.67
pattern,M15_sign_N1_min200,2xATRD1,101,51.49,61,60.66
pattern,M15_sign_N1_min200_inv,2xATRD1,103,46.6,53,37.74
pattern,M15_sign_N1_min1000,2xATRD1,101,51.49,61,60.66
pattern,M15_sign_N1_min1000_inv,2xATRD1,103,46.6,53,37.74
pattern,M15_sign_N1_min200,3xATRD1,50,54.0,26,69.23
pattern,M15_sign_N1_min200_inv,3xATRD1,53,45.28,33,33.33
pattern,M15_sign_N1_min1000,3xATRD1,50,54.0,26,69.23
pattern,M15_sign_N1_min1000_inv,3xATRD1,53,45.28,33,33.33
pattern,M15_sign_N1_min200,fix1,160581,35.5,95864,34.7
pattern,M15_sign_N1_min200_inv,fix1,160307,35.36,95301,35.69
pattern,M15_sign_N1_min1000,fix1,160581,35.5,95864,34.7
pattern,M15_sign_N1_min1000_inv,fix1,160307,35.36,95301,35.69
pattern,M15_sign_N1_min200,fix2,47749,42.6,29310,41.95
pattern,M15_sign_N1_min200_inv,fix2,47581,42.74,28994,43.16
pattern,M15_sign_N1_min1000,fix2,47749,42.6,29310,41.95
pattern,M15_sign_N1_min1000_inv,fix2,47581,42.74,28994,43.16
pattern,M15_sign_N1_min200,fix3,22329,45.07,13862,44.08
pattern,M15_sign_N1_min200_inv,fix3,22283,45.25,13817,45.94
pattern,M15_sign_N1_min1000,fix3,22329,45.07,13862,44.08
pattern,M15_sign_N1_min1000_inv,fix3,22283,45.25,13817,45.94
pattern,M15_sign_N1_min200,fix5,8372,46.99,5167,45.54
pattern,M15_sign_N1_min200_inv,fix5,8467,47.19,5202,48.44
pattern,M15_sign_N1_min1000,fix5,8372,46.99,5167,45.54
pattern,M15_sign_N1_min1000_inv,fix5,8467,47.19,5202,48.44
pattern,M15_sign_N1_min200,fix10,2244,48.62,1365,50.99
pattern,M15_sign_N1_min200_inv,fix10,2214,48.19,1373,46.1
pattern,M15_sign_N1_min1000,fix10,2244,48.62,1365,50.99
pattern,M15_sign_N1_min1000_inv,fix10,2214,48.19,1373,46.1
pattern,M15_sign_N2_min200,0.5xATRM15,129376,33.45,68313,32.7
pattern,M15_sign_N2_min200_inv,0.5xATRM15,130103,32.91,68223,33.16
pattern,M15_sign_N2_min1000,0.5xATRM15,129376,33.45,68313,32.7
pattern,M15_sign_N2_min1000_inv,0.5xATRM15,130103,32.91,68223,33.16
pattern,M15_sign_N2_min200,1xATRM15,31181,42.1,16790,41.38
pattern,M15_sign_N2_min200_inv,1xATRM15,31418,42.23,16438,43.42
pattern,M15_sign_N2_min1000,1xATRM15,31181,42.1,16790,41.38
pattern,M15_sign_N2_min1000_inv,1xATRM15,31418,42.23,16438,43.42
pattern,M15_sign_N2_min200,2xATRM15,6717,46.49,3671,44.48
pattern,M15_sign_N2_min200_inv,2xATRM15,6754,46.71,3557,48.21
pattern,M15_sign_N2_min1000,2xATRM15,6717,46.49,3671,44.48
pattern,M15_sign_N2_min1000_inv,2xATRM15,6754,46.71,3557,48.21
pattern,M15_sign_N2_min200,3xATRM15,2768,48.95,1514,45.24
pattern,M15_sign_N2_min200_inv,3xATRM15,2728,46.3,1475,50.24
pattern,M15_sign_N2_min1000,3xATRM15,2768,48.95,1514,45.24
pattern,M15_sign_N2_min1000_inv,3xATRM15,2728,46.3,1475,50.24
pattern,M15_sign_N2_min200,0.5xATRH1,36116,42.51,19043,41.47
pattern,M15_sign_N2_min200_inv,0.5xATRH1,35991,42.46,18841,43.56
pattern,M15_sign_N2_min1000,0.5xATRH1,36116,42.51,19043,41.47
pattern,M15_sign_N2_min1000_inv,0.5xATRH1,35991,42.46,18841,43.56
pattern,M15_sign_N2_min200,1xATRH1,9220,45.63,4854,45.55
pattern,M15_sign_N2_min200_inv,1xATRH1,9182,46.35,4859,47.31
pattern,M15_sign_N2_min1000,1xATRH1,9220,45.63,4854,45.55
pattern,M15_sign_N2_min1000_inv,1xATRH1,9182,46.35,4859,47.31
pattern,M15_sign_N2_min200,2xATRH1,2168,47.92,1236,45.47
pattern,M15_sign_N2_min200_inv,2xATRH1,2278,48.16,1212,50.99
pattern,M15_sign_N2_min1000,2xATRH1,2168,47.92,1236,45.47
pattern,M15_sign_N2_min1000_inv,2xATRH1,2278,48.16,1212,50.99
pattern,M15_sign_N2_min200,3xATRH1,964,47.1,544,48.9
pattern,M15_sign_N2_min200_inv,3xATRH1,971,50.26,528,45.83
pattern,M15_sign_N2_min1000,3xATRH1,964,47.1,544,48.9
pattern,M15_sign_N2_min1000_inv,3xATRH1,971,50.26,528,45.83
pattern,M15_sign_N2_min200,0.5xATRD1,1704,48.36,844,45.62
pattern,M15_sign_N2_min200_inv,0.5xATRD1,1703,48.85,860,51.63
pattern,M15_sign_N2_min1000,0.5xATRD1,1704,48.36,844,45.62
pattern,M15_sign_N2_min1000_inv,0.5xATRD1,1703,48.85,860,51.63
pattern,M15_sign_N2_min200,1xATRD1,445,50.79,227,55.51
pattern,M15_sign_N2_min200_inv,1xATRD1,427,48.01,225,42.67
pattern,M15_sign_N2_min1000,1xATRD1,445,50.79,227,55.51
pattern,M15_sign_N2_min1000_inv,1xATRD1,427,48.01,225,42.67
pattern,M15_sign_N2_min200,2xATRD1,101,51.49,61,60.66
pattern,M15_sign_N2_min200_inv,2xATRD1,103,46.6,53,37.74
pattern,M15_sign_N2_min1000,2xATRD1,101,51.49,61,60.66
pattern,M15_sign_N2_min1000_inv,2xATRD1,103,46.6,53,37.74
pattern,M15_sign_N2_min200,3xATRD1,50,54.0,26,69.23
pattern,M15_sign_N2_min200_inv,3xATRD1,53,45.28,33,33.33
pattern,M15_sign_N2_min1000,3xATRD1,50,54.0,26,69.23
pattern,M15_sign_N2_min1000_inv,3xATRD1,53,45.28,33,33.33
pattern,M15_sign_N2_min200,fix1,160387,35.64,95636,35.09
pattern,M15_sign_N2_min200_inv,fix1,160782,35.2,95752,35.2
pattern,M15_sign_N2_min1000,fix1,160387,35.64,95636,35.09
pattern,M15_sign_N2_min1000_inv,fix1,160782,35.2,95752,35.2
pattern,M15_sign_N2_min200,fix2,47669,42.51,29086,41.93
pattern,M15_sign_N2_min200_inv,fix2,47683,42.33,29144,42.82
pattern,M15_sign_N2_min1000,fix2,47669,42.51,29086,41.93
pattern,M15_sign_N2_min1000_inv,fix2,47683,42.33,29144,42.82
pattern,M15_sign_N2_min200,fix3,22329,45.07,13862,44.08
pattern,M15_sign_N2_min200_inv,fix3,22283,45.25,13817,45.94
pattern,M15_sign_N2_min1000,fix3,22329,45.07,13862,44.08
pattern,M15_sign_N2_min1000_inv,fix3,22283,45.25,13817,45.94
pattern,M15_sign_N2_min200,fix5,8372,46.99,5167,45.54
pattern,M15_sign_N2_min200_inv,fix5,8467,47.19,5202,48.44
pattern,M15_sign_N2_min1000,fix5,8372,46.99,5167,45.54
pattern,M15_sign_N2_min1000_inv,fix5,8467,47.19,5202,48.44
pattern,M15_sign_N2_min200,fix10,2247,47.71,1350,50.3
pattern,M15_sign_N2_min200_inv,fix10,2211,47.99,1363,46.59
pattern,M15_sign_N2_min1000,fix10,2247,47.71,1350,50.3
pattern,M15_sign_N2_min1000_inv,fix10,2211,47.99,1363,46.59
pattern,M15_sign_N3_min200,0.5xATRM15,129609,33.45,68338,32.65
pattern,M15_sign_N3_min200_inv,0.5xATRM15,130034,32.96,68175,33.29
pattern,M15_sign_N3_min1000,0.5xATRM15,129609,33.45,68338,32.65
pattern,M15_sign_N3_min1000_inv,0.5xATRM15,130034,32.96,68175,33.29
pattern,M15_sign_N3_min200,1xATRM15,31181,42.1,16790,41.38
pattern,M15_sign_N3_min200_inv,1xATRM15,31418,42.23,16438,43.42
pattern,M15_sign_N3_min1000,1xATRM15,31181,42.1,16790,41.38
pattern,M15_sign_N3_min1000_inv,1xATRM15,31418,42.23,16438,43.42
pattern,M15_sign_N3_min200,2xATRM15,6717,46.49,3671,44.48
pattern,M15_sign_N3_min200_inv,2xATRM15,6754,46.71,3557,48.21
pattern,M15_sign_N3_min1000,2xATRM15,6717,46.49,3671,44.48
pattern,M15_sign_N3_min1000_inv,2xATRM15,6754,46.71,3557,48.21
pattern,M15_sign_N3_min200,3xATRM15,2713,49.1,1515,46.34
pattern,M15_sign_N3_min200_inv,3xATRM15,2714,49.41,1437,48.92
pattern,M15_sign_N3_min1000,3xATRM15,2713,49.1,1515,46.34
pattern,M15_sign_N3_min1000_inv,3xATRM15,2714,49.41,1437,48.92
pattern,M15_sign_N3_min200,0.5xATRH1,36116,42.51,19043,41.47
pattern,M15_sign_N3_min200_inv,0.5xATRH1,35991,42.46,18841,43.56
pattern,M15_sign_N3_min1000,0.5xATRH1,36116,42.51,19043,41.47
pattern,M15_sign_N3_min1000_inv,0.5xATRH1,35991,42.46,18841,43.56
pattern,M15_sign_N3_min200,1xATRH1,9234,46.2,4861,46.45
pattern,M15_sign_N3_min200_inv,1xATRH1,9147,46.31,4887,46.14
pattern,M15_sign_N3_min1000,1xATRH1,9234,46.2,4861,46.45
pattern,M15_sign_N3_min1000_inv,1xATRH1,9147,46.31,4887,46.14
pattern,M15_sign_N3_min200,2xATRH1,2148,46.97,1229,49.72
pattern,M15_sign_N3_min200_inv,2xATRH1,2238,48.53,1199,48.29
pattern,M15_sign_N3_min1000,2xATRH1,2148,46.97,1229,49.72
pattern,M15_sign_N3_min1000_inv,2xATRH1,2238,48.53,1199,48.29
pattern,M15_sign_N3_min200,3xATRH1,962,48.02,551,50.09
pattern,M15_sign_N3_min200_inv,3xATRH1,975,50.87,537,44.51
pattern,M15_sign_N3_min1000,3xATRH1,962,48.02,551,50.09
pattern,M15_sign_N3_min1000_inv,3xATRH1,975,50.87,537,44.51
pattern,M15_sign_N3_min200,0.5xATRD1,1679,48.84,844,51.18
pattern,M15_sign_N3_min200_inv,0.5xATRD1,1690,48.28,874,46.0
pattern,M15_sign_N3_min1000,0.5xATRD1,1679,48.84,844,51.18
pattern,M15_sign_N3_min1000_inv,0.5xATRD1,1690,48.28,874,46.0
pattern,M15_sign_N3_min200,1xATRD1,445,50.79,227,55.51
pattern,M15_sign_N3_min200_inv,1xATRD1,427,48.01,225,42.67
pattern,M15_sign_N3_min1000,1xATRD1,445,50.79,227,55.51
pattern,M15_sign_N3_min1000_inv,1xATRD1,427,48.01,225,42.67
pattern,M15_sign_N3_min200,2xATRD1,101,51.49,61,60.66
pattern,M15_sign_N3_min200_inv,2xATRD1,103,46.6,53,37.74
pattern,M15_sign_N3_min1000,2xATRD1,101,51.49,61,60.66
pattern,M15_sign_N3_min1000_inv,2xATRD1,103,46.6,53,37.74
pattern,M15_sign_N3_min200,3xATRD1,45,53.33,33,63.64
pattern,M15_sign_N3_min200_inv,3xATRD1,51,49.02,33,30.3
pattern,M15_sign_N3_min1000,3xATRD1,45,53.33,33,63.64
pattern,M15_sign_N3_min1000_inv,3xATRD1,51,49.02,33,30.3
pattern,M15_sign_N3_min200,fix1,160456,35.58,95845,34.94
pattern,M15_sign_N3_min200_inv,fix1,160664,35.21,95518,35.42
pattern,M15_sign_N3_min1000,fix1,160456,35.58,95845,34.94
pattern,M15_sign_N3_min1000_inv,fix1,160664,35.21,95518,35.42
pattern,M15_sign_N3_min200,fix2,47623,42.78,29173,41.89
pattern,M15_sign_N3_min200_inv,fix2,47653,42.4,29085,43.06
pattern,M15_sign_N3_min1000,fix2,47623,42.78,29173,41.89
pattern,M15_sign_N3_min1000_inv,fix2,47653,42.4,29085,43.06
pattern,M15_sign_N3_min200,fix3,22329,45.07,13862,44.08
pattern,M15_sign_N3_min200_inv,fix3,22283,45.25,13817,45.94
pattern,M15_sign_N3_min1000,fix3,22329,45.07,13862,44.08
pattern,M15_sign_N3_min1000_inv,fix3,22283,45.25,13817,45.94
pattern,M15_sign_N3_min200,fix5,8417,47.2,5205,46.49
pattern,M15_sign_N3_min200_inv,fix5,8445,47.52,5294,46.32
pattern,M15_sign_N3_min1000,fix5,8417,47.2,5205,46.49
pattern,M15_sign_N3_min1000_inv,fix5,8445,47.52,5294,46.32
pattern,M15_sign_N3_min200,fix10,2236,47.76,1334,50.97
pattern,M15_sign_N3_min200_inv,fix10,2218,48.92,1344,45.39
pattern,M15_sign_N3_min1000,fix10,2236,47.76,1334,50.97
pattern,M15_sign_N3_min1000_inv,fix10,2218,48.92,1344,45.39
pattern,M15_sign_N4_min200,0.5xATRM15,129419,33.57,68450,32.57
pattern,M15_sign_N4_min200_inv,0.5xATRM15,130186,32.84,68042,33.31
pattern,M15_sign_N4_min1000,0.5xATRM15,129419,33.57,68450,32.57
pattern,M15_sign_N4_min1000_inv,0.5xATRM15,130186,32.84,68042,33.31
pattern,M15_sign_N4_min200,1xATRM15,31388,42.25,16708,41.5
pattern,M15_sign_N4_min200_inv,1xATRM15,31713,41.94,16420,43.14
pattern,M15_sign_N4_min1000,1xATRM15,31388,42.25,16708,41.5
pattern,M15_sign_N4_min1000_inv,1xATRM15,31713,41.94,16420,43.14
pattern,M15_sign_N4_min200,2xATRM15,6668,46.52,3672,45.1
pattern,M15_sign_N4_min200_inv,2xATRM15,6740,46.54,3561,47.23
pattern,M15_sign_N4_min1000,2xATRM15,6668,46.52,3672,45.1
pattern,M15_sign_N4_min1000_inv,2xATRM15,6740,46.54,3561,47.23
pattern,M15_sign_N4_min200,3xATRM15,2725,49.61,1419,44.47
pattern,M15_sign_N4_min200_inv,3xATRM15,2733,46.87,1455,49.69
pattern,M15_sign_N4_min1000,3xATRM15,2725,49.61,1419,44.47
pattern,M15_sign_N4_min1000_inv,3xATRM15,2733,46.87,1455,49.69
pattern,M15_sign_N4_min200,0.5xATRH1,36113,42.61,18991,41.58
pattern,M15_sign_N4_min200_inv,0.5xATRH1,36109,42.26,18811,43.55
pattern,M15_sign_N4_min1000,0.5xATRH1,36113,42.61,18991,41.58
pattern,M15_sign_N4_min1000_inv,0.5xATRH1,36109,42.26,18811,43.55
pattern,M15_sign_N4_min200,1xATRH1,9205,46.2,4811,46.6
pattern,M15_sign_N4_min200_inv,1xATRH1,9125,46.35,4915,46.57
pattern,M15_sign_N4_min1000,1xATRH1,9205,46.2,4811,46.6
pattern,M15_sign_N4_min1000_inv,1xATRH1,9125,46.35,4915,46.57
pattern,M15_sign_N4_min200,2xATRH1,2189,47.37,1260,47.7
pattern,M15_sign_N4_min200_inv,2xATRH1,2208,47.74,1224,51.88
pattern,M15_sign_N4_min1000,2xATRH1,2189,47.37,1260,47.7
pattern,M15_sign_N4_min1000_inv,2xATRH1,2208,47.74,1224,51.88
pattern,M15_sign_N4_min200,3xATRH1,960,48.12,530,53.02
pattern,M15_sign_N4_min200_inv,3xATRH1,974,48.36,537,46.55
pattern,M15_sign_N4_min1000,3xATRH1,960,48.12,530,53.02
pattern,M15_sign_N4_min1000_inv,3xATRH1,974,48.36,537,46.55
pattern,M15_sign_N4_min200,0.5xATRD1,1680,50.0,849,49.23
pattern,M15_sign_N4_min200_inv,0.5xATRD1,1694,46.81,856,47.43
pattern,M15_sign_N4_min1000,0.5xATRD1,1680,50.0,849,49.23
pattern,M15_sign_N4_min1000_inv,0.5xATRD1,1694,46.81,856,47.43
pattern,M15_sign_N4_min200,1xATRD1,435,50.8,225,49.33
pattern,M15_sign_N4_min200_inv,1xATRD1,445,48.09,228,48.68
pattern,M15_sign_N4_min1000,1xATRD1,435,50.8,225,49.33
pattern,M15_sign_N4_min1000_inv,1xATRD1,445,48.09,228,48.68
pattern,M15_sign_N4_min200,2xATRD1,101,51.49,61,60.66
pattern,M15_sign_N4_min200_inv,2xATRD1,103,46.6,53,37.74
pattern,M15_sign_N4_min1000,2xATRD1,101,51.49,61,60.66
pattern,M15_sign_N4_min1000_inv,2xATRD1,103,46.6,53,37.74
pattern,M15_sign_N4_min200,3xATRD1,49,51.02,26,69.23
pattern,M15_sign_N4_min200_inv,3xATRD1,53,45.28,33,36.36
pattern,M15_sign_N4_min1000,3xATRD1,49,51.02,26,69.23
pattern,M15_sign_N4_min1000_inv,3xATRD1,53,45.28,33,36.36
pattern,M15_sign_N4_min200,fix1,160365,35.68,95573,34.95
pattern,M15_sign_N4_min200_inv,fix1,160973,35.11,95670,35.28
pattern,M15_sign_N4_min1000,fix1,160365,35.68,95573,34.95
pattern,M15_sign_N4_min1000_inv,fix1,160973,35.11,95670,35.28
pattern,M15_sign_N4_min200,fix2,47688,42.48,29198,41.87
pattern,M15_sign_N4_min200_inv,fix2,47537,42.59,29114,42.91
pattern,M15_sign_N4_min1000,fix2,47688,42.48,29198,41.87
pattern,M15_sign_N4_min1000_inv,fix2,47537,42.59,29114,42.91
pattern,M15_sign_N4_min200,fix3,22464,45.27,13839,44.64
pattern,M15_sign_N4_min200_inv,fix3,22305,44.92,13853,45.85
pattern,M15_sign_N4_min1000,fix3,22464,45.27,13839,44.64
pattern,M15_sign_N4_min1000_inv,fix3,22305,44.92,13853,45.85
pattern,M15_sign_N4_min200,fix5,8452,46.66,5251,46.31
pattern,M15_sign_N4_min200_inv,fix5,8383,46.59,5258,46.9
pattern,M15_sign_N4_min1000,fix5,8452,46.66,5251,46.31
pattern,M15_sign_N4_min1000_inv,fix5,8383,46.59,5258,46.9
pattern,M15_sign_N4_min200,fix10,2231,48.1,1354,51.77
pattern,M15_sign_N4_min200_inv,fix10,2242,48.22,1336,45.73
pattern,M15_sign_N4_min1000,fix10,2231,48.1,1354,51.77
pattern,M15_sign_N4_min1000_inv,fix10,2242,48.22,1336,45.73
pattern,M15_sign_N5_min200,0.5xATRM15,129697,33.74,68333,32.69
pattern,M15_sign_N5_min200_inv,0.5xATRM15,129841,32.64,68191,33.16
pattern,M15_sign_N5_min1000,0.5xATRM15,129697,33.74,68333,32.69
pattern,M15_sign_N5_min1000_inv,0.5xATRM15,129841,32.64,68191,33.16
pattern,M15_sign_N5_min200,1xATRM15,31433,42.3,16719,41.74
pattern,M15_sign_N5_min200_inv,1xATRM15,31441,41.82,16549,42.78
pattern,M15_sign_N5_min1000,1xATRM15,31433,42.3,16719,41.74
pattern,M15_sign_N5_min1000_inv,1xATRM15,31441,41.82,16549,42.78
pattern,M15_sign_N5_min200,2xATRM15,6677,46.5,3663,45.54
pattern,M15_sign_N5_min200_inv,2xATRM15,6716,45.86,3671,46.66
pattern,M15_sign_N5_min1000,2xATRM15,6677,46.5,3663,45.54
pattern,M15_sign_N5_min1000_inv,2xATRM15,6716,45.86,3671,46.66
pattern,M15_sign_N5_min200,3xATRM15,2696,49.37,1452,46.21
pattern,M15_sign_N5_min200_inv,3xATRM15,2800,46.32,1504,47.54
pattern,M15_sign_N5_min1000,3xATRM15,2696,49.37,1452,46.21
pattern,M15_sign_N5_min1000_inv,3xATRM15,2800,46.32,1504,47.54
pattern,M15_sign_N5_min200,0.5xATRH1,36147,42.55,18946,41.68
pattern,M15_sign_N5_min200_inv,0.5xATRH1,36021,42.43,18788,43.34
pattern,M15_sign_N5_min1000,0.5xATRH1,36147,42.55,18946,41.68
pattern,M15_sign_N5_min1000_inv,0.5xATRH1,36021,42.43,18788,43.34
pattern,M15_sign_N5_min200,1xATRH1,9270,45.67,4885,46.37
pattern,M15_sign_N5_min200_inv,1xATRH1,9165,46.23,4883,46.45
pattern,M15_sign_N5_min1000,1xATRH1,9270,45.67,4885,46.37
pattern,M15_sign_N5_min1000_inv,1xATRH1,9165,46.23,4883,46.45
pattern,M15_sign_N5_min200,2xATRH1,2168,46.63,1243,45.05
pattern,M15_sign_N5_min200_inv,2xATRH1,2237,47.97,1209,51.53
pattern,M15_sign_N5_min1000,2xATRH1,2168,46.63,1243,45.05
pattern,M15_sign_N5_min1000_inv,2xATRH1,2237,47.97,1209,51.53
pattern,M15_sign_N5_min200,3xATRH1,978,49.39,527,53.32
pattern,M15_sign_N5_min200_inv,3xATRH1,961,48.49,531,45.39
pattern,M15_sign_N5_min1000,3xATRH1,978,49.39,527,53.32
pattern,M15_sign_N5_min1000_inv,3xATRH1,961,48.49,531,45.39
pattern,M15_sign_N5_min200,0.5xATRD1,1713,49.68,846,48.82
pattern,M15_sign_N5_min200_inv,0.5xATRD1,1683,49.61,846,47.52
pattern,M15_sign_N5_min1000,0.5xATRD1,1713,49.68,846,48.82
pattern,M15_sign_N5_min1000_inv,0.5xATRD1,1683,49.61,846,47.52
pattern,M15_sign_N5_min200,1xATRD1,433,53.35,226,50.0
pattern,M15_sign_N5_min200_inv,1xATRD1,431,46.64,221,51.58
pattern,M15_sign_N5_min1000,1xATRD1,433,53.35,226,50.0
pattern,M15_sign_N5_min1000_inv,1xATRD1,431,46.64,221,51.58
pattern,M15_sign_N5_min200,2xATRD1,110,51.82,67,55.22
pattern,M15_sign_N5_min200_inv,2xATRD1,104,48.08,71,40.85
pattern,M15_sign_N5_min1000,2xATRD1,110,51.82,67,55.22
pattern,M15_sign_N5_min1000_inv,2xATRD1,104,48.08,71,40.85
pattern,M15_sign_N5_min200,3xATRD1,49,53.06,26,69.23
pattern,M15_sign_N5_min200_inv,3xATRD1,53,43.4,33,39.39
pattern,M15_sign_N5_min1000,3xATRD1,49,53.06,26,69.23
pattern,M15_sign_N5_min1000_inv,3xATRD1,53,43.4,33,39.39
pattern,M15_sign_N5_min200,fix1,160445,35.76,95693,34.93
pattern,M15_sign_N5_min200_inv,fix1,160607,35.12,95522,35.35
pattern,M15_sign_N5_min1000,fix1,160445,35.76,95693,34.93
pattern,M15_sign_N5_min1000_inv,fix1,160607,35.12,95522,35.35
pattern,M15_sign_N5_min200,fix2,47465,42.84,29193,42.07
pattern,M15_sign_N5_min200_inv,fix2,47759,42.44,29201,42.66
pattern,M15_sign_N5_min1000,fix2,47465,42.84,29193,42.07
pattern,M15_sign_N5_min1000_inv,fix2,47759,42.44,29201,42.66
pattern,M15_sign_N5_min200,fix3,22387,45.34,13833,44.52
pattern,M15_sign_N5_min200_inv,fix3,22325,44.71,13794,45.59
pattern,M15_sign_N5_min1000,fix3,22387,45.34,13833,44.52
pattern,M15_sign_N5_min1000_inv,fix3,22325,44.71,13794,45.59
pattern,M15_sign_N5_min200,fix5,8419,46.75,5218,46.22
pattern,M15_sign_N5_min200_inv,fix5,8432,46.41,5314,47.4
pattern,M15_sign_N5_min1000,fix5,8419,46.75,5218,46.22
pattern,M15_sign_N5_min1000_inv,fix5,8432,46.41,5314,47.4
pattern,M15_sign_N5_min200,fix10,2227,48.05,1379,50.33
pattern,M15_sign_N5_min200_inv,fix10,2262,48.45,1335,47.72
pattern,M15_sign_N5_min1000,fix10,2227,48.05,1379,50.33
pattern,M15_sign_N5_min1000_inv,fix10,2262,48.45,1335,47.72
pattern,M15_sign_N6_min200,0.5xATRM15,130112,33.61,68362,32.7
pattern,M15_sign_N6_min200_inv,0.5xATRM15,129789,32.58,68151,33.15
pattern,M15_sign_N6_min1000,0.5xATRM15,130112,33.61,68362,32.7
pattern,M15_sign_N6_min1000_inv,0.5xATRM15,129789,32.58,68151,33.15
pattern,M15_sign_N6_min200,1xATRM15,31414,42.65,16603,41.76
pattern,M15_sign_N6_min200_inv,1xATRM15,31639,41.5,16506,43.15
pattern,M15_sign_N6_min1000,1xATRM15,31414,42.65,16603,41.76
pattern,M15_sign_N6_min1000_inv,1xATRM15,31639,41.5,16506,43.15
pattern,M15_sign_N6_min200,2xATRM15,6771,47.53,3631,43.87
pattern,M15_sign_N6_min200_inv,2xATRM15,6774,45.67,3639,49.41
pattern,M15_sign_N6_min1000,2xATRM15,6771,47.53,3631,43.87
pattern,M15_sign_N6_min1000_inv,2xATRM15,6774,45.67,3639,49.41
pattern,M15_sign_N6_min200,3xATRM15,2653,48.77,1450,47.72
pattern,M15_sign_N6_min200_inv,3xATRM15,2691,47.01,1518,49.01
pattern,M15_sign_N6_min1000,3xATRM15,2653,48.77,1450,47.72
pattern,M15_sign_N6_min1000_inv,3xATRM15,2691,47.01,1518,49.01
pattern,M15_sign_N6_min200,0.5xATRH1,36096,42.67,18984,41.45
pattern,M15_sign_N6_min200_inv,0.5xATRH1,36144,41.84,18865,43.45
pattern,M15_sign_N6_min1000,0.5xATRH1,36096,42.67,18984,41.45
pattern,M15_sign_N6_min1000_inv,0.5xATRH1,36144,41.84,18865,43.45
pattern,M15_sign_N6_min200,1xATRH1,9273,45.71,4831,45.23
pattern,M15_sign_N6_min200_inv,1xATRH1,9231,46.22,4896,47.47
pattern,M15_sign_N6_min1000,1xATRH1,9273,45.71,4831,45.23
pattern,M15_sign_N6_min1000_inv,1xATRH1,9231,46.22,4896,47.47
pattern,M15_sign_N6_min200,2xATRH1,2174,47.84,1246,46.31
pattern,M15_sign_N6_min200_inv,2xATRH1,2241,47.21,1184,51.18
pattern,M15_sign_N6_min1000,2xATRH1,2174,47.84,1246,46.31
pattern,M15_sign_N6_min1000_inv,2xATRH1,2241,47.21,1184,51.18
pattern,M15_sign_N6_min200,3xATRH1,970,49.48,518,48.26
pattern,M15_sign_N6_min200_inv,3xATRH1,965,47.98,548,46.35
pattern,M15_sign_N6_min1000,3xATRH1,970,49.48,518,48.26
pattern,M15_sign_N6_min1000_inv,3xATRH1,965,47.98,548,46.35
pattern,M15_sign_N6_min200,0.5xATRD1,1705,49.33,853,51.82
pattern,M15_sign_N6_min200_inv,0.5xATRD1,1690,48.52,844,46.21
pattern,M15_sign_N6_min1000,0.5xATRD1,1705,49.33,853,51.82
pattern,M15_sign_N6_min1000_inv,0.5xATRD1,1690,48.52,844,46.21
pattern,M15_sign_N6_min200,1xATRD1,445,52.81,215,49.77
pattern,M15_sign_N6_min200_inv,1xATRD1,445,48.31,220,50.45
pattern,M15_sign_N6_min1000,1xATRD1,445,52.81,215,49.77
pattern,M15_sign_N6_min1000_inv,1xATRD1,445,48.31,220,50.45
pattern,M15_sign_N6_min200,2xATRD1,108,52.78,59,57.63
pattern,M15_sign_N6_min200_inv,2xATRD1,104,45.19,61,49.18
pattern,M15_sign_N6_min1000,2xATRD1,108,52.78,59,57.63
pattern,M15_sign_N6_min1000_inv,2xATRD1,104,45.19,61,49.18
pattern,M15_sign_N6_min200,3xATRD1,49,55.1,26,69.23
pattern,M15_sign_N6_min200_inv,3xATRD1,53,43.4,33,36.36
pattern,M15_sign_N6_min1000,3xATRD1,49,55.1,26,69.23
pattern,M15_sign_N6_min1000_inv,3xATRD1,53,43.4,33,36.36
pattern,M15_sign_N6_min200,fix1,160344,36.02,95502,35.21
pattern,M15_sign_N6_min200_inv,fix1,160519,34.89,95521,35.19
pattern,M15_sign_N6_min1000,fix1,160344,36.02,95502,35.21
pattern,M15_sign_N6_min1000_inv,fix1,160519,34.89,95521,35.19
pattern,M15_sign_N6_min200,fix2,47648,42.98,29184,42.13
pattern,M15_sign_N6_min200_inv,fix2,47580,42.35,29146,42.67
pattern,M15_sign_N6_min1000,fix2,47648,42.98,29184,42.13
pattern,M15_sign_N6_min1000_inv,fix2,47580,42.35,29146,42.67
pattern,M15_sign_N6_min200,fix3,22457,45.5,13831,44.4
pattern,M15_sign_N6_min200_inv,fix3,22306,44.28,13686,45.31
pattern,M15_sign_N6_min1000,fix3,22457,45.5,13831,44.4
pattern,M15_sign_N6_min1000_inv,fix3,22306,44.28,13686,45.31
pattern,M15_sign_N6_min200,fix5,8458,47.81,5255,45.88
pattern,M15_sign_N6_min200_inv,fix5,8415,46.33,5190,48.46
pattern,M15_sign_N6_min1000,fix5,8458,47.81,5255,45.88
pattern,M15_sign_N6_min1000_inv,fix5,8415,46.33,5190,48.46
pattern,M15_sign_N6_min200,fix10,2233,47.96,1342,52.01
pattern,M15_sign_N6_min200_inv,fix10,2259,47.81,1336,47.9
pattern,M15_sign_N6_min1000,fix10,2233,47.96,1342,52.01
pattern,M15_sign_N6_min1000_inv,fix10,2259,47.81,1336,47.9
pattern,M15_sign_N7_min200,0.5xATRM15,129849,33.83,68335,33.07
pattern,M15_sign_N7_min200_inv,0.5xATRM15,129878,32.45,68386,32.86
pattern,M15_sign_N7_min1000,0.5xATRM15,129849,33.83,68335,33.07
pattern,M15_sign_N7_min1000_inv,0.5xATRM15,129878,32.45,68386,32.86
pattern,M15_sign_N7_min200,1xATRM15,31544,42.49,16653,41.71
pattern,M15_sign_N7_min200_inv,1xATRM15,31592,41.23,16493,42.74
pattern,M15_sign_N7_min1000,1xATRM15,31544,42.49,16653,41.71
pattern,M15_sign_N7_min1000_inv,1xATRM15,31592,41.23,16493,42.74
pattern,M15_sign_N7_min200,2xATRM15,6607,46.68,3628,44.87
pattern,M15_sign_N7_min200_inv,2xATRM15,6785,45.95,3661,48.21
pattern,M15_sign_N7_min1000,2xATRM15,6607,46.68,3628,44.87
pattern,M15_sign_N7_min1000_inv,2xATRM15,6785,45.95,3661,48.21
pattern,M15_sign_N7_min200,3xATRM15,2642,48.22,1494,45.52
pattern,M15_sign_N7_min200_inv,3xATRM15,2725,46.46,1451,48.31
pattern,M15_sign_N7_min1000,3xATRM15,2642,48.22,1494,45.52
pattern,M15_sign_N7_min1000_inv,3xATRM15,2725,46.46,1451,48.31
pattern,M15_sign_N7_min200,0.5xATRH1,36079,43.23,18937,42.0
pattern,M15_sign_N7_min200_inv,0.5xATRH1,36159,41.36,18837,43.0
pattern,M15_sign_N7_min1000,0.5xATRH1,36079,43.23,18937,42.0
pattern,M15_sign_N7_min1000_inv,0.5xATRH1,36159,41.36,18837,43.0
pattern,M15_sign_N7_min200,1xATRH1,9139,47.5,4882,45.84
pattern,M15_sign_N7_min200_inv,1xATRH1,9249,45.71,4914,47.05
pattern,M15_sign_N7_min1000,1xATRH1,9139,47.5,4882,45.84
pattern,M15_sign_N7_min1000_inv,1xATRH1,9249,45.71,4914,47.05
pattern,M15_sign_N7_min200,2xATRH1,2198,48.36,1222,45.66
pattern,M15_sign_N7_min200_inv,2xATRH1,2241,47.39,1198,50.33
pattern,M15_sign_N7_min1000,2xATRH1,2198,48.36,1222,45.66
pattern,M15_sign_N7_min1000_inv,2xATRH1,2241,47.39,1198,50.33
pattern,M15_sign_N7_min200,3xATRH1,979,46.37,537,48.42
pattern,M15_sign_N7_min200_inv,3xATRH1,932,49.14,532,47.56
pattern,M15_sign_N7_min1000,3xATRH1,979,46.37,537,48.42
pattern,M15_sign_N7_min1000_inv,3xATRH1,932,49.14,532,47.56
pattern,M15_sign_N7_min200,0.5xATRD1,1705,48.39,817,49.69
pattern,M15_sign_N7_min200_inv,0.5xATRD1,1729,47.95,857,47.14
pattern,M15_sign_N7_min1000,0.5xATRD1,1705,48.39,817,49.69
pattern,M15_sign_N7_min1000_inv,0.5xATRD1,1729,47.95,857,47.14
pattern,M15_sign_N7_min200,1xATRD1,437,49.66,221,49.77
pattern,M15_sign_N7_min200_inv,1xATRD1,435,45.29,224,51.79
pattern,M15_sign_N7_min1000,1xATRD1,437,49.66,221,49.77
pattern,M15_sign_N7_min1000_inv,1xATRD1,435,45.29,224,51.79
pattern,M15_sign_N7_min200,2xATRD1,110,50.91,67,61.19
pattern,M15_sign_N7_min200_inv,2xATRD1,104,49.04,71,42.25
pattern,M15_sign_N7_min1000,2xATRD1,99,49.49,67,61.19
pattern,M15_sign_N7_min1000_inv,2xATRD1,104,51.92,71,42.25
pattern,M15_sign_N7_min200,3xATRD1,49,59.18,33,60.61
pattern,M15_sign_N7_min200_inv,3xATRD1,53,37.74,27,37.04
pattern,M15_sign_N7_min1000,3xATRD1,50,54.0,26,73.08
pattern,M15_sign_N7_min1000_inv,3xATRD1,49,46.94,26,69.23
pattern,M15_sign_N7_min200,fix1,160379,36.05,95781,35.09
pattern,M15_sign_N7_min200_inv,fix1,160827,34.86,95496,35.08
pattern,M15_sign_N7_min1000,fix1,160379,36.05,95781,35.09
pattern,M15_sign_N7_min1000_inv,fix1,160827,34.86,95496,35.08
pattern,M15_sign_N7_min200,fix2,47869,43.29,28959,42.9
pattern,M15_sign_N7_min200_inv,fix2,47544,41.96,29121,42.18
pattern,M15_sign_N7_min1000,fix2,47869,43.29,28959,42.9
pattern,M15_sign_N7_min1000_inv,fix2,47544,41.96,29121,42.18
pattern,M15_sign_N7_min200,fix3,22355,46.23,13825,44.54
pattern,M15_sign_N7_min200_inv,fix3,22372,44.0,13852,45.57
pattern,M15_sign_N7_min1000,fix3,22355,46.23,13825,44.54
pattern,M15_sign_N7_min1000_inv,fix3,22372,44.0,13852,45.57
pattern,M15_sign_N7_min200,fix5,8431,47.76,5232,46.52
pattern,M15_sign_N7_min200_inv,fix5,8422,46.3,5251,46.98
pattern,M15_sign_N7_min1000,fix5,8431,47.76,5232,46.52
pattern,M15_sign_N7_min1000_inv,fix5,8422,46.3,5251,46.98
pattern,M15_sign_N7_min200,fix10,2264,49.43,1382,48.26
pattern,M15_sign_N7_min200_inv,fix10,2194,48.31,1326,48.27
pattern,M15_sign_N7_min1000,fix10,2264,49.43,1382,48.26
pattern,M15_sign_N7_min1000_inv,fix10,2194,48.31,1326,48.27
pattern,M15_sign_N8_min200,0.5xATRM15,129225,34.29,68068,33.2
pattern,M15_sign_N8_min200_inv,0.5xATRM15,130496,32.13,68476,32.73
pattern,M15_sign_N8_min1000,0.5xATRM15,129964,33.29,68399,32.51
pattern,M15_sign_N8_min1000_inv,0.5xATRM15,129954,33.27,68499,32.5
pattern,M15_sign_N8_min200,1xATRM15,31534,43.19,16507,42.16
pattern,M15_sign_N8_min200_inv,1xATRM15,31505,40.61,16562,42.05
pattern,M15_sign_N8_min1000,1xATRM15,31158,42.1,16795,41.35
pattern,M15_sign_N8_min1000_inv,1xATRM15,31205,42.06,16802,41.27
pattern,M15_sign_N8_min200,2xATRM15,6663,48.51,3646,46.41
pattern,M15_sign_N8_min200_inv,2xATRM15,6752,44.25,3682,47.56
pattern,M15_sign_N8_min1000,2xATRM15,6702,46.67,3657,44.35
pattern,M15_sign_N8_min1000_inv,2xATRM15,6712,46.56,3656,44.2
pattern,M15_sign_N8_min200,3xATRM15,2694,47.66,1497,48.16
pattern,M15_sign_N8_min200_inv,3xATRM15,2747,47.91,1509,48.05
pattern,M15_sign_N8_min1000,3xATRM15,2719,47.63,1494,44.31
pattern,M15_sign_N8_min1000_inv,3xATRM15,2726,47.69,1500,44.87
pattern,M15_sign_N8_min200,0.5xATRH1,35933,43.9,18912,42.45
pattern,M15_sign_N8_min200_inv,0.5xATRH1,36133,40.6,18829,42.82
pattern,M15_sign_N8_min1000,0.5xATRH1,36105,42.61,19041,41.37
pattern,M15_sign_N8_min1000_inv,0.5xATRH1,36095,42.43,19026,41.56
pattern,M15_sign_N8_min200,1xATRH1,9113,47.74,4834,46.21
pattern,M15_sign_N8_min200_inv,1xATRH1,9308,44.54,4904,47.04
pattern,M15_sign_N8_min1000,1xATRH1,9105,46.23,4868,44.7
pattern,M15_sign_N8_min1000_inv,1xATRH1,9141,46.05,4856,44.54
pattern,M15_sign_N8_min200,2xATRH1,2157,51.6,1223,45.95
pattern,M15_sign_N8_min200_inv,2xATRH1,2206,46.74,1205,50.21
pattern,M15_sign_N8_min1000,2xATRH1,2168,47.92,1236,45.47
pattern,M15_sign_N8_min1000_inv,2xATRH1,2175,48.14,1228,45.44
pattern,M15_sign_N8_min200,3xATRH1,970,50.31,540,48.15
pattern,M15_sign_N8_min200_inv,3xATRH1,942,47.45,547,46.44
pattern,M15_sign_N8_min1000,3xATRH1,986,48.07,552,53.26
pattern,M15_sign_N8_min1000_inv,3xATRH1,975,48.62,552,53.08
pattern,M15_sign_N8_min200,0.5xATRD1,1666,50.18,844,47.63
pattern,M15_sign_N8_min200_inv,0.5xATRD1,1724,48.03,844,50.83
pattern,M15_sign_N8_min1000,0.5xATRD1,1697,48.62,844,45.38
pattern,M15_sign_N8_min1000_inv,0.5xATRD1,1706,48.71,847,46.4
pattern,M15_sign_N8_min200,1xATRD1,436,55.05,224,45.98
pattern,M15_sign_N8_min200_inv,1xATRD1,438,45.89,215,46.05
pattern,M15_sign_N8_min1000,1xATRD1,445,50.56,227,55.95
pattern,M15_sign_N8_min1000_inv,1xATRD1,445,50.79,227,55.51
pattern,M15_sign_N8_min200,2xATRD1,110,49.09,64,56.25
pattern,M15_sign_N8_min200_inv,2xATRD1,109,44.95,67,46.27
pattern,M15_sign_N8_min200,3xATRD1,51,50.98,27,44.44
pattern,M15_sign_N8_min200_inv,3xATRD1,48,47.92,33,54.55
pattern,M15_sign_N8_min200,fix1,160158,36.36,95550,35.1
pattern,M15_sign_N8_min200_inv,fix1,160945,34.53,95746,35.13
pattern,M15_sign_N8_min1000,fix1,160581,35.5,95864,34.7
pattern,M15_sign_N8_min1000_inv,fix1,160572,35.52,95931,34.68
pattern,M15_sign_N8_min200,fix2,47475,44.05,29111,42.63
pattern,M15_sign_N8_min200_inv,fix2,47605,41.46,29251,42.41
pattern,M15_sign_N8_min1000,fix2,47749,42.6,29310,41.95
pattern,M15_sign_N8_min1000_inv,fix2,47734,42.61,29258,41.94
pattern,M15_sign_N8_min200,fix3,22308,46.31,13791,45.24
pattern,M15_sign_N8_min200_inv,fix3,22392,43.36,13687,45.45
pattern,M15_sign_N8_min1000,fix3,22310,45.08,13861,44.07
pattern,M15_sign_N8_min1000_inv,fix3,22338,45.07,13889,44.06
pattern,M15_sign_N8_min200,fix5,8371,48.7,5240,45.4
pattern,M15_sign_N8_min200_inv,fix5,8444,45.44,5298,47.57
pattern,M15_sign_N8_min1000,fix5,8365,47.02,5172,45.46
pattern,M15_sign_N8_min1000_inv,fix5,8367,47.16,5153,45.55
pattern,M15_sign_N8_min200,fix10,2253,51.09,1381,46.78
pattern,M15_sign_N8_min200_inv,fix10,2232,47.09,1347,48.92
pattern,M15_sign_N8_min1000,fix10,2243,48.64,1367,50.77
pattern,M15_sign_N8_min1000_inv,fix10,2244,48.62,1365,50.99
pattern,M15_tri0.1_N1_min200,0.5xATRM15,129964,33.29,68399,32.51
pattern,M15_tri0.1_N1_min200_inv,0.5xATRM15,129810,33.14,68030,33.48
pattern,M15_tri0.1_N1_min1000,0.5xATRM15,129964,33.29,68399,32.51
pattern,M15_tri0.1_N1_min1000_inv,0.5xATRM15,129810,33.14,68030,33.48
pattern,M15_tri0.1_N1_min200,1xATRM15,31181,42.1,16790,41.38
pattern,M15_tri0.1_N1_min200_inv,1xATRM15,31418,42.23,16438,43.42
pattern,M15_tri0.1_N1_min1000,1xATRM15,31181,42.1,16790,41.38
pattern,M15_tri0.1_N1_min1000_inv,1xATRM15,31418,42.23,16438,43.42
pattern,M15_tri0.1_N1_min200,2xATRM15,6717,46.49,3671,44.48
pattern,M15_tri0.1_N1_min200_inv,2xATRM15,6754,46.71,3557,48.21
pattern,M15_tri0.1_N1_min1000,2xATRM15,6717,46.49,3671,44.48
pattern,M15_tri0.1_N1_min1000_inv,2xATRM15,6754,46.71,3557,48.21
pattern,M15_tri0.1_N1_min200,3xATRM15,2696,48.33,1472,47.08
pattern,M15_tri0.1_N1_min200_inv,3xATRM15,2687,48.05,1479,47.33
pattern,M15_tri0.1_N1_min1000,3xATRM15,2696,48.33,1472,47.08
pattern,M15_tri0.1_N1_min1000_inv,3xATRM15,2687,48.05,1479,47.33
pattern,M15_tri0.1_N1_min200,0.5xATRH1,36116,42.51,19043,41.47
pattern,M15_tri0.1_N1_min200_inv,0.5xATRH1,35991,42.46,18841,43.56
pattern,M15_tri0.1_N1_min1000,0.5xATRH1,36116,42.51,19043,41.47
pattern,M15_tri0.1_N1_min1000_inv,0.5xATRH1,35991,42.46,18841,43.56
pattern,M15_tri0.1_N1_min200,1xATRH1,9107,46.06,4947,44.43
pattern,M15_tri0.1_N1_min200_inv,1xATRH1,9197,46.11,4873,47.57
pattern,M15_tri0.1_N1_min1000,1xATRH1,9107,46.06,4947,44.43
pattern,M15_tri0.1_N1_min1000_inv,1xATRH1,9197,46.11,4873,47.57
pattern,M15_tri0.1_N1_min200,2xATRH1,2168,47.92,1236,45.47
pattern,M15_tri0.1_N1_min200_inv,2xATRH1,2278,48.16,1212,50.99
pattern,M15_tri0.1_N1_min1000,2xATRH1,2168,47.92,1236,45.47
pattern,M15_tri0.1_N1_min1000_inv,2xATRH1,2278,48.16,1212,50.99
pattern,M15_tri0.1_N1_min200,3xATRH1,984,48.58,552,53.26
pattern,M15_tri0.1_N1_min200_inv,3xATRH1,936,48.93,544,44.67
pattern,M15_tri0.1_N1_min1000,3xATRH1,984,48.58,552,53.26
pattern,M15_tri0.1_N1_min1000_inv,3xATRH1,936,48.93,544,44.67
pattern,M15_tri0.1_N1_min200,0.5xATRD1,1700,47.76,834,44.84
pattern,M15_tri0.1_N1_min200_inv,0.5xATRD1,1710,49.18,847,52.42
pattern,M15_tri0.1_N1_min1000,0.5xATRD1,1700,47.76,834,44.84
pattern,M15_tri0.1_N1_min1000_inv,0.5xATRD1,1710,49.18,847,52.42
pattern,M15_tri0.1_N1_min200,1xATRD1,445,50.79,227,55.51
pattern,M15_tri0.1_N1_min200_inv,1xATRD1,427,48.01,225,42.67
pattern,M15_tri0.1_N1_min1000,1xATRD1,445,50.79,227,55.51
pattern,M15_tri0.1_N1_min1000_inv,1xATRD1,427,48.01,225,42.67
pattern,M15_tri0.1_N1_min200,2xATRD1,101,51.49,61,60.66
pattern,M15_tri0.1_N1_min200_inv,2xATRD1,103,46.6,53,37.74
pattern,M15_tri0.1_N1_min1000,2xATRD1,101,51.49,61,60.66
pattern,M15_tri0.1_N1_min1000_inv,2xATRD1,103,46.6,53,37.74
pattern,M15_tri0.1_N1_min200,3xATRD1,50,54.0,26,69.23
pattern,M15_tri0.1_N1_min200_inv,3xATRD1,53,45.28,33,33.33
pattern,M15_tri0.1_N1_min1000,3xATRD1,50,54.0,26,69.23
pattern,M15_tri0.1_N1_min1000_inv,3xATRD1,53,45.28,33,33.33
pattern,M15_tri0.1_N1_min200,fix1,160581,35.5,95864,34.7
pattern,M15_tri0.1_N1_min200_inv,fix1,160307,35.36,95301,35.69
pattern,M15_tri0.1_N1_min1000,fix1,160581,35.5,95864,34.7
pattern,M15_tri0.1_N1_min1000_inv,fix1,160307,35.36,95301,35.69
pattern,M15_tri0.1_N1_min200,fix2,47749,42.6,29310,41.95
pattern,M15_tri0.1_N1_min200_inv,fix2,47581,42.74,28994,43.16
pattern,M15_tri0.1_N1_min1000,fix2,47749,42.6,29310,41.95
pattern,M15_tri0.1_N1_min1000_inv,fix2,47581,42.74,28994,43.16
pattern,M15_tri0.1_N1_min200,fix3,22329,45.07,13862,44.08
pattern,M15_tri0.1_N1_min200_inv,fix3,22283,45.25,13817,45.94
pattern,M15_tri0.1_N1_min1000,fix3,22329,45.07,13862,44.08
pattern,M15_tri0.1_N1_min1000_inv,fix3,22283,45.25,13817,45.94
pattern,M15_tri0.1_N1_min200,fix5,8386,46.83,5238,45.38
pattern,M15_tri0.1_N1_min200_inv,fix5,8439,47.4,5217,48.67
pattern,M15_tri0.1_N1_min1000,fix5,8386,46.83,5238,45.38
pattern,M15_tri0.1_N1_min1000_inv,fix5,8439,47.4,5217,48.67
pattern,M15_tri0.1_N1_min200,fix10,2230,48.61,1353,49.67
pattern,M15_tri0.1_N1_min200_inv,fix10,2239,48.1,1341,47.58
pattern,M15_tri0.1_N1_min1000,fix10,2230,48.61,1353,49.67
pattern,M15_tri0.1_N1_min1000_inv,fix10,2239,48.1,1341,47.58
pattern,M15_tri0.1_N2_min200,0.5xATRM15,129722,33.47,68464,32.54
pattern,M15_tri0.1_N2_min200_inv,0.5xATRM15,129822,32.95,67933,33.38
pattern,M15_tri0.1_N2_min1000,0.5xATRM15,129722,33.47,68464,32.54
pattern,M15_tri0.1_N2_min1000_inv,0.5xATRM15,129822,32.95,67933,33.38
pattern,M15_tri0.1_N2_min200,1xATRM15,31181,42.1,16790,41.38
pattern,M15_tri0.1_N2_min200_inv,1xATRM15,31418,42.23,16438,43.42
pattern,M15_tri0.1_N2_min1000,1xATRM15,31181,42.1,16790,41.38
pattern,M15_tri0.1_N2_min1000_inv,1xATRM15,31418,42.23,16438,43.42
pattern,M15_tri0.1_N2_min200,2xATRM15,6702,46.51,3635,45.25
pattern,M15_tri0.1_N2_min200_inv,2xATRM15,6719,46.27,3624,47.82
pattern,M15_tri0.1_N2_min1000,2xATRM15,6702,46.51,3635,45.25
pattern,M15_tri0.1_N2_min1000_inv,2xATRM15,6719,46.27,3624,47.82
pattern,M15_tri0.1_N2_min200,3xATRM15,2741,47.98,1492,44.64
pattern,M15_tri0.1_N2_min200_inv,3xATRM15,2740,47.19,1447,50.79
pattern,M15_tri0.1_N2_min1000,3xATRM15,2741,47.98,1492,44.64
pattern,M15_tri0.1_N2_min1000_inv,3xATRM15,2740,47.19,1447,50.79
pattern,M15_tri0.1_N2_min200,0.5xATRH1,36191,42.68,19004,41.76
pattern,M15_tri0.1_N2_min200_inv,0.5xATRH1,36006,42.3,18873,43.44
pattern,M15_tri0.1_N2_min1000,0.5xATRH1,36191,42.68,19004,41.76
pattern,M15_tri0.1_N2_min1000_inv,0.5xATRH1,36006,42.3,18873,43.44
pattern,M15_tri0.1_N2_min200,1xATRH1,9097,46.43,4893,45.45
pattern,M15_tri0.1_N2_min200_inv,1xATRH1,9271,45.95,4818,46.82
pattern,M15_tri0.1_N2_min1000,1xATRH1,9097,46.43,4893,45.45
pattern,M15_tri0.1_N2_min1000_inv,1xATRH1,9271,45.95,4818,46.82
pattern,M15_tri0.1_N2_min200,2xATRH1,2163,47.9,1217,46.18
pattern,M15_tri0.1_N2_min200_inv,2xATRH1,2282,47.5,1208,50.58
pattern,M15_tri0.1_N2_min1000,2xATRH1,2163,47.9,1217,46.18
pattern,M15_tri0.1_N2_min1000_inv,2xATRH1,2282,47.5,1208,50.58
pattern,M15_tri0.1_N2_min200,3xATRH1,960,49.79,526,53.99
pattern,M15_tri0.1_N2_min200_inv,3xATRH1,969,49.02,531,44.44
pattern,M15_tri0.1_N2_min1000,3xATRH1,960,49.79,526,53.99
pattern,M15_tri0.1_N2_min1000_inv,3xATRH1,969,49.02,531,44.44
pattern,M15_tri0.1_N2_min200,0.5xATRD1,1708,48.65,851,48.77
pattern,M15_tri0.1_N2_min200_inv,0.5xATRD1,1699,48.79,864,48.38
pattern,M15_tri0.1_N2_min1000,0.5xATRD1,1708,48.65,851,48.77
pattern,M15_tri0.1_N2_min1000_inv,0.5xATRD1,1699,48.79,864,48.38
pattern,M15_tri0.1_N2_min200,1xATRD1,447,50.34,227,55.51
pattern,M15_tri0.1_N2_min200_inv,1xATRD1,421,48.46,225,41.33
pattern,M15_tri0.1_N2_min1000,1xATRD1,447,50.34,227,55.51
pattern,M15_tri0.1_N2_min1000_inv,1xATRD1,421,48.46,225,41.33
pattern,M15_tri0.1_N2_min200,2xATRD1,101,51.49,61,60.66
pattern,M15_tri0.1_N2_min200_inv,2xATRD1,103,46.6,53,37.74
pattern,M15_tri0.1_N2_min1000,2xATRD1,101,51.49,61,60.66
pattern,M15_tri0.1_N2_min1000_inv,2xATRD1,103,46.6,53,37.74
pattern,M15_tri0.1_N2_min200,3xATRD1,50,54.0,26,69.23
pattern,M15_tri0.1_N2_min200_inv,3xATRD1,53,45.28,33,33.33
pattern,M15_tri0.1_N2_min1000,3xATRD1,50,54.0,26,69.23
pattern,M15_tri0.1_N2_min1000_inv,3xATRD1,53,45.28,33,33.33
pattern,M15_tri0.1_N2_min200,fix1,160497,35.58,95685,35.03
pattern,M15_tri0.1_N2_min200_inv,fix1,160646,35.26,95677,35.28
pattern,M15_tri0.1_N2_min1000,fix1,160497,35.58,95685,35.03
pattern,M15_tri0.1_N2_min1000_inv,fix1,160646,35.26,95677,35.28
pattern,M15_tri0.1_N2_min200,fix2,47619,42.83,29200,42.04
pattern,M15_tri0.1_N2_min200_inv,fix2,47660,42.43,29104,42.97
pattern,M15_tri0.1_N2_min1000,fix2,47619,42.83,29200,42.04
pattern,M15_tri0.1_N2_min1000_inv,fix2,47660,42.43,29104,42.97
pattern,M15_tri0.1_N2_min200,fix3,22374,45.33,13815,44.42
pattern,M15_tri0.1_N2_min200_inv,fix3,22314,45.11,13817,45.57
pattern,M15_tri0.1_N2_min1000,fix3,22374,45.33,13815,44.42
pattern,M15_tri0.1_N2_min1000_inv,fix3,22314,45.11,13817,45.57
pattern,M15_tri0.1_N2_min200,fix5,8344,46.57,5167,46.2
pattern,M15_tri0.1_N2_min200_inv,fix5,8450,47.08,5245,47.91
pattern,M15_tri0.1_N2_min1000,fix5,8344,46.57,5167,46.2
pattern,M15_tri0.1_N2_min1000_inv,fix5,8450,47.08,5245,47.91
pattern,M15_tri0.1_N2_min200,fix10,2266,48.32,1355,49.45
pattern,M15_tri0.1_N2_min200_inv,fix10,2223,47.91,1355,46.94
pattern,M15_tri0.1_N2_min1000,fix10,2266,48.32,1355,49.45
pattern,M15_tri0.1_N2_min1000_inv,fix10,2223,47.91,1355,46.94
pattern,M15_tri0.1_N3_min200,0.5xATRM15,129736,33.51,68376,32.61
pattern,M15_tri0.1_N3_min200_inv,0.5xATRM15,129761,32.9,68121,33.3
pattern,M15_tri0.1_N3_min1000,0.5xATRM15,129736,33.51,68376,32.61
pattern,M15_tri0.1_N3_min1000_inv,0.5xATRM15,129768,32.9,68207,33.24
pattern,M15_tri0.1_N3_min200,1xATRM15,31401,42.4,16685,42.0
pattern,M15_tri0.1_N3_min200_inv,1xATRM15,31609,41.59,16666,42.5
pattern,M15_tri0.1_N3_min1000,1xATRM15,31401,42.4,16685,42.0
pattern,M15_tri0.1_N3_min1000_inv,1xATRM15,31595,41.59,16684,42.45
pattern,M15_tri0.1_N3_min200,2xATRM15,6682,47.31,3601,46.1
pattern,M15_tri0.1_N3_min200_inv,2xATRM15,6849,46.56,3611,46.44
pattern,M15_tri0.1_N3_min1000,2xATRM15,6682,47.31,3601,46.1
pattern,M15_tri0.1_N3_min1000_inv,2xATRM15,6848,46.5,3611,46.41
pattern,M15_tri0.1_N3_min200,3xATRM15,2643,48.51,1457,47.43
pattern,M15_tri0.1_N3_min200_inv,3xATRM15,2760,47.03,1480,49.19
pattern,M15_tri0.1_N3_min1000,3xATRM15,2643,48.51,1457,47.43
pattern,M15_tri0.1_N3_min1000_inv,3xATRM15,2760,47.07,1480,49.19
pattern,M15_tri0.1_N3_min200,0.5xATRH1,36177,42.8,18965,41.56
pattern,M15_tri0.1_N3_min200_inv,0.5xATRH1,36014,41.98,18959,43.06
pattern,M15_tri0.1_N3_min1000,0.5xATRH1,36177,42.8,18965,41.56
pattern,M15_tri0.1_N3_min1000_inv,0.5xATRH1,36017,41.95,18954,43.05
pattern,M15_tri0.1_N3_min200,1xATRH1,9148,47.16,4863,46.51
pattern,M15_tri0.1_N3_min200_inv,1xATRH1,9240,45.3,4890,46.26
pattern,M15_tri0.1_N3_min1000,1xATRH1,9148,47.16,4863,46.51
pattern,M15_tri0.1_N3_min1000_inv,1xATRH1,9235,45.37,4892,46.24
pattern,M15_tri0.1_N3_min200,2xATRH1,2140,47.1,1239,49.23
pattern,M15_tri0.1_N3_min200_inv,2xATRH1,2257,47.76,1228,47.8
pattern,M15_tri0.1_N3_min1000,2xATRH1,2140,47.1,1239,49.23
pattern,M15_tri0.1_N3_min1000_inv,2xATRH1,2257,47.81,1228,47.8
pattern,M15_tri0.1_N3_min200,3xATRH1,927,48.54,547,51.55
pattern,M15_tri0.1_N3_min200_inv,3xATRH1,955,48.27,544,45.22
pattern,M15_tri0.1_N3_min1000,3xATRH1,927,48.54,547,51.55
pattern,M15_tri0.1_N3_min1000_inv,3xATRH1,955,48.38,544,45.22
pattern,M15_tri0.1_N3_min200,0.5xATRD1,1723,50.03,876,49.32
pattern,M15_tri0.1_N3_min200_inv,0.5xATRD1,1662,47.95,851,47.83
pattern,M15_tri0.1_N3_min1000,0.5xATRD1,1723,49.91,879,49.37
pattern,M15_tri0.1_N3_min1000_inv,0.5xATRD1,1662,47.95,851,47.83
pattern,M15_tri0.1_N3_min200,1xATRD1,447,47.2,226,57.96
pattern,M15_tri0.1_N3_min200_inv,1xATRD1,435,49.66,226,42.04
pattern,M15_tri0.1_N3_min1000,1xATRD1,447,47.2,226,57.96
pattern,M15_tri0.1_N3_min1000_inv,1xATRD1,435,49.66,226,41.59
pattern,M15_tri0.1_N3_min200,2xATRD1,101,51.49,61,60.66
pattern,M15_tri0.1_N3_min200_inv,2xATRD1,103,46.6,53,37.74
pattern,M15_tri0.1_N3_min1000,2xATRD1,101,51.49,61,60.66
pattern,M15_tri0.1_N3_min1000_inv,2xATRD1,103,46.6,53,39.62
pattern,M15_tri0.1_N3_min200,3xATRD1,47,51.06,33,63.64
pattern,M15_tri0.1_N3_min200_inv,3xATRD1,51,50.98,33,27.27
pattern,M15_tri0.1_N3_min1000,3xATRD1,47,51.06,33,63.64
pattern,M15_tri0.1_N3_min1000_inv,3xATRD1,51,50.98,33,30.3
pattern,M15_tri0.1_N3_min200,fix1,160319,35.7,95615,34.9
pattern,M15_tri0.1_N3_min200_inv,fix1,160758,35.12,95511,35.41
pattern,M15_tri0.1_N3_min1000,fix1,160319,35.7,95615,34.9
pattern,M15_tri0.1_N3_min1000_inv,fix1,160779,35.12,95499,35.4
pattern,M15_tri0.1_N3_min200,fix2,47515,43.25,29222,42.5
pattern,M15_tri0.1_N3_min200_inv,fix2,47682,42.12,29204,42.45
pattern,M15_tri0.1_N3_min1000,fix2,47515,43.25,29222,42.5
pattern,M15_tri0.1_N3_min1000_inv,fix2,47675,42.14,29211,42.42
pattern,M15_tri0.1_N3_min200,fix3,22352,45.45,13830,44.24
pattern,M15_tri0.1_N3_min200_inv,fix3,22459,44.54,13777,45.68
pattern,M15_tri0.1_N3_min1000,fix3,22352,45.45,13830,44.24
pattern,M15_tri0.1_N3_min1000_inv,fix3,22467,44.52,13778,45.67
pattern,M15_tri0.1_N3_min200,fix5,8409,47.01,5210,46.3
pattern,M15_tri0.1_N3_min200_inv,fix5,8460,47.04,5233,47.09
pattern,M15_tri0.1_N3_min1000,fix5,8406,46.98,5213,46.29
pattern,M15_tri0.1_N3_min1000_inv,fix5,8460,47.04,5233,47.09
pattern,M15_tri0.1_N3_min200,fix10,2267,49.4,1372,50.07
pattern,M15_tri0.1_N3_min200_inv,fix10,2229,47.42,1380,47.46
pattern,M15_tri0.1_N3_min1000,fix10,2267,49.4,1372,50.07
pattern,M15_tri0.1_N3_min1000_inv,fix10,2229,47.6,1380,47.46
pattern,M15_tri0.1_N4_min200,0.5xATRM15,129674,33.58,68420,32.55
pattern,M15_tri0.1_N4_min200_inv,0.5xATRM15,129922,32.92,68223,33.51
pattern,M15_tri0.1_N4_min1000,0.5xATRM15,129560,33.58,68473,32.5
pattern,M15_tri0.1_N4_min1000_inv,0.5xATRM15,129791,33.01,68104,33.43
pattern,M15_tri0.1_N4_min200,1xATRM15,31522,42.67,16521,41.43
pattern,M15_tri0.1_N4_min200_inv,1xATRM15,31714,41.31,16530,42.57
pattern,M15_tri0.1_N4_min1000,1xATRM15,31504,42.36,16489,41.31
pattern,M15_tri0.1_N4_min1000_inv,1xATRM15,31806,41.5,16567,42.44
pattern,M15_tri0.1_N4_min200,2xATRM15,6706,47.85,3648,45.86
pattern,M15_tri0.1_N4_min200_inv,2xATRM15,6694,46.06,3681,46.97
pattern,M15_tri0.1_N4_min1000,2xATRM15,6677,47.76,3633,45.42
pattern,M15_tri0.1_N4_min1000_inv,2xATRM15,6767,46.3,3725,46.82
pattern,M15_tri0.1_N4_min200,3xATRM15,2669,49.08,1501,47.63
pattern,M15_tri0.1_N4_min200_inv,3xATRM15,2745,45.46,1494,49.06
pattern,M15_tri0.1_N4_min1000,3xATRM15,2683,49.2,1502,47.07
pattern,M15_tri0.1_N4_min1000_inv,3xATRM15,2724,46.11,1502,48.8
pattern,M15_tri0.1_N4_min200,0.5xATRH1,35967,42.89,18943,41.75
pattern,M15_tri0.1_N4_min200_inv,0.5xATRH1,35904,41.93,18916,42.84
pattern,M15_tri0.1_N4_min1000,0.5xATRH1,35980,42.82,18956,41.56
pattern,M15_tri0.1_N4_min1000_inv,0.5xATRH1,35937,41.83,18918,42.63
pattern,M15_tri0.1_N4_min200,1xATRH1,9213,47.17,4844,46.47
pattern,M15_tri0.1_N4_min200_inv,1xATRH1,9211,45.75,4874,45.51
pattern,M15_tri0.1_N4_min1000,1xATRH1,9219,46.89,4829,46.26
pattern,M15_tri0.1_N4_min1000_inv,1xATRH1,9203,45.66,4893,45.15
pattern,M15_tri0.1_N4_min200,2xATRH1,2103,48.88,1236,48.38
pattern,M15_tri0.1_N4_min200_inv,2xATRH1,2225,48.49,1199,49.71
pattern,M15_tri0.1_N4_min1000,2xATRH1,2102,48.48,1222,47.71
pattern,M15_tri0.1_N4_min1000_inv,2xATRH1,2217,48.17,1197,49.37
pattern,M15_tri0.1_N4_min200,3xATRH1,959,49.84,548,50.36
pattern,M15_tri0.1_N4_min200_inv,3xATRH1,977,47.08,542,47.97
pattern,M15_tri0.1_N4_min1000,3xATRH1,961,49.12,540,50.37
pattern,M15_tri0.1_N4_min1000_inv,3xATRH1,972,47.43,544,47.61
pattern,M15_tri0.1_N4_min200,0.5xATRD1,1705,49.91,844,48.7
pattern,M15_tri0.1_N4_min200_inv,0.5xATRD1,1694,48.23,863,47.62
pattern,M15_tri0.1_N4_min1000,0.5xATRD1,1696,48.94,845,48.64
pattern,M15_tri0.1_N4_min1000_inv,0.5xATRD1,1680,48.1,864,47.69
pattern,M15_tri0.1_N4_min200,1xATRD1,436,48.85,226,51.33
pattern,M15_tri0.1_N4_min200_inv,1xATRD1,460,48.48,222,48.65
pattern,M15_tri0.1_N4_min1000,1xATRD1,434,50.23,226,52.21
pattern,M15_tri0.1_N4_min1000_inv,1xATRD1,462,50.22,222,47.75
pattern,M15_tri0.1_N4_min200,2xATRD1,105,49.52,59,57.63
pattern,M15_tri0.1_N4_min200_inv,2xATRD1,104,46.15,59,42.37
pattern,M15_tri0.1_N4_min1000,2xATRD1,101,49.5,59,57.63
pattern,M15_tri0.1_N4_min1000_inv,2xATRD1,104,47.12,59,45.76
pattern,M15_tri0.1_N4_min200,3xATRD1,48,43.75,32,50.0
pattern,M15_tri0.1_N4_min200_inv,3xATRD1,48,56.25,27,40.74
pattern,M15_tri0.1_N4_min1000,3xATRD1,48,45.83,32,50.0
pattern,M15_tri0.1_N4_min1000_inv,3xATRD1,48,60.42,27,44.44
pattern,M15_tri0.1_N4_min200,fix1,160331,35.91,95556,34.99
pattern,M15_tri0.1_N4_min200_inv,fix1,160981,34.95,95759,35.29
pattern,M15_tri0.1_N4_min1000,fix1,160325,35.86,95615,34.88
pattern,M15_tri0.1_N4_min1000_inv,fix1,161019,35.04,95760,35.19
pattern,M15_tri0.1_N4_min200,fix2,47526,43.14,29129,42.2
pattern,M15_tri0.1_N4_min200_inv,fix2,47755,42.1,29124,42.76
pattern,M15_tri0.1_N4_min1000,fix2,47420,43.09,29196,41.96
pattern,M15_tri0.1_N4_min1000_inv,fix2,47691,42.23,29173,42.55
pattern,M15_tri0.1_N4_min200,fix3,22421,45.79,13739,44.84
pattern,M15_tri0.1_N4_min200_inv,fix3,22358,44.63,13780,45.17
pattern,M15_tri0.1_N4_min1000,fix3,22422,45.56,13792,44.53
pattern,M15_tri0.1_N4_min1000_inv,fix3,22396,44.6,13780,44.76
pattern,M15_tri0.1_N4_min200,fix5,8357,48.35,5241,45.68
pattern,M15_tri0.1_N4_min200_inv,fix5,8455,46.56,5224,47.49
pattern,M15_tri0.1_N4_min1000,fix5,8361,47.96,5244,45.33
pattern,M15_tri0.1_N4_min1000_inv,fix5,8455,46.54,5217,47.33
pattern,M15_tri0.1_N4_min200,fix10,2253,49.45,1357,50.92
pattern,M15_tri0.1_N4_min200_inv,fix10,2211,47.54,1388,47.12
pattern,M15_tri0.1_N4_min1000,fix10,2239,48.68,1374,51.09
pattern,M15_tri0.1_N4_min1000_inv,fix10,2220,47.61,1389,47.01
pattern,M15_tri0.1_N5_min200,0.5xATRM15,129629,33.89,68418,32.67
pattern,M15_tri0.1_N5_min200_inv,0.5xATRM15,130133,32.61,68212,33.14
pattern,M15_tri0.1_N5_min1000,0.5xATRM15,129668,33.54,68501,32.47
pattern,M15_tri0.1_N5_min1000_inv,0.5xATRM15,129972,32.93,68263,33.04
pattern,M15_tri0.1_N5_min200,1xATRM15,31485,42.41,16590,41.72
pattern,M15_tri0.1_N5_min200_inv,1xATRM15,31719,41.11,16619,42.68
pattern,M15_tri0.1_N5_min1000,1xATRM15,31476,42.38,16739,41.78
pattern,M15_tri0.1_N5_min1000_inv,1xATRM15,31503,41.62,16683,42.19
pattern,M15_tri0.1_N5_min200,2xATRM15,6689,47.6,3599,45.98
pattern,M15_tri0.1_N5_min200_inv,2xATRM15,6771,46.34,3710,46.5
pattern,M15_tri0.1_N5_min1000,2xATRM15,6547,47.11,3586,45.93
pattern,M15_tri0.1_N5_min1000_inv,2xATRM15,6685,45.91,3712,46.17
pattern,M15_tri0.1_N5_min200,3xATRM15,2686,49.74,1453,46.8
pattern,M15_tri0.1_N5_min200_inv,3xATRM15,2716,46.65,1512,49.47
pattern,M15_tri0.1_N5_min1000,3xATRM15,2711,48.76,1484,46.23
pattern,M15_tri0.1_N5_min1000_inv,3xATRM15,2703,47.21,1484,47.1
pattern,M15_tri0.1_N5_min200,0.5xATRH1,36174,42.94,18965,42.2
pattern,M15_tri0.1_N5_min200_inv,0.5xATRH1,36031,41.83,18981,42.94
pattern,M15_tri0.1_N5_min1000,0.5xATRH1,36228,42.94,19101,41.89
pattern,M15_tri0.1_N5_min1000_inv,0.5xATRH1,36042,42.09,19002,42.4
pattern,M15_tri0.1_N5_min200,1xATRH1,9164,47.81,4792,45.76
pattern,M15_tri0.1_N5_min200_inv,1xATRH1,9280,45.09,4949,45.58
pattern,M15_tri0.1_N5_min1000,1xATRH1,9189,47.27,4861,45.3
pattern,M15_tri0.1_N5_min1000_inv,1xATRH1,9281,45.34,4966,44.44
pattern,M15_tri0.1_N5_min200,2xATRH1,2164,49.26,1227,47.27
pattern,M15_tri0.1_N5_min200_inv,2xATRH1,2226,47.89,1206,49.09
pattern,M15_tri0.1_N5_min1000,2xATRH1,2154,48.89,1228,46.01
pattern,M15_tri0.1_N5_min1000_inv,2xATRH1,2182,48.44,1215,48.89
pattern,M15_tri0.1_N5_min200,3xATRH1,962,50.52,559,48.3
pattern,M15_tri0.1_N5_min200_inv,3xATRH1,935,45.24,532,47.37
pattern,M15_tri0.1_N5_min1000,3xATRH1,944,48.52,533,50.28
pattern,M15_tri0.1_N5_min1000_inv,3xATRH1,957,45.45,531,50.28
pattern,M15_tri0.1_N5_min200,0.5xATRD1,1698,51.24,856,47.66
pattern,M15_tri0.1_N5_min200_inv,0.5xATRD1,1668,46.88,860,47.09
pattern,M15_tri0.1_N5_min1000,0.5xATRD1,1694,49.59,851,48.06
pattern,M15_tri0.1_N5_min1000_inv,0.5xATRD1,1704,47.36,852,48.83
pattern,M15_tri0.1_N5_min200,1xATRD1,433,48.73,209,58.85
pattern,M15_tri0.1_N5_min200_inv,1xATRD1,444,48.2,225,39.56
pattern,M15_tri0.1_N5_min1000,1xATRD1,445,49.66,215,57.21
pattern,M15_tri0.1_N5_min1000_inv,1xATRD1,438,49.09,226,46.46
pattern,M15_tri0.1_N5_min200,2xATRD1,108,47.22,61,59.02
pattern,M15_tri0.1_N5_min200_inv,2xATRD1,103,37.86,63,41.27
pattern,M15_tri0.1_N5_min1000,2xATRD1,99,47.47,61,57.38
pattern,M15_tri0.1_N5_min1000_inv,2xATRD1,99,59.6,56,57.14
pattern,M15_tri0.1_N5_min200,3xATRD1,49,46.94,33,60.61
pattern,M15_tri0.1_N5_min200_inv,3xATRD1,49,55.1,27,33.33
pattern,M15_tri0.1_N5_min1000,3xATRD1,52,50.0,33,57.58
pattern,M15_tri0.1_N5_min1000_inv,3xATRD1,47,57.45,31,51.61
pattern,M15_tri0.1_N5_min200,fix1,160193,36.02,95552,34.95
pattern,M15_tri0.1_N5_min200_inv,fix1,160849,34.81,95586,35.17
pattern,M15_tri0.1_N5_min1000,fix1,160546,35.63,95673,34.82
pattern,M15_tri0.1_N5_min1000_inv,fix1,161004,35.08,95790,35.01
pattern,M15_tri0.1_N5_min200,fix2,47394,43.61,29127,42.54
pattern,M15_tri0.1_N5_min200_inv,fix2,47695,41.7,29163,42.39
pattern,M15_tri0.1_N5_min1000,fix2,47556,43.18,29215,42.0
pattern,M15_tri0.1_N5_min1000_inv,fix2,47820,42.15,29184,42.28
pattern,M15_tri0.1_N5_min200,fix3,22345,45.49,13832,45.11
pattern,M15_tri0.1_N5_min200_inv,fix3,22386,44.37,13790,44.71
pattern,M15_tri0.1_N5_min1000,fix3,22285,45.43,13876,44.78
pattern,M15_tri0.1_N5_min1000_inv,fix3,22377,44.81,13760,44.4
pattern,M15_tri0.1_N5_min200,fix5,8482,48.17,5250,46.69
pattern,M15_tri0.1_N5_min200_inv,fix5,8452,45.97,5221,47.94
pattern,M15_tri0.1_N5_min1000,fix5,8477,48.05,5190,45.95
pattern,M15_tri0.1_N5_min1000_inv,fix5,8447,46.74,5189,46.64
pattern,M15_tri0.1_N5_min200,fix10,2223,50.43,1369,48.87
pattern,M15_tri0.1_N5_min200_inv,fix10,2197,45.84,1350,50.3
pattern,M15_tri0.1_N5_min1000,fix10,2201,50.43,1362,49.56
pattern,M15_tri0.1_N5_min1000_inv,fix10,2213,47.0,1340,49.85
pattern,M15_tri0.1_N6_min200,0.5xATRM15,129442,33.98,68429,32.59
pattern,M15_tri0.1_N6_min200_inv,0.5xATRM15,130181,32.46,68266,33.13
pattern,M15_tri0.1_N6_min1000,0.5xATRM15,129695,33.51,68483,32.51
pattern,M15_tri0.1_N6_min1000_inv,0.5xATRM15,129853,32.92,68381,32.89
pattern,M15_tri0.1_N6_min200,1xATRM15,31429,43.29,16601,41.5
pattern,M15_tri0.1_N6_min200_inv,1xATRM15,31482,40.67,16613,42.56
pattern,M15_tri0.1_N6_min1000,1xATRM15,31301,42.39,16638,41.46
pattern,M15_tri0.1_N6_min1000_inv,1xATRM15,31443,41.4,16633,42.25
pattern,M15_tri0.1_N6_min200,2xATRM15,6798,46.43,3634,44.61
pattern,M15_tri0.1_N6_min200_inv,2xATRM15,6781,45.39,3616,47.87
pattern,M15_tri0.1_N6_min1000,2xATRM15,6736,46.01,3663,44.44
pattern,M15_tri0.1_N6_min1000_inv,2xATRM15,6796,46.06,3656,46.72
pattern,M15_tri0.1_N6_min200,3xATRM15,2714,49.45,1503,48.44
pattern,M15_tri0.1_N6_min200_inv,3xATRM15,2751,46.2,1509,47.32
pattern,M15_tri0.1_N6_min1000,3xATRM15,2807,48.41,1477,45.5
pattern,M15_tri0.1_N6_min1000_inv,3xATRM15,2744,47.3,1524,46.33
pattern,M15_tri0.1_N6_min200,0.5xATRH1,36129,43.47,18937,41.76
pattern,M15_tri0.1_N6_min200_inv,0.5xATRH1,36172,41.23,18969,42.69
pattern,M15_tri0.1_N6_min1000,0.5xATRH1,36103,42.64,19002,41.54
pattern,M15_tri0.1_N6_min1000_inv,0.5xATRH1,36166,41.99,19008,42.23
pattern,M15_tri0.1_N6_min200,1xATRH1,9271,47.65,4880,45.84
pattern,M15_tri0.1_N6_min200_inv,1xATRH1,9276,43.95,4847,46.56
pattern,M15_tri0.1_N6_min1000,1xATRH1,9204,47.02,4858,44.65
pattern,M15_tri0.1_N6_min1000_inv,1xATRH1,9272,45.29,4854,45.57
pattern,M15_tri0.1_N6_min200,2xATRH1,2191,49.38,1199,49.62
pattern,M15_tri0.1_N6_min200_inv,2xATRH1,2191,47.33,1224,51.23
pattern,M15_tri0.1_N6_min1000,2xATRH1,2150,48.05,1219,46.51
pattern,M15_tri0.1_N6_min1000_inv,2xATRH1,2216,47.43,1238,47.09
pattern,M15_tri0.1_N6_min200,3xATRH1,957,49.22,541,48.8
pattern,M15_tri0.1_N6_min200_inv,3xATRH1,924,47.62,529,47.83
pattern,M15_tri0.1_N6_min1000,3xATRH1,965,46.84,535,50.09
pattern,M15_tri0.1_N6_min1000_inv,3xATRH1,962,45.74,529,51.8
pattern,M15_tri0.1_N6_min200,0.5xATRD1,1729,49.62,828,50.85
pattern,M15_tri0.1_N6_min200_inv,0.5xATRD1,1677,48.72,853,47.36
pattern,M15_tri0.1_N6_min1000,0.5xATRD1,1681,49.26,838,48.21
pattern,M15_tri0.1_N6_min1000_inv,0.5xATRD1,1702,49.88,833,48.02
pattern,M15_tri0.1_N6_min200,1xATRD1,430,46.74,221,52.49
pattern,M15_tri0.1_N6_min200_inv,1xATRD1,431,51.97,228,49.56
pattern,M15_tri0.1_N6_min1000,1xATRD1,436,51.38,213,52.58
pattern,M15_tri0.1_N6_min1000_inv,1xATRD1,443,49.66,229,52.84
pattern,M15_tri0.1_N6_min200,2xATRD1,112,54.46,65,47.69
pattern,M15_tri0.1_N6_min200_inv,2xATRD1,99,43.43,71,42.25
pattern,M15_tri0.1_N6_min1000,2xATRD1,97,51.55,61,55.74
pattern,M15_tri0.1_N6_min1000_inv,2xATRD1,101,55.45,65,60.0
pattern,M15_tri0.1_N6_min200,3xATRD1,49,48.98,26,53.85
pattern,M15_tri0.1_N6_min200_inv,3xATRD1,48,43.75,32,31.25
pattern,M15_tri0.1_N6_min200,fix1,160407,35.95,95729,34.82
pattern,M15_tri0.1_N6_min200_inv,fix1,160763,34.77,95403,35.3
pattern,M15_tri0.1_N6_min1000,fix1,160510,35.59,95871,34.66
pattern,M15_tri0.1_N6_min1000_inv,fix1,160804,35.12,95614,35.06
pattern,M15_tri0.1_N6_min200,fix2,47677,43.28,29311,42.14
pattern,M15_tri0.1_N6_min200_inv,fix2,47836,41.73,29110,42.73
pattern,M15_tri0.1_N6_min1000,fix2,47737,42.88,29279,41.95
pattern,M15_tri0.1_N6_min1000_inv,fix2,47748,42.22,29182,42.24
pattern,M15_tri0.1_N6_min200,fix3,22361,46.09,13860,44.68
pattern,M15_tri0.1_N6_min200_inv,fix3,22374,44.12,13779,44.58
pattern,M15_tri0.1_N6_min1000,fix3,22294,45.47,13860,44.21
pattern,M15_tri0.1_N6_min1000_inv,fix3,22336,44.46,13807,44.36
pattern,M15_tri0.1_N6_min200,fix5,8388,48.44,5209,45.65
pattern,M15_tri0.1_N6_min200_inv,fix5,8521,45.53,5185,47.39
pattern,M15_tri0.1_N6_min1000,fix5,8483,47.55,5210,45.78
pattern,M15_tri0.1_N6_min1000_inv,fix5,8467,46.59,5189,45.96
pattern,M15_tri0.1_N6_min200,fix10,2246,50.13,1371,49.89
pattern,M15_tri0.1_N6_min200_inv,fix10,2267,47.95,1326,50.15
pattern,M15_tri0.1_N6_min1000,fix10,2201,50.43,1379,51.12
pattern,M15_tri0.1_N6_min1000_inv,fix10,2233,47.16,1336,49.18
pattern,M15_tri0.3_N1_min200,0.5xATRM15,129377,33.4,68572,32.71
pattern,M15_tri0.3_N1_min200_inv,0.5xATRM15,130212,32.9,68218,33.17
pattern,M15_tri0.3_N1_min1000,0.5xATRM15,129377,33.4,68572,32.71
pattern,M15_tri0.3_N1_min1000_inv,0.5xATRM15,130212,32.9,68218,33.17
pattern,M15_tri0.3_N1_min200,1xATRM15,31181,42.1,16790,41.38
pattern,M15_tri0.3_N1_min200_inv,1xATRM15,31418,42.23,16438,43.42
pattern,M15_tri0.3_N1_min1000,1xATRM15,31181,42.1,16790,41.38
pattern,M15_tri0.3_N1_min1000_inv,1xATRM15,31418,42.23,16438,43.42
pattern,M15_tri0.3_N1_min200,2xATRM15,6717,46.49,3671,44.48
pattern,M15_tri0.3_N1_min200_inv,2xATRM15,6754,46.71,3557,48.21
pattern,M15_tri0.3_N1_min1000,2xATRM15,6717,46.49,3671,44.48
pattern,M15_tri0.3_N1_min1000_inv,2xATRM15,6754,46.71,3557,48.21
pattern,M15_tri0.3_N1_min200,3xATRM15,2690,48.18,1475,48.14
pattern,M15_tri0.3_N1_min200_inv,3xATRM15,2718,46.95,1485,47.95
pattern,M15_tri0.3_N1_min1000,3xATRM15,2690,48.18,1475,48.14
pattern,M15_tri0.3_N1_min1000_inv,3xATRM15,2718,46.95,1485,47.95
pattern,M15_tri0.3_N1_min200,0.5xATRH1,36116,42.51,19043,41.47
pattern,M15_tri0.3_N1_min200_inv,0.5xATRH1,35991,42.46,18841,43.56
pattern,M15_tri0.3_N1_min1000,0.5xATRH1,36116,42.51,19043,41.47
pattern,M15_tri0.3_N1_min1000_inv,0.5xATRH1,35991,42.46,18841,43.56
pattern,M15_tri0.3_N1_min200,1xATRH1,9203,46.2,4864,45.27
pattern,M15_tri0.3_N1_min200_inv,1xATRH1,9179,46.7,4881,46.49
pattern,M15_tri0.3_N1_min1000,1xATRH1,9203,46.2,4864,45.27
pattern,M15_tri0.3_N1_min1000_inv,1xATRH1,9179,46.7,4881,46.49
pattern,M15_tri0.3_N1_min200,2xATRH1,2168,47.92,1236,45.47
pattern,M15_tri0.3_N1_min200_inv,2xATRH1,2278,48.16,1212,50.99
pattern,M15_tri0.3_N1_min1000,2xATRH1,2168,47.92,1236,45.47
pattern,M15_tri0.3_N1_min1000_inv,2xATRH1,2278,48.16,1212,50.99
pattern,M15_tri0.3_N1_min200,3xATRH1,984,48.58,552,53.26
pattern,M15_tri0.3_N1_min200_inv,3xATRH1,936,48.93,544,44.67
pattern,M15_tri0.3_N1_min1000,3xATRH1,984,48.58,552,53.26
pattern,M15_tri0.3_N1_min1000_inv,3xATRH1,936,48.93,544,44.67
pattern,M15_tri0.3_N1_min200,0.5xATRD1,1704,48.36,844,45.62
pattern,M15_tri0.3_N1_min200_inv,0.5xATRD1,1703,48.85,860,51.63
pattern,M15_tri0.3_N1_min1000,0.5xATRD1,1704,48.36,844,45.62
pattern,M15_tri0.3_N1_min1000_inv,0.5xATRD1,1703,48.85,860,51.63
pattern,M15_tri0.3_N1_min200,1xATRD1,445,50.79,227,55.51
pattern,M15_tri0.3_N1_min200_inv,1xATRD1,427,48.01,225,42.67
pattern,M15_tri0.3_N1_min1000,1xATRD1,445,50.79,227,55.51
pattern,M15_tri0.3_N1_min1000_inv,1xATRD1,427,48.01,225,42.67
pattern,M15_tri0.3_N1_min200,2xATRD1,101,51.49,61,60.66
pattern,M15_tri0.3_N1_min200_inv,2xATRD1,103,46.6,53,37.74
pattern,M15_tri0.3_N1_min1000,2xATRD1,101,51.49,61,60.66
pattern,M15_tri0.3_N1_min1000_inv,2xATRD1,103,46.6,53,37.74
pattern,M15_tri0.3_N1_min200,3xATRD1,50,54.0,26,69.23
pattern,M15_tri0.3_N1_min200_inv,3xATRD1,53,45.28,33,33.33
pattern,M15_tri0.3_N1_min1000,3xATRD1,50,54.0,26,69.23
pattern,M15_tri0.3_N1_min1000_inv,3xATRD1,53,45.28,33,33.33
pattern,M15_tri0.3_N1_min200,fix1,160263,35.64,95558,35.18
pattern,M15_tri0.3_N1_min200_inv,fix1,160594,35.25,95767,35.1
pattern,M15_tri0.3_N1_min1000,fix1,160263,35.64,95558,35.18
pattern,M15_tri0.3_N1_min1000_inv,fix1,160594,35.25,95767,35.1
pattern,M15_tri0.3_N1_min200,fix2,47435,43.2,28915,42.73
pattern,M15_tri0.3_N1_min200_inv,fix2,47760,42.2,29282,42.3
pattern,M15_tri0.3_N1_min1000,fix2,47435,43.2,28915,42.73
pattern,M15_tri0.3_N1_min1000_inv,fix2,47760,42.2,29282,42.3
pattern,M15_tri0.3_N1_min200,fix3,22329,45.07,13862,44.08
pattern,M15_tri0.3_N1_min200_inv,fix3,22283,45.25,13817,45.94
pattern,M15_tri0.3_N1_min1000,fix3,22329,45.07,13862,44.08
pattern,M15_tri0.3_N1_min1000_inv,fix3,22283,45.25,13817,45.94
pattern,M15_tri0.3_N1_min200,fix5,8372,46.99,5167,45.54
pattern,M15_tri0.3_N1_min200_inv,fix5,8467,47.19,5202,48.44
pattern,M15_tri0.3_N1_min1000,fix5,8372,46.99,5167,45.54
pattern,M15_tri0.3_N1_min1000_inv,fix5,8467,47.19,5202,48.44
pattern,M15_tri0.3_N1_min200,fix10,2244,48.62,1365,50.99
pattern,M15_tri0.3_N1_min200_inv,fix10,2214,48.19,1373,46.1
pattern,M15_tri0.3_N1_min1000,fix10,2244,48.62,1365,50.99
pattern,M15_tri0.3_N1_min1000_inv,fix10,2214,48.19,1373,46.1
pattern,M15_tri0.3_N2_min200,0.5xATRM15,129377,33.4,68572,32.71
pattern,M15_tri0.3_N2_min200_inv,0.5xATRM15,130212,32.9,68218,33.17
pattern,M15_tri0.3_N2_min1000,0.5xATRM15,129377,33.4,68572,32.71
pattern,M15_tri0.3_N2_min1000_inv,0.5xATRM15,130212,32.9,68218,33.17
pattern,M15_tri0.3_N2_min200,1xATRM15,31181,42.1,16790,41.38
pattern,M15_tri0.3_N2_min200_inv,1xATRM15,31418,42.23,16438,43.42
pattern,M15_tri0.3_N2_min1000,1xATRM15,31181,42.1,16790,41.38
pattern,M15_tri0.3_N2_min1000_inv,1xATRM15,31418,42.23,16438,43.42
pattern,M15_tri0.3_N2_min200,2xATRM15,6700,46.87,3708,45.85
pattern,M15_tri0.3_N2_min200_inv,2xATRM15,6798,46.93,3647,47.11
pattern,M15_tri0.3_N2_min1000,2xATRM15,6700,46.87,3708,45.85
pattern,M15_tri0.3_N2_min1000_inv,2xATRM15,6798,46.93,3647,47.11
pattern,M15_tri0.3_N2_min200,3xATRM15,2747,47.58,1422,46.98
pattern,M15_tri0.3_N2_min200_inv,3xATRM15,2709,49.13,1465,47.44
pattern,M15_tri0.3_N2_min1000,3xATRM15,2747,47.58,1422,46.98
pattern,M15_tri0.3_N2_min1000_inv,3xATRM15,2709,49.13,1465,47.44
pattern,M15_tri0.3_N2_min200,0.5xATRH1,36209,42.4,18988,41.73
pattern,M15_tri0.3_N2_min200_inv,0.5xATRH1,35925,42.5,18825,43.29
pattern,M15_tri0.3_N2_min1000,0.5xATRH1,36209,42.4,18988,41.73
pattern,M15_tri0.3_N2_min1000_inv,0.5xATRH1,35925,42.5,18825,43.29
pattern,M15_tri0.3_N2_min200,1xATRH1,9203,46.2,4864,45.27
pattern,M15_tri0.3_N2_min200_inv,1xATRH1,9179,46.7,4881,46.49
pattern,M15_tri0.3_N2_min1000,1xATRH1,9203,46.2,4864,45.27
pattern,M15_tri0.3_N2_min1000_inv,1xATRH1,9179,46.7,4881,46.49
pattern,M15_tri0.3_N2_min200,2xATRH1,2173,47.4,1250,46.16
pattern,M15_tri0.3_N2_min200_inv,2xATRH1,2259,47.63,1197,49.54
pattern,M15_tri0.3_N2_min1000,2xATRH1,2173,47.4,1250,46.16
pattern,M15_tri0.3_N2_min1000_inv,2xATRH1,2259,47.63,1197,49.54
pattern,M15_tri0.3_N2_min200,3xATRH1,964,47.3,550,49.27
pattern,M15_tri0.3_N2_min200_inv,3xATRH1,963,51.19,516,44.57
pattern,M15_tri0.3_N2_min1000,3xATRH1,964,47.3,550,49.27
pattern,M15_tri0.3_N2_min1000_inv,3xATRH1,963,51.19,516,44.57
pattern,M15_tri0.3_N2_min200,0.5xATRD1,1689,48.08,808,47.9
pattern,M15_tri0.3_N2_min200_inv,0.5xATRD1,1693,48.2,857,50.41
pattern,M15_tri0.3_N2_min1000,0.5xATRD1,1689,48.08,808,47.9
pattern,M15_tri0.3_N2_min1000_inv,0.5xATRD1,1693,48.2,857,50.41
pattern,M15_tri0.3_N2_min200,1xATRD1,439,49.43,223,51.12
pattern,M15_tri0.3_N2_min200_inv,1xATRD1,442,46.83,229,48.47
pattern,M15_tri0.3_N2_min1000,1xATRD1,439,49.43,223,51.12
pattern,M15_tri0.3_N2_min1000_inv,1xATRD1,442,46.83,229,48.47
pattern,M15_tri0.3_N2_min200,2xATRD1,101,51.49,61,60.66
pattern,M15_tri0.3_N2_min200_inv,2xATRD1,103,46.6,53,37.74
pattern,M15_tri0.3_N2_min1000,2xATRD1,101,51.49,61,60.66
pattern,M15_tri0.3_N2_min1000_inv,2xATRD1,103,46.6,53,37.74
pattern,M15_tri0.3_N2_min200,3xATRD1,50,54.0,26,69.23
pattern,M15_tri0.3_N2_min200_inv,3xATRD1,53,45.28,33,33.33
pattern,M15_tri0.3_N2_min1000,3xATRD1,50,54.0,26,69.23
pattern,M15_tri0.3_N2_min1000_inv,3xATRD1,53,45.28,33,33.33
pattern,M15_tri0.3_N2_min200,fix1,160263,35.64,95558,35.18
pattern,M15_tri0.3_N2_min200_inv,fix1,160594,35.25,95767,35.1
pattern,M15_tri0.3_N2_min1000,fix1,160263,35.64,95558,35.18
pattern,M15_tri0.3_N2_min1000_inv,fix1,160594,35.25,95767,35.1
pattern,M15_tri0.3_N2_min200,fix2,47435,43.2,28915,42.73
pattern,M15_tri0.3_N2_min200_inv,fix2,47760,42.2,29282,42.3
pattern,M15_tri0.3_N2_min1000,fix2,47435,43.2,28915,42.73
pattern,M15_tri0.3_N2_min1000_inv,fix2,47760,42.2,29282,42.3
pattern,M15_tri0.3_N2_min200,fix3,22395,45.42,13828,44.45
pattern,M15_tri0.3_N2_min200_inv,fix3,22272,44.81,13793,45.84
pattern,M15_tri0.3_N2_min1000,fix3,22395,45.42,13828,44.45
pattern,M15_tri0.3_N2_min1000_inv,fix3,22272,44.81,13793,45.84
pattern,M15_tri0.3_N2_min200,fix5,8397,47.06,5204,46.21
pattern,M15_tri0.3_N2_min200_inv,fix5,8430,47.13,5202,47.87
pattern,M15_tri0.3_N2_min1000,fix5,8397,47.06,5204,46.21
pattern,M15_tri0.3_N2_min1000_inv,fix5,8430,47.13,5202,47.87
pattern,M15_tri0.3_N2_min200,fix10,2253,47.94,1378,50.0
pattern,M15_tri0.3_N2_min200_inv,fix10,2262,48.36,1351,48.48
pattern,M15_tri0.3_N2_min1000,fix10,2253,47.94,1378,50.0
pattern,M15_tri0.3_N2_min1000_inv,fix10,2262,48.36,1351,48.48
pattern,M15_tri0.3_N3_min200,0.5xATRM15,129723,33.59,68472,32.71
pattern,M15_tri0.3_N3_min200_inv,0.5xATRM15,129979,32.77,68237,33.34
pattern,M15_tri0.3_N3_min1000,0.5xATRM15,129723,33.59,68472,32.71
pattern,M15_tri0.3_N3_min1000_inv,0.5xATRM15,129979,32.77,68237,33.34
pattern,M15_tri0.3_N3_min200,1xATRM15,31259,42.41,16763,41.73
pattern,M15_tri0.3_N3_min200_inv,1xATRM15,31713,41.8,16413,42.94
pattern,M15_tri0.3_N3_min1000,1xATRM15,31259,42.41,16763,41.73
pattern,M15_tri0.3_N3_min1000_inv,1xATRM15,31713,41.8,16413,42.94
pattern,M15_tri0.3_N3_min200,2xATRM15,6743,46.67,3585,47.25
pattern,M15_tri0.3_N3_min200_inv,2xATRM15,6740,47.14,3665,47.18
pattern,M15_tri0.3_N3_min1000,2xATRM15,6743,46.67,3585,47.25
pattern,M15_tri0.3_N3_min1000_inv,2xATRM15,6740,47.14,3665,47.18
pattern,M15_tri0.3_N3_min200,3xATRM15,2693,48.01,1458,46.98
pattern,M15_tri0.3_N3_min200_inv,3xATRM15,2681,47.89,1443,46.92
pattern,M15_tri0.3_N3_min1000,3xATRM15,2693,48.01,1458,46.98
pattern,M15_tri0.3_N3_min1000_inv,3xATRM15,2681,47.89,1443,46.92
pattern,M15_tri0.3_N3_min200,0.5xATRH1,36033,42.91,18832,42.35
pattern,M15_tri0.3_N3_min200_inv,0.5xATRH1,36055,42.11,18813,43.21
pattern,M15_tri0.3_N3_min1000,0.5xATRH1,36033,42.91,18832,42.35
pattern,M15_tri0.3_N3_min1000_inv,0.5xATRH1,36055,42.11,18813,43.21
pattern,M15_tri0.3_N3_min200,1xATRH1,9149,46.8,4847,45.8
pattern,M15_tri0.3_N3_min200_inv,1xATRH1,9189,45.55,4937,45.76
pattern,M15_tri0.3_N3_min1000,1xATRH1,9149,46.8,4847,45.8
pattern,M15_tri0.3_N3_min1000_inv,1xATRH1,9189,45.55,4937,45.76
pattern,M15_tri0.3_N3_min200,2xATRH1,2191,47.28,1252,48.0
pattern,M15_tri0.3_N3_min200_inv,2xATRH1,2274,47.19,1221,46.93
pattern,M15_tri0.3_N3_min1000,2xATRH1,2191,47.28,1252,48.0
pattern,M15_tri0.3_N3_min1000_inv,2xATRH1,2274,47.19,1221,46.93
pattern,M15_tri0.3_N3_min200,3xATRH1,945,51.43,541,50.83
pattern,M15_tri0.3_N3_min200_inv,3xATRH1,984,46.54,546,46.15
pattern,M15_tri0.3_N3_min1000,3xATRH1,945,51.43,541,50.83
pattern,M15_tri0.3_N3_min1000_inv,3xATRH1,984,46.54,546,46.15
pattern,M15_tri0.3_N3_min200,0.5xATRD1,1699,49.38,849,48.17
pattern,M15_tri0.3_N3_min200_inv,0.5xATRD1,1731,50.84,842,47.74
pattern,M15_tri0.3_N3_min1000,0.5xATRD1,1699,49.38,849,48.17
pattern,M15_tri0.3_N3_min1000_inv,0.5xATRD1,1731,50.84,842,47.74
pattern,M15_tri0.3_N3_min200,1xATRD1,445,49.66,233,55.36
pattern,M15_tri0.3_N3_min200_inv,1xATRD1,450,47.56,222,47.75
pattern,M15_tri0.3_N3_min1000,1xATRD1,445,49.66,233,55.36
pattern,M15_tri0.3_N3_min1000_inv,1xATRD1,450,47.56,222,47.75
pattern,M15_tri0.3_N3_min200,2xATRD1,99,52.53,52,63.46
pattern,M15_tri0.3_N3_min200_inv,2xATRD1,103,48.54,66,40.91
pattern,M15_tri0.3_N3_min1000,2xATRD1,99,52.53,52,63.46
pattern,M15_tri0.3_N3_min1000_inv,2xATRD1,103,48.54,66,40.91
pattern,M15_tri0.3_N3_min200,3xATRD1,49,59.18,26,65.38
pattern,M15_tri0.3_N3_min200_inv,3xATRD1,53,43.4,33,30.3
pattern,M15_tri0.3_N3_min1000,3xATRD1,49,59.18,26,65.38
pattern,M15_tri0.3_N3_min1000_inv,3xATRD1,53,43.4,33,30.3
pattern,M15_tri0.3_N3_min200,fix1,160182,35.69,95555,34.86
pattern,M15_tri0.3_N3_min200_inv,fix1,160924,35.07,95706,35.51
pattern,M15_tri0.3_N3_min1000,fix1,160182,35.69,95555,34.86
pattern,M15_tri0.3_N3_min1000_inv,fix1,160924,35.07,95706,35.51
pattern,M15_tri0.3_N3_min200,fix2,47496,43.15,29076,42.32
pattern,M15_tri0.3_N3_min200_inv,fix2,47609,42.09,29149,42.87
pattern,M15_tri0.3_N3_min1000,fix2,47496,43.15,29076,42.32
pattern,M15_tri0.3_N3_min1000_inv,fix2,47609,42.09,29149,42.87
pattern,M15_tri0.3_N3_min200,fix3,22405,45.49,13875,44.34
pattern,M15_tri0.3_N3_min200_inv,fix3,22315,44.73,13790,45.49
pattern,M15_tri0.3_N3_min1000,fix3,22405,45.49,13875,44.34
pattern,M15_tri0.3_N3_min1000_inv,fix3,22315,44.73,13790,45.49
pattern,M15_tri0.3_N3_min200,fix5,8462,47.73,5216,47.2
pattern,M15_tri0.3_N3_min200_inv,fix5,8516,46.09,5245,46.69
pattern,M15_tri0.3_N3_min1000,fix5,8462,47.73,5216,47.2
pattern,M15_tri0.3_N3_min1000_inv,fix5,8516,46.09,5245,46.69
pattern,M15_tri0.3_N3_min200,fix10,2218,48.38,1343,49.81
pattern,M15_tri0.3_N3_min200_inv,fix10,2192,45.71,1337,47.42
pattern,M15_tri0.3_N3_min1000,fix10,2218,48.38,1343,49.81
pattern,M15_tri0.3_N3_min1000_inv,fix10,2192,45.71,1337,47.42
pattern,M15_tri0.3_N4_min200,0.5xATRM15,129150,33.9,68362,32.94
pattern,M15_tri0.3_N4_min200_inv,0.5xATRM15,130735,32.53,68292,33.09
pattern,M15_tri0.3_N4_min1000,0.5xATRM15,129150,33.9,68362,32.94
pattern,M15_tri0.3_N4_min1000_inv,0.5xATRM15,130735,32.53,68292,33.09
pattern,M15_tri0.3_N4_min200,1xATRM15,31599,42.75,16477,42.05
pattern,M15_tri0.3_N4_min200_inv,1xATRM15,31666,41.53,16598,42.4
pattern,M15_tri0.3_N4_min1000,1xATRM15,31599,42.75,16477,42.05
pattern,M15_tri0.3_N4_min1000_inv,1xATRM15,31666,41.53,16598,42.4
pattern,M15_tri0.3_N4_min200,2xATRM15,6701,46.74,3690,46.96
pattern,M15_tri0.3_N4_min200_inv,2xATRM15,6794,45.81,3593,46.42
pattern,M15_tri0.3_N4_min1000,2xATRM15,6701,46.74,3690,46.96
pattern,M15_tri0.3_N4_min1000_inv,2xATRM15,6794,45.81,3593,46.42
pattern,M15_tri0.3_N4_min200,3xATRM15,2705,50.24,1463,45.52
pattern,M15_tri0.3_N4_min200_inv,3xATRM15,2670,47.42,1502,48.2
pattern,M15_tri0.3_N4_min1000,3xATRM15,2705,50.24,1463,45.52
pattern,M15_tri0.3_N4_min1000_inv,3xATRM15,2670,47.42,1502,48.2
pattern,M15_tri0.3_N4_min200,0.5xATRH1,36061,42.95,18864,42.16
pattern,M15_tri0.3_N4_min200_inv,0.5xATRH1,36327,41.75,18880,42.83
pattern,M15_tri0.3_N4_min1000,0.5xATRH1,36061,42.95,18864,42.16
pattern,M15_tri0.3_N4_min1000_inv,0.5xATRH1,36327,41.75,18880,42.83
pattern,M15_tri0.3_N4_min200,1xATRH1,9269,46.55,4882,45.47
pattern,M15_tri0.3_N4_min200_inv,1xATRH1,9147,45.47,4918,45.83
pattern,M15_tri0.3_N4_min1000,1xATRH1,9269,46.55,4882,45.47
pattern,M15_tri0.3_N4_min1000_inv,1xATRH1,9147,45.47,4918,45.83
pattern,M15_tri0.3_N4_min200,2xATRH1,2225,48.99,1185,49.79
pattern,M15_tri0.3_N4_min200_inv,2xATRH1,2179,47.18,1181,50.3
pattern,M15_tri0.3_N4_min1000,2xATRH1,2225,48.99,1185,49.79
pattern,M15_tri0.3_N4_min1000_inv,2xATRH1,2179,47.18,1181,50.3
pattern,M15_tri0.3_N4_min200,3xATRH1,940,50.21,512,48.44
pattern,M15_tri0.3_N4_min200_inv,3xATRH1,995,48.04,549,44.99
pattern,M15_tri0.3_N4_min1000,3xATRH1,940,50.21,512,48.44
pattern,M15_tri0.3_N4_min1000_inv,3xATRH1,995,48.04,549,44.99
pattern,M15_tri0.3_N4_min200,0.5xATRD1,1688,47.99,842,50.0
pattern,M15_tri0.3_N4_min200_inv,0.5xATRD1,1675,49.79,851,46.53
pattern,M15_tri0.3_N4_min1000,0.5xATRD1,1688,47.99,842,50.0
pattern,M15_tri0.3_N4_min1000_inv,0.5xATRD1,1675,49.79,851,46.53
pattern,M15_tri0.3_N4_min200,1xATRD1,438,50.23,225,53.78
pattern,M15_tri0.3_N4_min200_inv,1xATRD1,441,46.26,231,50.22
pattern,M15_tri0.3_N4_min1000,1xATRD1,438,50.23,225,53.78
pattern,M15_tri0.3_N4_min1000_inv,1xATRD1,441,46.26,231,50.22
pattern,M15_tri0.3_N4_min200,2xATRD1,112,49.11,67,58.21
pattern,M15_tri0.3_N4_min200_inv,2xATRD1,105,55.24,66,36.36
pattern,M15_tri0.3_N4_min1000,2xATRD1,112,49.11,67,58.21
pattern,M15_tri0.3_N4_min1000_inv,2xATRD1,105,55.24,66,36.36
pattern,M15_tri0.3_N4_min200,3xATRD1,49,61.22,26,69.23
pattern,M15_tri0.3_N4_min200_inv,3xATRD1,53,47.17,33,30.3
pattern,M15_tri0.3_N4_min1000,3xATRD1,50,58.0,26,69.23
pattern,M15_tri0.3_N4_min1000_inv,3xATRD1,53,43.4,32,37.5
pattern,M15_tri0.3_N4_min200,fix1,160058,35.91,95642,34.84
pattern,M15_tri0.3_N4_min200_inv,fix1,160945,34.94,95690,35.42
pattern,M15_tri0.3_N4_min1000,fix1,160058,35.91,95642,34.84
pattern,M15_tri0.3_N4_min1000_inv,fix1,160945,34.94,95690,35.42
pattern,M15_tri0.3_N4_min200,fix2,47244,43.67,29110,42.61
pattern,M15_tri0.3_N4_min200_inv,fix2,47997,41.53,29094,42.72
pattern,M15_tri0.3_N4_min1000,fix2,47244,43.67,29110,42.61
pattern,M15_tri0.3_N4_min1000_inv,fix2,47997,41.53,29094,42.72
pattern,M15_tri0.3_N4_min200,fix3,22433,45.78,13840,44.67
pattern,M15_tri0.3_N4_min200_inv,fix3,22312,44.48,13750,45.56
pattern,M15_tri0.3_N4_min1000,fix3,22433,45.78,13840,44.67
pattern,M15_tri0.3_N4_min1000_inv,fix3,22312,44.48,13750,45.56
pattern,M15_tri0.3_N4_min200,fix5,8415,48.29,5276,47.27
pattern,M15_tri0.3_N4_min200_inv,fix5,8499,46.12,5250,47.05
pattern,M15_tri0.3_N4_min1000,fix5,8415,48.29,5276,47.27
pattern,M15_tri0.3_N4_min1000_inv,fix5,8499,46.12,5250,47.05
pattern,M15_tri0.3_N4_min200,fix10,2243,50.96,1378,49.42
pattern,M15_tri0.3_N4_min200_inv,fix10,2249,44.6,1349,49.15
pattern,M15_tri0.3_N4_min1000,fix10,2243,50.96,1378,49.42
pattern,M15_tri0.3_N4_min1000_inv,fix10,2249,44.6,1349,49.15
pattern,M15_tri0.3_N5_min200,0.5xATRM15,129599,34.1,68387,32.65
pattern,M15_tri0.3_N5_min200_inv,0.5xATRM15,130247,32.4,68065,33.3
pattern,M15_tri0.3_N5_min1000,0.5xATRM15,129683,33.41,68459,32.39
pattern,M15_tri0.3_N5_min1000_inv,0.5xATRM15,130059,33.12,68270,32.98
pattern,M15_tri0.3_N5_min200,1xATRM15,31508,43.16,16670,41.73
pattern,M15_tri0.3_N5_min200_inv,1xATRM15,31671,40.6,16624,42.35
pattern,M15_tri0.3_N5_min1000,1xATRM15,31424,42.17,16863,41.33
pattern,M15_tri0.3_N5_min1000_inv,1xATRM15,31332,42.04,16763,41.75
pattern,M15_tri0.3_N5_min200,2xATRM15,6711,47.68,3769,47.39
pattern,M15_tri0.3_N5_min200_inv,2xATRM15,6654,44.41,3626,44.73
pattern,M15_tri0.3_N5_min1000,2xATRM15,6691,46.24,3706,44.93
pattern,M15_tri0.3_N5_min1000_inv,2xATRM15,6738,46.78,3638,45.19
pattern,M15_tri0.3_N5_min200,3xATRM15,2702,49.59,1466,47.34
pattern,M15_tri0.3_N5_min200_inv,3xATRM15,2784,46.26,1482,47.64
pattern,M15_tri0.3_N5_min1000,3xATRM15,2705,47.87,1475,46.1
pattern,M15_tri0.3_N5_min1000_inv,3xATRM15,2737,47.68,1516,45.65
pattern,M15_tri0.3_N5_min200,0.5xATRH1,35931,43.74,18844,42.62
pattern,M15_tri0.3_N5_min200_inv,0.5xATRH1,36321,41.27,18847,42.52
pattern,M15_tri0.3_N5_min1000,0.5xATRH1,35998,42.91,18993,41.79
pattern,M15_tri0.3_N5_min1000_inv,0.5xATRH1,36282,42.34,18888,42.15
pattern,M15_tri0.3_N5_min200,1xATRH1,9283,47.76,4875,46.42
pattern,M15_tri0.3_N5_min200_inv,1xATRH1,9267,44.48,4819,45.96
pattern,M15_tri0.3_N5_min1000,1xATRH1,9189,46.27,4902,45.33
pattern,M15_tri0.3_N5_min1000_inv,1xATRH1,9113,45.96,4919,45.5
pattern,M15_tri0.3_N5_min200,2xATRH1,2245,50.38,1187,50.04
pattern,M15_tri0.3_N5_min200_inv,2xATRH1,2194,46.44,1213,48.31
pattern,M15_tri0.3_N5_min1000,2xATRH1,2179,48.37,1245,46.75
pattern,M15_tri0.3_N5_min1000_inv,2xATRH1,2183,46.31,1245,48.03
pattern,M15_tri0.3_N5_min200,3xATRH1,974,50.31,538,47.4
pattern,M15_tri0.3_N5_min200_inv,3xATRH1,972,45.68,515,51.07
pattern,M15_tri0.3_N5_min1000,3xATRH1,987,49.34,537,53.26
pattern,M15_tri0.3_N5_min1000_inv,3xATRH1,985,48.22,562,51.07
pattern,M15_tri0.3_N5_min200,0.5xATRD1,1720,51.16,840,47.5
pattern,M15_tri0.3_N5_min200_inv,0.5xATRD1,1674,45.22,870,49.77
pattern,M15_tri0.3_N5_min1000,0.5xATRD1,1705,48.91,822,46.23
pattern,M15_tri0.3_N5_min1000_inv,0.5xATRD1,1705,47.39,845,47.69
pattern,M15_tri0.3_N5_min200,1xATRD1,438,46.8,228,45.18
pattern,M15_tri0.3_N5_min200_inv,1xATRD1,443,46.95,227,55.07
pattern,M15_tri0.3_N5_min1000,1xATRD1,437,49.43,227,53.74
pattern,M15_tri0.3_N5_min1000_inv,1xATRD1,448,51.79,232,54.31
pattern,M15_tri0.3_N5_min200,2xATRD1,99,51.52,67,53.73
pattern,M15_tri0.3_N5_min200_inv,2xATRD1,109,43.12,69,37.68
pattern,M15_tri0.3_N5_min1000,2xATRD1,101,51.49,61,60.66
pattern,M15_tri0.3_N5_min1000_inv,2xATRD1,101,50.5,65,53.85
pattern,M15_tri0.3_N5_min200,3xATRD1,45,55.56,26,65.38
pattern,M15_tri0.3_N5_min200_inv,3xATRD1,48,39.58,33,21.21
pattern,M15_tri0.3_N5_min1000,3xATRD1,50,54.0,26,69.23
pattern,M15_tri0.3_N5_min1000_inv,3xATRD1,50,56.0,26,73.08
pattern,M15_tri0.3_N5_min200,fix1,160179,36.25,95564,34.81
pattern,M15_tri0.3_N5_min200_inv,fix1,161074,34.64,95676,35.53
pattern,M15_tri0.3_N5_min1000,fix1,160549,35.61,95973,34.76
pattern,M15_tri0.3_N5_min1000_inv,fix1,160708,35.4,95562,35.09
pattern,M15_tri0.3_N5_min200,fix2,47281,43.82,29159,42.44
pattern,M15_tri0.3_N5_min200_inv,fix2,47853,41.56,29189,42.59
pattern,M15_tri0.3_N5_min1000,fix2,47660,42.82,29225,42.17
pattern,M15_tri0.3_N5_min1000_inv,fix2,47738,42.65,29259,42.41
pattern,M15_tri0.3_N5_min200,fix3,22293,46.71,13852,44.85
pattern,M15_tri0.3_N5_min200_inv,fix3,22319,43.28,13760,45.5
pattern,M15_tri0.3_N5_min1000,fix3,22299,45.47,13837,44.04
pattern,M15_tri0.3_N5_min1000_inv,fix3,22338,44.91,13834,44.74
pattern,M15_tri0.3_N5_min200,fix5,8444,48.34,5212,46.62
pattern,M15_tri0.3_N5_min200_inv,fix5,8421,45.6,5338,46.83
pattern,M15_tri0.3_N5_min1000,fix5,8407,47.01,5185,46.29
pattern,M15_tri0.3_N5_min1000_inv,fix5,8377,47.42,5197,46.72
pattern,M15_tri0.3_N5_min200,fix10,2216,52.21,1351,48.41
pattern,M15_tri0.3_N5_min200_inv,fix10,2222,44.42,1366,48.1
pattern,M15_tri0.3_N5_min1000,fix10,2251,49.84,1357,51.14
pattern,M15_tri0.3_N5_min1000_inv,fix10,2258,47.96,1361,48.86
pattern,M15_tri0.3_N6_min200,0.5xATRM15,129108,34.26,68343,32.71
pattern,M15_tri0.3_N6_min200_inv,0.5xATRM15,130492,32.16,68182,33.13
pattern,M15_tri0.3_N6_min1000,0.5xATRM15,130059,33.29,68420,32.53
pattern,M15_tri0.3_N6_min1000_inv,0.5xATRM15,129893,33.35,68388,32.49
pattern,M15_tri0.3_N6_min200,1xATRM15,31566,43.67,16632,41.48
pattern,M15_tri0.3_N6_min200_inv,1xATRM15,31493,40.21,16589,42.65
pattern,M15_tri0.3_N6_min1000,1xATRM15,31254,42.13,16802,41.35
pattern,M15_tri0.3_N6_min1000_inv,1xATRM15,31248,42.12,16839,41.48
pattern,M15_tri0.3_N6_min200,2xATRM15,6732,48.5,3617,46.92
pattern,M15_tri0.3_N6_min200_inv,2xATRM15,6698,43.77,3616,45.24
pattern,M15_tri0.3_N6_min1000,2xATRM15,6723,46.35,3649,44.48
pattern,M15_tri0.3_N6_min1000_inv,2xATRM15,6692,46.52,3669,44.89
pattern,M15_tri0.3_N6_min200,3xATRM15,2692,50.97,1443,46.57
pattern,M15_tri0.3_N6_min200_inv,3xATRM15,2842,44.23,1504,47.21
pattern,M15_tri0.3_N6_min1000,3xATRM15,2719,47.3,1498,44.66
pattern,M15_tri0.3_N6_min1000_inv,3xATRM15,2725,47.38,1497,44.69
pattern,M15_tri0.3_N6_min200,0.5xATRH1,35730,44.2,18850,42.4
pattern,M15_tri0.3_N6_min200_inv,0.5xATRH1,36375,40.85,18919,42.28
pattern,M15_tri0.3_N6_min1000,0.5xATRH1,36117,42.58,19028,41.53
pattern,M15_tri0.3_N6_min1000_inv,0.5xATRH1,36073,42.44,19002,41.41
pattern,M15_tri0.3_N6_min200,1xATRH1,9239,49.29,4916,45.79
pattern,M15_tri0.3_N6_min200_inv,1xATRH1,9284,43.4,4859,45.77
pattern,M15_tri0.3_N6_min1000,1xATRH1,9126,46.15,4871,44.63
pattern,M15_tri0.3_N6_min1000_inv,1xATRH1,9135,46.03,4867,45.22
pattern,M15_tri0.3_N6_min200,2xATRH1,2167,50.35,1190,46.13
pattern,M15_tri0.3_N6_min200_inv,2xATRH1,2187,45.4,1226,48.12
pattern,M15_tri0.3_N6_min1000,2xATRH1,2175,47.91,1231,45.98
pattern,M15_tri0.3_N6_min1000_inv,2xATRH1,2168,47.74,1234,46.11
pattern,M15_tri0.3_N6_min200,3xATRH1,957,52.35,514,51.17
pattern,M15_tri0.3_N6_min200_inv,3xATRH1,951,46.9,538,48.88
pattern,M15_tri0.3_N6_min1000,3xATRH1,985,48.22,552,53.26
pattern,M15_tri0.3_N6_min1000_inv,3xATRH1,980,48.37,550,52.73
pattern,M15_tri0.3_N6_min200,0.5xATRD1,1682,51.25,846,46.22
pattern,M15_tri0.3_N6_min200_inv,0.5xATRD1,1722,44.43,843,51.01
pattern,M15_tri0.3_N6_min1000,0.5xATRD1,1704,48.53,842,45.61
pattern,M15_tri0.3_N6_min1000_inv,0.5xATRD1,1710,47.78,846,46.69
pattern,M15_tri0.3_N6_min200,1xATRD1,435,52.64,224,55.36
pattern,M15_tri0.3_N6_min200_inv,1xATRD1,448,46.65,221,54.3
pattern,M15_tri0.3_N6_min1000,1xATRD1,445,50.34,226,55.31
pattern,M15_tri0.3_N6_min1000_inv,1xATRD1,451,50.55,228,53.95
pattern,M15_tri0.3_N6_min200,2xATRD1,97,53.61,63,58.73
pattern,M15_tri0.3_N6_min200_inv,2xATRD1,101,51.49,63,63.49
pattern,M15_tri0.3_N6_min1000,2xATRD1,101,51.49,61,60.66
pattern,M15_tri0.3_N6_min1000_inv,2xATRD1,101,51.49,61,60.66
pattern,M15_tri0.3_N6_min200,3xATRD1,50,54.0,26,69.23
pattern,M15_tri0.3_N6_min200_inv,3xATRD1,51,47.06,27,62.96
pattern,M15_tri0.3_N6_min1000,3xATRD1,50,54.0,26,69.23
pattern,M15_tri0.3_N6_min1000_inv,3xATRD1,50,54.0,26,69.23
pattern,M15_tri0.3_N6_min200,fix1,159778,36.37,95832,34.97
pattern,M15_tri0.3_N6_min200_inv,fix1,161302,34.62,95569,35.17
pattern,M15_tri0.3_N6_min1000,fix1,160632,35.52,95876,34.7
pattern,M15_tri0.3_N6_min1000_inv,fix1,160571,35.52,95816,34.76
pattern,M15_tri0.3_N6_min200,fix2,47340,44.21,29156,42.25
pattern,M15_tri0.3_N6_min200_inv,fix2,47876,41.14,29183,42.37
pattern,M15_tri0.3_N6_min1000,fix2,47753,42.7,29305,41.93
pattern,M15_tri0.3_N6_min1000_inv,fix2,47698,42.57,29272,42.01
pattern,M15_tri0.3_N6_min200,fix3,22253,47.23,13795,44.9
pattern,M15_tri0.3_N6_min200_inv,fix3,22370,43.06,13771,45.52
pattern,M15_tri0.3_N6_min1000,fix3,22339,45.21,13853,44.17
pattern,M15_tri0.3_N6_min1000_inv,fix3,22289,45.02,13846,44.11
pattern,M15_tri0.3_N6_min200,fix5,8439,49.34,5217,47.5
pattern,M15_tri0.3_N6_min200_inv,fix5,8438,44.31,5278,46.32
pattern,M15_tri0.3_N6_min1000,fix5,8388,47.03,5162,45.82
pattern,M15_tri0.3_N6_min1000_inv,fix5,8378,46.92,5182,45.72
pattern,M15_tri0.3_N6_min200,fix10,2229,51.82,1361,49.6
pattern,M15_tri0.3_N6_min200_inv,fix10,2247,46.11,1350,51.04
pattern,M15_tri0.3_N6_min1000,fix10,2236,48.61,1377,49.96
pattern,M15_tri0.3_N6_min1000_inv,fix10,2245,48.95,1369,50.47
pattern,H1_sign_N1_min200,0.5xATRM15,129964,33.29,68399,32.51
pattern,H1_sign_N1_min200_inv,0.5xATRM15,129810,33.14,68030,33.48
pattern,H1_sign_N1_min1000,0.5xATRM15,129964,33.29,68399,32.51
pattern,H1_sign_N1_min1000_inv,0.5xATRM15,129810,33.14,68030,33.48
pattern,H1_sign_N1_min200,1xATRM15,31181,42.1,16790,41.38
pattern,H1_sign_N1_min200_inv,1xATRM15,31418,42.23,16438,43.42
pattern,H1_sign_N1_min1000,1xATRM15,31181,42.1,16790,41.38
pattern,H1_sign_N1_min1000_inv,1xATRM15,31418,42.23,16438,43.42
pattern,H1_sign_N1_min200,2xATRM15,6717,46.49,3671,44.48
pattern,H1_sign_N1_min200_inv,2xATRM15,6754,46.71,3557,48.21
pattern,H1_sign_N1_min1000,2xATRM15,6717,46.49,3671,44.48
pattern,H1_sign_N1_min1000_inv,2xATRM15,6754,46.71,3557,48.21
pattern,H1_sign_N1_min200,3xATRM15,2685,48.79,1470,50.07
pattern,H1_sign_N1_min200_inv,3xATRM15,2761,46.69,1487,47.55
pattern,H1_sign_N1_min1000,3xATRM15,2685,48.79,1470,50.07
pattern,H1_sign_N1_min1000_inv,3xATRM15,2761,46.69,1487,47.55
pattern,H1_sign_N1_min200,0.5xATRH1,36116,42.51,19043,41.47
pattern,H1_sign_N1_min200_inv,0.5xATRH1,35991,42.46,18841,43.56
pattern,H1_sign_N1_min1000,0.5xATRH1,36116,42.51,19043,41.47
pattern,H1_sign_N1_min1000_inv,0.5xATRH1,35991,42.46,18841,43.56
pattern,H1_sign_N1_min200,1xATRH1,9126,46.15,4869,44.69
pattern,H1_sign_N1_min200_inv,1xATRH1,9243,46.31,4826,48.05
pattern,H1_sign_N1_min1000,1xATRH1,9126,46.15,4869,44.69
pattern,H1_sign_N1_min1000_inv,1xATRH1,9243,46.31,4826,48.05
pattern,H1_sign_N1_min200,2xATRH1,2168,47.92,1236,45.47
pattern,H1_sign_N1_min200_inv,2xATRH1,2278,48.16,1212,50.99
pattern,H1_sign_N1_min1000,2xATRH1,2168,47.92,1236,45.47
pattern,H1_sign_N1_min1000_inv,2xATRH1,2278,48.16,1212,50.99
pattern,H1_sign_N1_min200,3xATRH1,984,48.58,552,53.26
pattern,H1_sign_N1_min200_inv,3xATRH1,936,48.93,544,44.67
pattern,H1_sign_N1_min1000,3xATRH1,984,48.58,552,53.26
pattern,H1_sign_N1_min1000_inv,3xATRH1,936,48.93,544,44.67
pattern,H1_sign_N1_min200,0.5xATRD1,1704,48.36,844,45.62
pattern,H1_sign_N1_min200_inv,0.5xATRD1,1703,48.85,860,51.63
pattern,H1_sign_N1_min1000,0.5xATRD1,1704,48.36,844,45.62
pattern,H1_sign_N1_min1000_inv,0.5xATRD1,1703,48.85,860,51.63
pattern,H1_sign_N1_min200,1xATRD1,445,50.79,227,55.51
pattern,H1_sign_N1_min200_inv,1xATRD1,427,48.01,225,42.67
pattern,H1_sign_N1_min1000,1xATRD1,445,50.79,227,55.51
pattern,H1_sign_N1_min1000_inv,1xATRD1,427,48.01,225,42.67
pattern,H1_sign_N1_min200,2xATRD1,101,51.49,61,60.66
pattern,H1_sign_N1_min200_inv,2xATRD1,103,46.6,53,37.74
pattern,H1_sign_N1_min1000,2xATRD1,101,51.49,61,60.66
pattern,H1_sign_N1_min1000_inv,2xATRD1,103,46.6,53,37.74
pattern,H1_sign_N1_min200,3xATRD1,50,54.0,26,69.23
pattern,H1_sign_N1_min200_inv,3xATRD1,53,45.28,33,33.33
pattern,H1_sign_N1_min1000,3xATRD1,50,54.0,26,69.23
pattern,H1_sign_N1_min1000_inv,3xATRD1,53,45.28,33,33.33
pattern,H1_sign_N1_min200,fix1,160581,35.5,95864,34.7
pattern,H1_sign_N1_min200_inv,fix1,160307,35.36,95301,35.69
pattern,H1_sign_N1_min1000,fix1,160581,35.5,95864,34.7
pattern,H1_sign_N1_min1000_inv,fix1,160307,35.36,95301,35.69
pattern,H1_sign_N1_min200,fix2,47749,42.6,29310,41.95
pattern,H1_sign_N1_min200_inv,fix2,47581,42.74,28994,43.16
pattern,H1_sign_N1_min1000,fix2,47749,42.6,29310,41.95
pattern,H1_sign_N1_min1000_inv,fix2,47581,42.74,28994,43.16
pattern,H1_sign_N1_min200,fix3,22329,45.07,13862,44.08
pattern,H1_sign_N1_min200_inv,fix3,22283,45.25,13817,45.94
pattern,H1_sign_N1_min1000,fix3,22329,45.07,13862,44.08
pattern,H1_sign_N1_min1000_inv,fix3,22283,45.25,13817,45.94
pattern,H1_sign_N1_min200,fix5,8372,46.99,5167,45.54
pattern,H1_sign_N1_min200_inv,fix5,8467,47.19,5202,48.44
pattern,H1_sign_N1_min1000,fix5,8372,46.99,5167,45.54
pattern,H1_sign_N1_min1000_inv,fix5,8467,47.19,5202,48.44
pattern,H1_sign_N1_min200,fix10,2244,48.62,1365,50.99
pattern,H1_sign_N1_min200_inv,fix10,2214,48.19,1373,46.1
pattern,H1_sign_N1_min1000,fix10,2244,48.62,1365,50.99
pattern,H1_sign_N1_min1000_inv,fix10,2214,48.19,1373,46.1
pattern,H1_sign_N2_min200,0.5xATRM15,129805,33.41,68707,32.66
pattern,H1_sign_N2_min200_inv,0.5xATRM15,129708,33.13,67870,33.19
pattern,H1_sign_N2_min1000,0.5xATRM15,129805,33.41,68707,32.66
pattern,H1_sign_N2_min1000_inv,0.5xATRM15,129708,33.13,67870,33.19
pattern,H1_sign_N2_min200,1xATRM15,31181,42.1,16790,41.38
pattern,H1_sign_N2_min200_inv,1xATRM15,31418,42.23,16438,43.42
pattern,H1_sign_N2_min1000,1xATRM15,31181,42.1,16790,41.38
pattern,H1_sign_N2_min1000_inv,1xATRM15,31418,42.23,16438,43.42
pattern,H1_sign_N2_min200,2xATRM15,6717,46.49,3671,44.48
pattern,H1_sign_N2_min200_inv,2xATRM15,6754,46.71,3557,48.21
pattern,H1_sign_N2_min1000,2xATRM15,6717,46.49,3671,44.48
pattern,H1_sign_N2_min1000_inv,2xATRM15,6754,46.71,3557,48.21
pattern,H1_sign_N2_min200,3xATRM15,2722,47.5,1453,48.18
pattern,H1_sign_N2_min200_inv,3xATRM15,2734,48.5,1497,47.49
pattern,H1_sign_N2_min1000,3xATRM15,2722,47.5,1453,48.18
pattern,H1_sign_N2_min1000_inv,3xATRM15,2734,48.5,1497,47.49
pattern,H1_sign_N2_min200,0.5xATRH1,36116,42.51,19043,41.47
pattern,H1_sign_N2_min200_inv,0.5xATRH1,35991,42.46,18841,43.56
pattern,H1_sign_N2_min1000,0.5xATRH1,36116,42.51,19043,41.47
pattern,H1_sign_N2_min1000_inv,0.5xATRH1,35991,42.46,18841,43.56
pattern,H1_sign_N2_min200,1xATRH1,9240,46.35,4816,46.01
pattern,H1_sign_N2_min200_inv,1xATRH1,9119,46.21,4921,46.01
pattern,H1_sign_N2_min1000,1xATRH1,9240,46.35,4816,46.01
pattern,H1_sign_N2_min1000_inv,1xATRH1,9119,46.21,4921,46.01
pattern,H1_sign_N2_min200,2xATRH1,2199,47.98,1222,45.09
pattern,H1_sign_N2_min200_inv,2xATRH1,2227,47.91,1199,50.88
pattern,H1_sign_N2_min1000,2xATRH1,2199,47.98,1222,45.09
pattern,H1_sign_N2_min1000_inv,2xATRH1,2227,47.91,1199,50.88
pattern,H1_sign_N2_min200,3xATRH1,976,46.62,569,51.32
pattern,H1_sign_N2_min200_inv,3xATRH1,941,50.8,548,43.07
pattern,H1_sign_N2_min1000,3xATRH1,976,46.62,569,51.32
pattern,H1_sign_N2_min1000_inv,3xATRH1,941,50.8,548,43.07
pattern,H1_sign_N2_min200,0.5xATRD1,1721,48.34,852,47.54
pattern,H1_sign_N2_min200_inv,0.5xATRD1,1708,47.95,864,48.84
pattern,H1_sign_N2_min1000,0.5xATRD1,1721,48.34,852,47.54
pattern,H1_sign_N2_min1000_inv,0.5xATRD1,1708,47.95,864,48.84
pattern,H1_sign_N2_min200,1xATRD1,445,50.79,227,55.51
pattern,H1_sign_N2_min200_inv,1xATRD1,427,48.01,225,42.67
pattern,H1_sign_N2_min1000,1xATRD1,445,50.79,227,55.51
pattern,H1_sign_N2_min1000_inv,1xATRD1,427,48.01,225,42.67
pattern,H1_sign_N2_min200,2xATRD1,101,51.49,61,60.66
pattern,H1_sign_N2_min200_inv,2xATRD1,103,46.6,53,37.74
pattern,H1_sign_N2_min1000,2xATRD1,101,51.49,61,60.66
pattern,H1_sign_N2_min1000_inv,2xATRD1,103,46.6,53,37.74
pattern,H1_sign_N2_min200,3xATRD1,50,54.0,26,69.23
pattern,H1_sign_N2_min200_inv,3xATRD1,53,45.28,33,33.33
pattern,H1_sign_N2_min1000,3xATRD1,50,54.0,26,69.23
pattern,H1_sign_N2_min1000_inv,3xATRD1,53,45.28,33,33.33
pattern,H1_sign_N2_min200,fix1,160581,35.5,95864,34.7
pattern,H1_sign_N2_min200_inv,fix1,160307,35.36,95301,35.69
pattern,H1_sign_N2_min1000,fix1,160581,35.5,95864,34.7
pattern,H1_sign_N2_min1000_inv,fix1,160307,35.36,95301,35.69
pattern,H1_sign_N2_min200,fix2,47749,42.6,29310,41.95
pattern,H1_sign_N2_min200_inv,fix2,47581,42.74,28994,43.16
pattern,H1_sign_N2_min1000,fix2,47749,42.6,29310,41.95
pattern,H1_sign_N2_min1000_inv,fix2,47581,42.74,28994,43.16
pattern,H1_sign_N2_min200,fix3,22329,45.07,13862,44.08
pattern,H1_sign_N2_min200_inv,fix3,22283,45.25,13817,45.94
pattern,H1_sign_N2_min1000,fix3,22329,45.07,13862,44.08
pattern,H1_sign_N2_min1000_inv,fix3,22283,45.25,13817,45.94
pattern,H1_sign_N2_min200,fix5,8449,47.33,5239,47.22
pattern,H1_sign_N2_min200_inv,fix5,8501,46.87,5228,47.26
pattern,H1_sign_N2_min1000,fix5,8449,47.33,5239,47.22
pattern,H1_sign_N2_min1000_inv,fix5,8501,46.87,5228,47.26
pattern,H1_sign_N2_min200,fix10,2214,47.79,1352,49.56
pattern,H1_sign_N2_min200_inv,fix10,2218,49.5,1368,48.25
pattern,H1_sign_N2_min1000,fix10,2214,47.79,1352,49.56
pattern,H1_sign_N2_min1000_inv,fix10,2218,49.5,1368,48.25
pattern,H1_sign_N3_min200,0.5xATRM15,129700,33.2,68627,32.71
pattern,H1_sign_N3_min200_inv,0.5xATRM15,130042,33.22,68016,33.17
pattern,H1_sign_N3_min1000,0.5xATRM15,129700,33.2,68627,32.71
pattern,H1_sign_N3_min1000_inv,0.5xATRM15,130042,33.22,68016,33.17
pattern,H1_sign_N3_min200,1xATRM15,31181,42.1,16790,41.38
pattern,H1_sign_N3_min200_inv,1xATRM15,31418,42.23,16438,43.42
pattern,H1_sign_N3_min1000,1xATRM15,31181,42.1,16790,41.38
pattern,H1_sign_N3_min1000_inv,1xATRM15,31418,42.23,16438,43.42
pattern,H1_sign_N3_min200,2xATRM15,6642,47.47,3573,46.54
pattern,H1_sign_N3_min200_inv,2xATRM15,6774,45.91,3629,46.21
pattern,H1_sign_N3_min1000,2xATRM15,6642,47.47,3573,46.54
pattern,H1_sign_N3_min1000_inv,2xATRM15,6774,45.91,3629,46.21
pattern,H1_sign_N3_min200,3xATRM15,2720,50.33,1433,48.57
pattern,H1_sign_N3_min200_inv,3xATRM15,2709,47.29,1503,46.51
pattern,H1_sign_N3_min1000,3xATRM15,2720,50.33,1433,48.57
pattern,H1_sign_N3_min1000_inv,3xATRM15,2709,47.29,1503,46.51
pattern,H1_sign_N3_min200,0.5xATRH1,36025,42.59,18888,41.79
pattern,H1_sign_N3_min200_inv,0.5xATRH1,36007,42.21,18830,43.38
pattern,H1_sign_N3_min1000,0.5xATRH1,36025,42.59,18888,41.79
pattern,H1_sign_N3_min1000_inv,0.5xATRH1,36007,42.21,18830,43.38
pattern,H1_sign_N3_min200,1xATRH1,9299,46.16,4892,47.42
pattern,H1_sign_N3_min200_inv,1xATRH1,9156,45.93,4903,45.03
pattern,H1_sign_N3_min1000,1xATRH1,9299,46.16,4892,47.42
pattern,H1_sign_N3_min1000_inv,1xATRH1,9156,45.93,4903,45.03
pattern,H1_sign_N3_min200,2xATRH1,2206,48.01,1229,44.59
pattern,H1_sign_N3_min200_inv,2xATRH1,2229,47.51,1204,52.08
pattern,H1_sign_N3_min1000,2xATRH1,2206,48.01,1229,44.59
pattern,H1_sign_N3_min1000_inv,2xATRH1,2229,47.51,1204,52.08
pattern,H1_sign_N3_min200,3xATRH1,945,48.25,548,46.17
pattern,H1_sign_N3_min200_inv,3xATRH1,951,48.48,548,50.18
pattern,H1_sign_N3_min1000,3xATRH1,945,48.25,548,46.17
pattern,H1_sign_N3_min1000_inv,3xATRH1,951,48.48,548,50.18
pattern,H1_sign_N3_min200,0.5xATRD1,1703,48.68,831,46.81
pattern,H1_sign_N3_min200_inv,0.5xATRD1,1713,48.04,862,51.74
pattern,H1_sign_N3_min1000,0.5xATRD1,1703,48.68,831,46.81
pattern,H1_sign_N3_min1000_inv,0.5xATRD1,1713,48.04,862,51.74
pattern,H1_sign_N3_min200,1xATRD1,444,48.87,224,52.23
pattern,H1_sign_N3_min200_inv,1xATRD1,458,46.94,215,45.12
pattern,H1_sign_N3_min1000,1xATRD1,444,48.87,224,52.23
pattern,H1_sign_N3_min1000_inv,1xATRD1,458,46.94,215,45.12
pattern,H1_sign_N3_min200,2xATRD1,101,51.49,61,60.66
pattern,H1_sign_N3_min200_inv,2xATRD1,103,46.6,53,37.74
pattern,H1_sign_N3_min1000,2xATRD1,101,51.49,61,60.66
pattern,H1_sign_N3_min1000_inv,2xATRD1,103,46.6,53,37.74
pattern,H1_sign_N3_min200,3xATRD1,50,54.0,26,69.23
pattern,H1_sign_N3_min200_inv,3xATRD1,53,45.28,33,33.33
pattern,H1_sign_N3_min1000,3xATRD1,50,54.0,26,69.23
pattern,H1_sign_N3_min1000_inv,3xATRD1,53,45.28,33,33.33
pattern,H1_sign_N3_min200,fix1,160455,35.48,95754,34.97
pattern,H1_sign_N3_min200_inv,fix1,160399,35.37,95457,35.37
pattern,H1_sign_N3_min1000,fix1,160455,35.48,95754,34.97
pattern,H1_sign_N3_min1000_inv,fix1,160399,35.37,95457,35.37
pattern,H1_sign_N3_min200,fix2,47761,42.57,29192,41.93
pattern,H1_sign_N3_min200_inv,fix2,47456,42.66,29065,43.06
pattern,H1_sign_N3_min1000,fix2,47761,42.57,29192,41.93
pattern,H1_sign_N3_min1000_inv,fix2,47456,42.66,29065,43.06
pattern,H1_sign_N3_min200,fix3,22340,45.48,13858,44.06
pattern,H1_sign_N3_min200_inv,fix3,22307,44.87,13798,45.8
pattern,H1_sign_N3_min1000,fix3,22340,45.48,13858,44.06
pattern,H1_sign_N3_min1000_inv,fix3,22307,44.87,13798,45.8
pattern,H1_sign_N3_min200,fix5,8458,47.19,5195,47.56
pattern,H1_sign_N3_min200_inv,fix5,8437,47.05,5248,46.97
pattern,H1_sign_N3_min1000,fix5,8458,47.19,5195,47.56
pattern,H1_sign_N3_min1000_inv,fix5,8437,47.05,5248,46.97
pattern,H1_sign_N3_min200,fix10,2221,49.03,1331,50.49
pattern,H1_sign_N3_min200_inv,fix10,2232,49.24,1385,47.36
pattern,H1_sign_N3_min1000,fix10,2221,49.03,1331,50.49
pattern,H1_sign_N3_min1000_inv,fix10,2232,49.24,1385,47.36
pattern,H1_sign_N4_min200,0.5xATRM15,129744,33.51,68381,32.88
pattern,H1_sign_N4_min200_inv,0.5xATRM15,129984,32.93,68214,33.05
pattern,H1_sign_N4_min1000,0.5xATRM15,129744,33.51,68381,32.88
pattern,H1_sign_N4_min1000_inv,0.5xATRM15,129984,32.93,68214,33.05
pattern,H1_sign_N4_min200,1xATRM15,31469,42.38,16698,41.76
pattern,H1_sign_N4_min200_inv,1xATRM15,31578,41.56,16572,42.53
pattern,H1_sign_N4_min1000,1xATRM15,31469,42.38,16698,41.76
pattern,H1_sign_N4_min1000_inv,1xATRM15,31578,41.56,16572,42.53
pattern,H1_sign_N4_min200,2xATRM15,6659,47.09,3619,46.42
pattern,H1_sign_N4_min200_inv,2xATRM15,6771,45.68,3600,46.39
pattern,H1_sign_N4_min1000,2xATRM15,6659,47.09,3619,46.42
pattern,H1_sign_N4_min1000_inv,2xATRM15,6771,45.68,3600,46.39
pattern,H1_sign_N4_min200,3xATRM15,2697,48.35,1484,46.56
pattern,H1_sign_N4_min200_inv,3xATRM15,2764,47.11,1450,47.52
pattern,H1_sign_N4_min1000,3xATRM15,2697,48.35,1484,46.56
pattern,H1_sign_N4_min1000_inv,3xATRM15,2764,47.11,1450,47.52
pattern,H1_sign_N4_min200,0.5xATRH1,36089,42.63,18928,41.89
pattern,H1_sign_N4_min200_inv,0.5xATRH1,36140,42.06,18848,43.1
pattern,H1_sign_N4_min1000,0.5xATRH1,36089,42.63,18928,41.89
pattern,H1_sign_N4_min1000_inv,0.5xATRH1,36140,42.06,18848,43.1
pattern,H1_sign_N4_min200,1xATRH1,9324,47.22,4886,46.73
pattern,H1_sign_N4_min200_inv,1xATRH1,9166,44.67,4882,46.19
pattern,H1_sign_N4_min1000,1xATRH1,9324,47.22,4886,46.73
pattern,H1_sign_N4_min1000_inv,1xATRH1,9166,44.67,4882,46.19
pattern,H1_sign_N4_min200,2xATRH1,2226,48.56,1229,46.54
pattern,H1_sign_N4_min200_inv,2xATRH1,2222,47.66,1236,48.87
pattern,H1_sign_N4_min1000,2xATRH1,2226,48.56,1229,46.54
pattern,H1_sign_N4_min1000_inv,2xATRH1,2222,47.66,1236,48.87
pattern,H1_sign_N4_min200,3xATRH1,973,48.82,536,49.07
pattern,H1_sign_N4_min200_inv,3xATRH1,976,46.62,552,47.64
pattern,H1_sign_N4_min1000,3xATRH1,973,48.82,536,49.07
pattern,H1_sign_N4_min1000_inv,3xATRH1,976,46.62,552,47.64
pattern,H1_sign_N4_min200,0.5xATRD1,1681,50.33,852,49.3
pattern,H1_sign_N4_min200_inv,0.5xATRD1,1687,46.65,838,47.49
pattern,H1_sign_N4_min1000,0.5xATRD1,1681,50.33,852,49.3
pattern,H1_sign_N4_min1000_inv,0.5xATRD1,1687,46.65,838,47.49
pattern,H1_sign_N4_min200,1xATRD1,448,51.34,223,49.33
pattern,H1_sign_N4_min200_inv,1xATRD1,445,45.62,232,45.26
pattern,H1_sign_N4_min1000,1xATRD1,448,51.34,223,49.33
pattern,H1_sign_N4_min1000_inv,1xATRD1,445,45.62,232,45.26
pattern,H1_sign_N4_min200,2xATRD1,102,52.94,57,59.65
pattern,H1_sign_N4_min200_inv,2xATRD1,103,44.66,59,44.07
pattern,H1_sign_N4_min1000,2xATRD1,102,52.94,57,59.65
pattern,H1_sign_N4_min1000_inv,2xATRD1,103,44.66,59,44.07
pattern,H1_sign_N4_min200,3xATRD1,50,52.0,26,61.54
pattern,H1_sign_N4_min200_inv,3xATRD1,53,49.06,33,30.3
pattern,H1_sign_N4_min1000,3xATRD1,50,52.0,26,61.54
pattern,H1_sign_N4_min1000_inv,3xATRD1,53,49.06,33,30.3
pattern,H1_sign_N4_min200,fix1,160428,35.65,95736,34.9
pattern,H1_sign_N4_min200_inv,fix1,160467,35.21,95363,35.52
pattern,H1_sign_N4_min1000,fix1,160428,35.65,95736,34.9
pattern,H1_sign_N4_min1000_inv,fix1,160467,35.21,95363,35.52
pattern,H1_sign_N4_min200,fix2,47825,42.82,29149,41.98
pattern,H1_sign_N4_min200_inv,fix2,47556,42.47,29123,43.07
pattern,H1_sign_N4_min1000,fix2,47825,42.82,29149,41.98
pattern,H1_sign_N4_min1000_inv,fix2,47556,42.47,29123,43.07
pattern,H1_sign_N4_min200,fix3,22361,45.45,13817,44.76
pattern,H1_sign_N4_min200_inv,fix3,22311,44.67,13776,45.05
pattern,H1_sign_N4_min1000,fix3,22361,45.45,13817,44.76
pattern,H1_sign_N4_min1000_inv,fix3,22311,44.67,13776,45.05
pattern,H1_sign_N4_min200,fix5,8461,47.36,5203,47.26
pattern,H1_sign_N4_min200_inv,fix5,8429,46.52,5290,47.67
pattern,H1_sign_N4_min1000,fix5,8461,47.36,5203,47.26
pattern,H1_sign_N4_min1000_inv,fix5,8429,46.52,5290,47.67
pattern,H1_sign_N4_min200,fix10,2200,48.91,1345,49.29
pattern,H1_sign_N4_min200_inv,fix10,2268,48.32,1364,48.02
pattern,H1_sign_N4_min1000,fix10,2200,48.91,1345,49.29
pattern,H1_sign_N4_min1000_inv,fix10,2268,48.32,1364,48.02
pattern,H1_sign_N5_min200,0.5xATRM15,129578,33.59,68092,33.23
pattern,H1_sign_N5_min200_inv,0.5xATRM15,130145,32.8,68523,32.61
pattern,H1_sign_N5_min1000,0.5xATRM15,129578,33.59,68092,33.23
pattern,H1_sign_N5_min1000_inv,0.5xATRM15,130145,32.8,68523,32.61
pattern,H1_sign_N5_min200,1xATRM15,31492,43.04,16498,41.68
pattern,H1_sign_N5_min200_inv,1xATRM15,31553,41.29,16374,42.93
pattern,H1_sign_N5_min1000,1xATRM15,31492,43.04,16498,41.68
pattern,H1_sign_N5_min1000_inv,1xATRM15,31553,41.29,16374,42.93
pattern,H1_sign_N5_min200,2xATRM15,6528,47.26,3685,46.05
pattern,H1_sign_N5_min200_inv,2xATRM15,6909,45.93,3666,47.08
pattern,H1_sign_N5_min1000,2xATRM15,6528,47.26,3685,46.05
pattern,H1_sign_N5_min1000_inv,2xATRM15,6909,45.93,3666,47.08
pattern,H1_sign_N5_min200,3xATRM15,2753,50.02,1482,46.63
pattern,H1_sign_N5_min200_inv,3xATRM15,2769,45.94,1515,46.86
pattern,H1_sign_N5_min1000,3xATRM15,2753,50.02,1482,46.63
pattern,H1_sign_N5_min1000_inv,3xATRM15,2769,45.94,1515,46.86
pattern,H1_sign_N5_min200,0.5xATRH1,36160,42.98,18964,41.74
pattern,H1_sign_N5_min200_inv,0.5xATRH1,35975,41.88,18878,43.15
pattern,H1_sign_N5_min1000,0.5xATRH1,36160,42.98,18964,41.74
pattern,H1_sign_N5_min1000_inv,0.5xATRH1,35975,41.88,18878,43.15
pattern,H1_sign_N5_min200,1xATRH1,9303,46.95,4869,47.69
pattern,H1_sign_N5_min200_inv,1xATRH1,9183,45.45,4920,45.33
pattern,H1_sign_N5_min1000,1xATRH1,9303,46.95,4869,47.69
pattern,H1_sign_N5_min1000_inv,1xATRH1,9183,45.45,4920,45.33
pattern,H1_sign_N5_min200,2xATRH1,2226,49.01,1201,46.46
pattern,H1_sign_N5_min200_inv,2xATRH1,2170,46.73,1220,48.93
pattern,H1_sign_N5_min1000,2xATRH1,2226,49.01,1201,46.46
pattern,H1_sign_N5_min1000_inv,2xATRH1,2170,46.73,1220,48.93
pattern,H1_sign_N5_min200,3xATRH1,977,48.31,526,49.05
pattern,H1_sign_N5_min200_inv,3xATRH1,928,48.38,533,48.78
pattern,H1_sign_N5_min1000,3xATRH1,977,48.31,526,49.05
pattern,H1_sign_N5_min1000_inv,3xATRH1,928,48.38,533,48.78
pattern,H1_sign_N5_min200,0.5xATRD1,1685,48.9,846,49.17
pattern,H1_sign_N5_min200_inv,0.5xATRD1,1686,46.14,833,47.78
pattern,H1_sign_N5_min1000,0.5xATRD1,1685,48.9,846,49.17
pattern,H1_sign_N5_min1000_inv,0.5xATRD1,1686,46.14,833,47.78
pattern,H1_sign_N5_min200,1xATRD1,432,51.16,225,49.33
pattern,H1_sign_N5_min200_inv,1xATRD1,450,49.11,231,52.81
pattern,H1_sign_N5_min1000,1xATRD1,432,51.16,225,49.33
pattern,H1_sign_N5_min1000_inv,1xATRD1,450,49.11,231,52.81
pattern,H1_sign_N5_min200,2xATRD1,102,50.0,54,57.41
pattern,H1_sign_N5_min200_inv,2xATRD1,104,47.12,67,37.31
pattern,H1_sign_N5_min1000,2xATRD1,102,50.0,54,57.41
pattern,H1_sign_N5_min1000_inv,2xATRD1,104,47.12,67,37.31
pattern,H1_sign_N5_min200,3xATRD1,47,57.45,33,63.64
pattern,H1_sign_N5_min200_inv,3xATRD1,53,41.51,33,30.3
pattern,H1_sign_N5_min1000,3xATRD1,47,57.45,33,63.64
pattern,H1_sign_N5_min1000_inv,3xATRD1,53,41.51,33,30.3
pattern,H1_sign_N5_min200,fix1,160377,35.78,95740,35.11
pattern,H1_sign_N5_min200_inv,fix1,160475,35.12,95368,35.26
pattern,H1_sign_N5_min1000,fix1,160377,35.78,95740,35.11
pattern,H1_sign_N5_min1000_inv,fix1,160475,35.12,95368,35.26
pattern,H1_sign_N5_min200,fix2,47698,43.1,29213,41.9
pattern,H1_sign_N5_min200_inv,fix2,47628,42.08,29095,43.22
pattern,H1_sign_N5_min1000,fix2,47698,43.1,29213,41.9
pattern,H1_sign_N5_min1000_inv,fix2,47628,42.08,29095,43.22
pattern,H1_sign_N5_min200,fix3,22237,46.01,13804,43.89
pattern,H1_sign_N5_min200_inv,fix3,22488,44.34,13794,45.72
pattern,H1_sign_N5_min1000,fix3,22237,46.01,13804,43.89
pattern,H1_sign_N5_min1000_inv,fix3,22488,44.34,13794,45.72
pattern,H1_sign_N5_min200,fix5,8455,47.24,5169,47.05
pattern,H1_sign_N5_min200_inv,fix5,8418,47.16,5302,47.11
pattern,H1_sign_N5_min1000,fix5,8455,47.24,5169,47.05
pattern,H1_sign_N5_min1000_inv,fix5,8418,47.16,5302,47.11
pattern,H1_sign_N5_min200,fix10,2243,48.91,1355,48.34
pattern,H1_sign_N5_min200_inv,fix10,2284,48.07,1349,47.15
pattern,H1_sign_N5_min1000,fix10,2243,48.91,1355,48.34
pattern,H1_sign_N5_min1000_inv,fix10,2284,48.07,1349,47.15
pattern,H1_sign_N6_min200,0.5xATRM15,129393,33.84,68435,32.85
pattern,H1_sign_N6_min200_inv,0.5xATRM15,130314,32.58,68055,33.12
pattern,H1_sign_N6_min1000,0.5xATRM15,129393,33.84,68435,32.85
pattern,H1_sign_N6_min1000_inv,0.5xATRM15,130314,32.58,68055,33.12
pattern,H1_sign_N6_min200,1xATRM15,31569,43.39,16684,41.83
pattern,H1_sign_N6_min200_inv,1xATRM15,31610,40.89,16396,42.46
pattern,H1_sign_N6_min1000,1xATRM15,31569,43.39,16684,41.83
pattern,H1_sign_N6_min1000_inv,1xATRM15,31610,40.89,16396,42.46
pattern,H1_sign_N6_min200,2xATRM15,6643,48.74,3626,45.92
pattern,H1_sign_N6_min200_inv,2xATRM15,6809,44.4,3739,46.91
pattern,H1_sign_N6_min1000,2xATRM15,6643,48.74,3626,45.92
pattern,H1_sign_N6_min1000_inv,2xATRM15,6809,44.4,3739,46.91
pattern,H1_sign_N6_min200,3xATRM15,2722,51.21,1419,49.61
pattern,H1_sign_N6_min200_inv,3xATRM15,2729,44.81,1507,46.65
pattern,H1_sign_N6_min1000,3xATRM15,2722,51.21,1419,49.61
pattern,H1_sign_N6_min1000_inv,3xATRM15,2729,44.81,1507,46.65
pattern,H1_sign_N6_min200,0.5xATRH1,36101,43.5,18924,42.33
pattern,H1_sign_N6_min200_inv,0.5xATRH1,36129,41.3,18833,42.64
pattern,H1_sign_N6_min1000,0.5xATRH1,36101,43.5,18924,42.33
pattern,H1_sign_N6_min1000_inv,0.5xATRH1,36129,41.3,18833,42.64
pattern,H1_sign_N6_min200,1xATRH1,9242,47.81,4927,46.76
pattern,H1_sign_N6_min200_inv,1xATRH1,9200,45.01,4803,45.53
pattern,H1_sign_N6_min1000,1xATRH1,9242,47.81,4927,46.76
pattern,H1_sign_N6_min1000_inv,1xATRH1,9200,45.01,4803,45.53
pattern,H1_sign_N6_min200,2xATRH1,2290,49.52,1218,47.54
pattern,H1_sign_N6_min200_inv,2xATRH1,2150,46.47,1213,49.63
pattern,H1_sign_N6_min1000,2xATRH1,2290,49.52,1218,47.54
pattern,H1_sign_N6_min1000_inv,2xATRH1,2150,46.47,1213,49.63
pattern,H1_sign_N6_min200,3xATRH1,966,50.41,520,48.46
pattern,H1_sign_N6_min200_inv,3xATRH1,957,46.6,544,48.35
pattern,H1_sign_N6_min1000,3xATRH1,966,50.41,520,48.46
pattern,H1_sign_N6_min1000_inv,3xATRH1,957,46.6,544,48.35
pattern,H1_sign_N6_min200,0.5xATRD1,1670,50.18,853,46.07
pattern,H1_sign_N6_min200_inv,0.5xATRD1,1703,46.62,839,49.11
pattern,H1_sign_N6_min1000,0.5xATRD1,1670,50.18,853,46.07
pattern,H1_sign_N6_min1000_inv,0.5xATRD1,1703,46.62,839,49.11
pattern,H1_sign_N6_min200,1xATRD1,428,53.04,224,53.12
pattern,H1_sign_N6_min200_inv,1xATRD1,445,44.72,234,49.15
pattern,H1_sign_N6_min1000,1xATRD1,428,53.04,224,53.12
pattern,H1_sign_N6_min1000_inv,1xATRD1,445,44.72,234,49.15
pattern,H1_sign_N6_min200,2xATRD1,95,52.63,54,57.41
pattern,H1_sign_N6_min200_inv,2xATRD1,106,48.11,75,48.0
pattern,H1_sign_N6_min1000,2xATRD1,95,52.63,54,57.41
pattern,H1_sign_N6_min1000_inv,2xATRD1,106,48.11,75,48.0
pattern,H1_sign_N6_min200,3xATRD1,47,57.45,33,54.55
pattern,H1_sign_N6_min200_inv,3xATRD1,49,32.65,33,33.33
pattern,H1_sign_N6_min1000,3xATRD1,47,57.45,33,54.55
pattern,H1_sign_N6_min1000_inv,3xATRD1,49,32.65,33,33.33
pattern,H1_sign_N6_min200,fix1,160375,35.94,95645,35.11
pattern,H1_sign_N6_min200_inv,fix1,160585,34.9,95425,35.26
pattern,H1_sign_N6_min1000,fix1,160375,35.94,95645,35.11
pattern,H1_sign_N6_min1000_inv,fix1,160585,34.9,95425,35.26
pattern,H1_sign_N6_min200,fix2,47593,43.63,29205,42.5
pattern,H1_sign_N6_min200_inv,fix2,47753,41.62,29124,42.43
pattern,H1_sign_N6_min1000,fix2,47593,43.63,29205,42.5
pattern,H1_sign_N6_min1000_inv,fix2,47753,41.62,29124,42.43
pattern,H1_sign_N6_min200,fix3,22296,46.31,13743,44.92
pattern,H1_sign_N6_min200_inv,fix3,22401,43.68,13835,45.23
pattern,H1_sign_N6_min1000,fix3,22296,46.31,13743,44.92
pattern,H1_sign_N6_min1000_inv,fix3,22401,43.68,13835,45.23
pattern,H1_sign_N6_min200,fix5,8426,47.96,5222,47.3
pattern,H1_sign_N6_min200_inv,fix5,8517,46.39,5289,46.78
pattern,H1_sign_N6_min1000,fix5,8426,47.96,5222,47.3
pattern,H1_sign_N6_min1000_inv,fix5,8517,46.39,5289,46.78
pattern,H1_sign_N6_min200,fix10,2224,49.15,1335,46.37
pattern,H1_sign_N6_min200_inv,fix10,2240,47.05,1378,50.29
pattern,H1_sign_N6_min1000,fix10,2224,49.15,1335,46.37
pattern,H1_sign_N6_min1000_inv,fix10,2240,47.05,1378,50.29
pattern,H1_sign_N7_min200,0.5xATRM15,129188,34.02,68227,33.07
pattern,H1_sign_N7_min200_inv,0.5xATRM15,130326,32.46,68420,32.91
pattern,H1_sign_N7_min1000,0.5xATRM15,129188,34.02,68227,33.07
pattern,H1_sign_N7_min1000_inv,0.5xATRM15,130326,32.46,68420,32.91
pattern,H1_sign_N7_min200,1xATRM15,31467,43.78,16631,42.13
pattern,H1_sign_N7_min200_inv,1xATRM15,31525,40.28,16467,42.52
pattern,H1_sign_N7_min1000,1xATRM15,31467,43.78,16631,42.13
pattern,H1_sign_N7_min1000_inv,1xATRM15,31525,40.28,16467,42.52
pattern,H1_sign_N7_min200,2xATRM15,6678,48.64,3570,46.95
pattern,H1_sign_N7_min200_inv,2xATRM15,6756,43.92,3715,46.51
pattern,H1_sign_N7_min1000,2xATRM15,6678,48.64,3570,46.95
pattern,H1_sign_N7_min1000_inv,2xATRM15,6756,43.92,3715,46.51
pattern,H1_sign_N7_min200,3xATRM15,2717,48.47,1468,47.89
pattern,H1_sign_N7_min200_inv,3xATRM15,2723,45.76,1486,47.98
pattern,H1_sign_N7_min1000,3xATRM15,2717,48.47,1468,47.89
pattern,H1_sign_N7_min1000_inv,3xATRM15,2723,45.76,1486,47.98
pattern,H1_sign_N7_min200,0.5xATRH1,35939,43.91,18979,42.21
pattern,H1_sign_N7_min200_inv,0.5xATRH1,36242,40.86,18872,42.56
pattern,H1_sign_N7_min1000,0.5xATRH1,35939,43.91,18979,42.21
pattern,H1_sign_N7_min1000_inv,0.5xATRH1,36242,40.86,18872,42.56
pattern,H1_sign_N7_min200,1xATRH1,9232,48.08,4935,46.34
pattern,H1_sign_N7_min200_inv,1xATRH1,9230,44.32,4843,45.36
pattern,H1_sign_N7_min1000,1xATRH1,9232,48.08,4935,46.34
pattern,H1_sign_N7_min1000_inv,1xATRH1,9230,44.32,4843,45.36
pattern,H1_sign_N7_min200,2xATRH1,2238,50.58,1232,48.3
pattern,H1_sign_N7_min200_inv,2xATRH1,2224,44.74,1220,46.72
pattern,H1_sign_N7_min1000,2xATRH1,2238,50.58,1232,48.3
pattern,H1_sign_N7_min1000_inv,2xATRH1,2224,44.74,1220,46.72
pattern,H1_sign_N7_min200,3xATRH1,952,51.79,522,49.43
pattern,H1_sign_N7_min200_inv,3xATRH1,979,43.72,536,49.63
pattern,H1_sign_N7_min1000,3xATRH1,952,51.79,522,49.43
pattern,H1_sign_N7_min1000_inv,3xATRH1,979,43.72,536,49.63
pattern,H1_sign_N7_min200,0.5xATRD1,1637,51.74,843,46.98
pattern,H1_sign_N7_min200_inv,0.5xATRD1,1709,45.29,832,50.6
pattern,H1_sign_N7_min1000,0.5xATRD1,1637,51.74,843,46.98
pattern,H1_sign_N7_min1000_inv,0.5xATRD1,1709,45.29,832,50.6
pattern,H1_sign_N7_min200,1xATRD1,434,58.53,226,49.56
pattern,H1_sign_N7_min200_inv,1xATRD1,442,39.59,229,45.41
pattern,H1_sign_N7_min1000,1xATRD1,434,58.53,226,49.56
pattern,H1_sign_N7_min1000_inv,1xATRD1,442,39.59,229,45.41
pattern,H1_sign_N7_min200,2xATRD1,101,54.46,52,59.62
pattern,H1_sign_N7_min200_inv,2xATRD1,111,51.35,72,50.0
pattern,H1_sign_N7_min1000,2xATRD1,99,55.56,52,59.62
pattern,H1_sign_N7_min1000_inv,2xATRD1,111,51.35,72,48.61
pattern,H1_sign_N7_min200,3xATRD1,48,58.33,26,76.92
pattern,H1_sign_N7_min200_inv,3xATRD1,52,51.92,33,30.3
pattern,H1_sign_N7_min1000,3xATRD1,50,54.0,35,65.71
pattern,H1_sign_N7_min1000_inv,3xATRD1,51,56.86,33,57.58
pattern,H1_sign_N7_min200,fix1,160253,36.15,95783,35.17
pattern,H1_sign_N7_min200_inv,fix1,160703,34.66,95284,35.21
pattern,H1_sign_N7_min1000,fix1,160253,36.15,95783,35.17
pattern,H1_sign_N7_min1000_inv,fix1,160703,34.66,95284,35.21
pattern,H1_sign_N7_min200,fix2,47490,43.67,29194,42.41
pattern,H1_sign_N7_min200_inv,fix2,47827,41.65,29214,42.54
pattern,H1_sign_N7_min1000,fix2,47490,43.67,29194,42.41
pattern,H1_sign_N7_min1000_inv,fix2,47827,41.65,29214,42.54
pattern,H1_sign_N7_min200,fix3,22467,46.42,13789,44.38
pattern,H1_sign_N7_min200_inv,fix3,22367,43.59,13764,45.58
pattern,H1_sign_N7_min1000,fix3,22467,46.42,13789,44.38
pattern,H1_sign_N7_min1000_inv,fix3,22367,43.59,13764,45.58
pattern,H1_sign_N7_min200,fix5,8451,48.56,5228,45.41
pattern,H1_sign_N7_min200_inv,fix5,8352,45.46,5293,47.7
pattern,H1_sign_N7_min1000,fix5,8451,48.56,5228,45.41
pattern,H1_sign_N7_min1000_inv,fix5,8352,45.46,5293,47.7
pattern,H1_sign_N7_min200,fix10,2195,50.98,1363,47.76
pattern,H1_sign_N7_min200_inv,fix10,2261,45.47,1369,48.65
pattern,H1_sign_N7_min1000,fix10,2195,50.98,1363,47.76
pattern,H1_sign_N7_min1000_inv,fix10,2261,45.47,1369,48.65
pattern,H1_sign_N8_min200,0.5xATRM15,129025,34.21,68065,32.8
pattern,H1_sign_N8_min200_inv,0.5xATRM15,130679,32.27,68541,33.09
pattern,H1_sign_N8_min1000,0.5xATRM15,129870,33.37,68440,32.46
pattern,H1_sign_N8_min1000_inv,0.5xATRM15,130102,33.21,68324,32.5
pattern,H1_sign_N8_min200,1xATRM15,31445,43.91,16708,42.85
pattern,H1_sign_N8_min200_inv,1xATRM15,31475,40.37,16502,41.61
pattern,H1_sign_N8_min1000,1xATRM15,31308,42.15,16879,41.17
pattern,H1_sign_N8_min1000_inv,1xATRM15,31211,41.97,16764,41.48
pattern,H1_sign_N8_min200,2xATRM15,6645,49.36,3568,46.92
pattern,H1_sign_N8_min200_inv,2xATRM15,6851,44.29,3712,46.26
pattern,H1_sign_N8_min1000,2xATRM15,6657,46.84,3673,44.46
pattern,H1_sign_N8_min1000_inv,2xATRM15,6716,46.29,3681,44.69
pattern,H1_sign_N8_min200,3xATRM15,2804,49.86,1489,49.09
pattern,H1_sign_N8_min200_inv,3xATRM15,2688,45.8,1489,46.88
pattern,H1_sign_N8_min1000,3xATRM15,2737,48.23,1495,45.35
pattern,H1_sign_N8_min1000_inv,3xATRM15,2728,47.1,1505,44.52
pattern,H1_sign_N8_min200,0.5xATRH1,35910,43.79,18904,42.53
pattern,H1_sign_N8_min200_inv,0.5xATRH1,36125,41.01,18814,42.4
pattern,H1_sign_N8_min1000,0.5xATRH1,36153,42.55,19077,41.47
pattern,H1_sign_N8_min1000_inv,0.5xATRH1,36179,42.41,18988,41.47
pattern,H1_sign_N8_min200,1xATRH1,9151,48.81,4900,47.18
pattern,H1_sign_N8_min200_inv,1xATRH1,9300,43.57,4862,45.39
pattern,H1_sign_N8_min1000,1xATRH1,9113,46.21,4882,44.69
pattern,H1_sign_N8_min1000_inv,1xATRH1,9107,46.04,4863,44.83
pattern,H1_sign_N8_min200,2xATRH1,2231,50.38,1222,48.28
pattern,H1_sign_N8_min200_inv,2xATRH1,2178,45.78,1178,49.24
pattern,H1_sign_N8_min1000,2xATRH1,2154,47.59,1241,44.48
pattern,H1_sign_N8_min1000_inv,2xATRH1,2167,47.67,1234,46.03
pattern,H1_sign_N8_min200,3xATRH1,976,54.0,547,47.9
pattern,H1_sign_N8_min200_inv,3xATRH1,950,44.21,525,48.0
pattern,H1_sign_N8_min1000,3xATRH1,983,49.03,556,53.96
pattern,H1_sign_N8_min1000_inv,3xATRH1,980,48.16,549,53.55
pattern,H1_sign_N8_min200,0.5xATRD1,1641,51.68,846,47.52
pattern,H1_sign_N8_min200_inv,0.5xATRD1,1696,46.11,861,47.85
pattern,H1_sign_N8_min1000,0.5xATRD1,1717,48.69,836,45.22
pattern,H1_sign_N8_min1000_inv,0.5xATRD1,1714,48.48,850,45.88
pattern,H1_sign_N8_min200,1xATRD1,426,54.23,221,50.68
pattern,H1_sign_N8_min200_inv,1xATRD1,433,41.57,223,51.12
pattern,H1_sign_N8_min1000,1xATRD1,446,50.45,227,55.95
pattern,H1_sign_N8_min1000_inv,1xATRD1,444,50.0,224,56.7
pattern,H1_sign_N8_min200,2xATRD1,101,48.51,52,53.85
pattern,H1_sign_N8_min200_inv,2xATRD1,109,48.62,72,43.06
pattern,H1_sign_N8_min200,3xATRD1,53,49.06,26,69.23
pattern,H1_sign_N8_min200_inv,3xATRD1,52,63.46,32,40.62
pattern,H1_sign_N8_min200,fix1,160233,36.24,95602,35.1
pattern,H1_sign_N8_min200_inv,fix1,160638,34.58,95551,35.25
pattern,H1_sign_N8_min1000,fix1,160607,35.52,95852,34.71
pattern,H1_sign_N8_min1000_inv,fix1,160523,35.44,95878,34.73
pattern,H1_sign_N8_min200,fix2,47583,44.05,29122,42.57
pattern,H1_sign_N8_min200_inv,fix2,47822,41.15,29123,42.62
pattern,H1_sign_N8_min1000,fix2,47723,42.69,29318,42.02
pattern,H1_sign_N8_min1000_inv,fix2,47737,42.47,29345,41.93
pattern,H1_sign_N8_min200,fix3,22349,46.97,13824,45.11
pattern,H1_sign_N8_min200_inv,fix3,22373,43.15,13800,44.97
pattern,H1_sign_N8_min1000,fix3,22269,45.17,13911,44.23
pattern,H1_sign_N8_min1000_inv,fix3,22351,44.91,13872,44.2
pattern,H1_sign_N8_min200,fix5,8455,49.92,5162,46.76
pattern,H1_sign_N8_min200_inv,fix5,8430,44.66,5242,47.31
pattern,H1_sign_N8_min1000,fix5,8397,47.18,5168,45.68
pattern,H1_sign_N8_min1000_inv,fix5,8380,46.9,5161,45.71
pattern,H1_sign_N8_min200,fix10,2229,51.28,1374,48.18
pattern,H1_sign_N8_min200_inv,fix10,2243,44.54,1368,48.61
pattern,H1_sign_N8_min1000,fix10,2252,48.53,1373,51.06
pattern,H1_sign_N8_min1000_inv,fix10,2247,48.69,1350,51.63
pattern,H1_tri0.1_N1_min200,0.5xATRM15,129911,33.44,68303,32.72
pattern,H1_tri0.1_N1_min200_inv,0.5xATRM15,129736,32.97,68216,33.21
pattern,H1_tri0.1_N1_min1000,0.5xATRM15,129911,33.44,68303,32.72
pattern,H1_tri0.1_N1_min1000_inv,0.5xATRM15,129736,32.97,68216,33.21
pattern,H1_tri0.1_N1_min200,1xATRM15,31181,42.1,16790,41.38
pattern,H1_tri0.1_N1_min200_inv,1xATRM15,31418,42.23,16438,43.42
pattern,H1_tri0.1_N1_min1000,1xATRM15,31181,42.1,16790,41.38
pattern,H1_tri0.1_N1_min1000_inv,1xATRM15,31418,42.23,16438,43.42
pattern,H1_tri0.1_N1_min200,2xATRM15,6717,46.49,3671,44.48
pattern,H1_tri0.1_N1_min200_inv,2xATRM15,6754,46.71,3557,48.21
pattern,H1_tri0.1_N1_min1000,2xATRM15,6717,46.49,3671,44.48
pattern,H1_tri0.1_N1_min1000_inv,2xATRM15,6754,46.71,3557,48.21
pattern,H1_tri0.1_N1_min200,3xATRM15,2732,47.84,1443,50.31
pattern,H1_tri0.1_N1_min200_inv,3xATRM15,2729,46.68,1497,45.36
pattern,H1_tri0.1_N1_min1000,3xATRM15,2732,47.84,1443,50.31
pattern,H1_tri0.1_N1_min1000_inv,3xATRM15,2729,46.68,1497,45.36
pattern,H1_tri0.1_N1_min200,0.5xATRH1,36116,42.51,19043,41.47
pattern,H1_tri0.1_N1_min200_inv,0.5xATRH1,35991,42.46,18841,43.56
pattern,H1_tri0.1_N1_min1000,0.5xATRH1,36116,42.51,19043,41.47
pattern,H1_tri0.1_N1_min1000_inv,0.5xATRH1,35991,42.46,18841,43.56
pattern,H1_tri0.1_N1_min200,1xATRH1,9251,46.47,4812,47.36
pattern,H1_tri0.1_N1_min200_inv,1xATRH1,9129,45.97,4846,45.01
pattern,H1_tri0.1_N1_min1000,1xATRH1,9251,46.47,4812,47.36
pattern,H1_tri0.1_N1_min1000_inv,1xATRH1,9129,45.97,4846,45.01
pattern,H1_tri0.1_N1_min200,2xATRH1,2168,47.92,1236,45.47
pattern,H1_tri0.1_N1_min200_inv,2xATRH1,2278,48.16,1212,50.99
pattern,H1_tri0.1_N1_min1000,2xATRH1,2168,47.92,1236,45.47
pattern,H1_tri0.1_N1_min1000_inv,2xATRH1,2278,48.16,1212,50.99
pattern,H1_tri0.1_N1_min200,3xATRH1,983,50.46,547,55.58
pattern,H1_tri0.1_N1_min200_inv,3xATRH1,959,47.55,544,44.3
pattern,H1_tri0.1_N1_min1000,3xATRH1,983,50.46,547,55.58
pattern,H1_tri0.1_N1_min1000_inv,3xATRH1,959,47.55,544,44.3
pattern,H1_tri0.1_N1_min200,0.5xATRD1,1749,49.46,847,50.77
pattern,H1_tri0.1_N1_min200_inv,0.5xATRD1,1690,46.86,831,46.57
pattern,H1_tri0.1_N1_min1000,0.5xATRD1,1749,49.46,847,50.77
pattern,H1_tri0.1_N1_min1000_inv,0.5xATRD1,1690,46.86,831,46.57
pattern,H1_tri0.1_N1_min200,1xATRD1,437,49.89,223,54.71
pattern,H1_tri0.1_N1_min200_inv,1xATRD1,438,50.0,226,44.25
pattern,H1_tri0.1_N1_min1000,1xATRD1,437,49.89,223,54.71
pattern,H1_tri0.1_N1_min1000_inv,1xATRD1,438,50.0,226,44.25
pattern,H1_tri0.1_N1_min200,2xATRD1,101,51.49,61,60.66
pattern,H1_tri0.1_N1_min200_inv,2xATRD1,103,46.6,53,37.74
pattern,H1_tri0.1_N1_min1000,2xATRD1,101,51.49,61,60.66
pattern,H1_tri0.1_N1_min1000_inv,2xATRD1,103,46.6,53,37.74
pattern,H1_tri0.1_N1_min200,3xATRD1,50,54.0,26,69.23
pattern,H1_tri0.1_N1_min200_inv,3xATRD1,53,45.28,33,33.33
pattern,H1_tri0.1_N1_min1000,3xATRD1,50,54.0,26,69.23
pattern,H1_tri0.1_N1_min1000_inv,3xATRD1,53,45.28,33,33.33
pattern,H1_tri0.1_N1_min200,fix1,160581,35.5,95864,34.7
pattern,H1_tri0.1_N1_min200_inv,fix1,160307,35.36,95301,35.69
pattern,H1_tri0.1_N1_min1000,fix1,160581,35.5,95864,34.7
pattern,H1_tri0.1_N1_min1000_inv,fix1,160307,35.36,95301,35.69
pattern,H1_tri0.1_N1_min200,fix2,47749,42.6,29310,41.95
pattern,H1_tri0.1_N1_min200_inv,fix2,47581,42.74,28994,43.16
pattern,H1_tri0.1_N1_min1000,fix2,47749,42.6,29310,41.95
pattern,H1_tri0.1_N1_min1000_inv,fix2,47581,42.74,28994,43.16
pattern,H1_tri0.1_N1_min200,fix3,22329,45.07,13862,44.08
pattern,H1_tri0.1_N1_min200_inv,fix3,22283,45.25,13817,45.94
pattern,H1_tri0.1_N1_min1000,fix3,22329,45.07,13862,44.08
pattern,H1_tri0.1_N1_min1000_inv,fix3,22283,45.25,13817,45.94
pattern,H1_tri0.1_N1_min200,fix5,8331,47.38,5281,46.98
pattern,H1_tri0.1_N1_min200_inv,fix5,8519,46.94,5203,46.61
pattern,H1_tri0.1_N1_min1000,fix5,8331,47.38,5281,46.98
pattern,H1_tri0.1_N1_min1000_inv,fix5,8519,46.94,5203,46.61
pattern,H1_tri0.1_N1_min200,fix10,2237,47.92,1369,51.79
pattern,H1_tri0.1_N1_min200_inv,fix10,2214,48.64,1354,45.86
pattern,H1_tri0.1_N1_min1000,fix10,2237,47.92,1369,51.79
pattern,H1_tri0.1_N1_min1000_inv,fix10,2214,48.64,1354,45.86
pattern,H1_tri0.1_N2_min200,0.5xATRM15,129980,33.5,68521,32.78
pattern,H1_tri0.1_N2_min200_inv,0.5xATRM15,129592,32.96,68082,33.09
pattern,H1_tri0.1_N2_min1000,0.5xATRM15,129980,33.5,68521,32.78
pattern,H1_tri0.1_N2_min1000_inv,0.5xATRM15,129592,32.96,68082,33.09
pattern,H1_tri0.1_N2_min200,1xATRM15,31247,42.42,16721,42.05
pattern,H1_tri0.1_N2_min200_inv,1xATRM15,31594,41.72,16669,42.4
pattern,H1_tri0.1_N2_min1000,1xATRM15,31247,42.42,16721,42.05
pattern,H1_tri0.1_N2_min1000_inv,1xATRM15,31594,41.72,16669,42.4
pattern,H1_tri0.1_N2_min200,2xATRM15,6710,46.94,3648,44.35
pattern,H1_tri0.1_N2_min200_inv,2xATRM15,6798,46.69,3562,48.68
pattern,H1_tri0.1_N2_min1000,2xATRM15,6710,46.94,3648,44.35
pattern,H1_tri0.1_N2_min1000_inv,2xATRM15,6798,46.69,3562,48.68
pattern,H1_tri0.1_N2_min200,3xATRM15,2710,49.48,1427,48.35
pattern,H1_tri0.1_N2_min200_inv,3xATRM15,2741,48.3,1529,45.39
pattern,H1_tri0.1_N2_min1000,3xATRM15,2710,49.48,1427,48.35
pattern,H1_tri0.1_N2_min1000_inv,3xATRM15,2741,48.3,1529,45.39
pattern,H1_tri0.1_N2_min200,0.5xATRH1,36054,42.73,18948,42.35
pattern,H1_tri0.1_N2_min200_inv,0.5xATRH1,36163,42.22,18809,42.71
pattern,H1_tri0.1_N2_min1000,0.5xATRH1,36054,42.73,18948,42.35
pattern,H1_tri0.1_N2_min1000_inv,0.5xATRH1,36163,42.22,18809,42.71
pattern,H1_tri0.1_N2_min200,1xATRH1,9272,46.44,4814,45.53
pattern,H1_tri0.1_N2_min200_inv,1xATRH1,9150,45.79,4989,46.44
pattern,H1_tri0.1_N2_min1000,1xATRH1,9272,46.44,4814,45.53
pattern,H1_tri0.1_N2_min1000_inv,1xATRH1,9150,45.79,4989,46.44
pattern,H1_tri0.1_N2_min200,2xATRH1,2173,46.57,1206,49.17
pattern,H1_tri0.1_N2_min200_inv,2xATRH1,2185,48.83,1236,48.79
pattern,H1_tri0.1_N2_min1000,2xATRH1,2173,46.57,1206,49.17
pattern,H1_tri0.1_N2_min1000_inv,2xATRH1,2185,48.83,1236,48.79
pattern,H1_tri0.1_N2_min200,3xATRH1,969,47.06,556,52.52
pattern,H1_tri0.1_N2_min200_inv,3xATRH1,961,47.76,536,43.47
pattern,H1_tri0.1_N2_min1000,3xATRH1,969,47.06,556,52.52
pattern,H1_tri0.1_N2_min1000_inv,3xATRH1,961,47.76,536,43.47
pattern,H1_tri0.1_N2_min200,0.5xATRD1,1716,50.29,849,53.12
pattern,H1_tri0.1_N2_min200_inv,0.5xATRD1,1693,48.49,840,46.43
pattern,H1_tri0.1_N2_min1000,0.5xATRD1,1716,50.29,849,53.12
pattern,H1_tri0.1_N2_min1000_inv,0.5xATRD1,1693,48.49,840,46.43
pattern,H1_tri0.1_N2_min200,1xATRD1,432,52.31,220,56.82
pattern,H1_tri0.1_N2_min200_inv,1xATRD1,445,47.19,226,41.15
pattern,H1_tri0.1_N2_min1000,1xATRD1,432,52.31,220,56.82
pattern,H1_tri0.1_N2_min1000_inv,1xATRD1,445,47.19,226,41.15
pattern,H1_tri0.1_N2_min200,2xATRD1,101,52.48,69,55.07
pattern,H1_tri0.1_N2_min200_inv,2xATRD1,104,41.35,66,36.36
pattern,H1_tri0.1_N2_min1000,2xATRD1,101,52.48,69,55.07
pattern,H1_tri0.1_N2_min1000_inv,2xATRD1,104,41.35,66,36.36
pattern,H1_tri0.1_N2_min200,3xATRD1,50,54.0,26,69.23
pattern,H1_tri0.1_N2_min200_inv,3xATRD1,53,45.28,33,33.33
pattern,H1_tri0.1_N2_min1000,3xATRD1,50,54.0,26,69.23
pattern,H1_tri0.1_N2_min1000_inv,3xATRD1,53,45.28,33,33.33
pattern,H1_tri0.1_N2_min200,fix1,160396,35.66,95723,34.96
pattern,H1_tri0.1_N2_min200_inv,fix1,160490,35.19,95481,35.37
pattern,H1_tri0.1_N2_min1000,fix1,160396,35.66,95723,34.96
pattern,H1_tri0.1_N2_min1000_inv,fix1,160490,35.19,95481,35.37
pattern,H1_tri0.1_N2_min200,fix2,47609,42.79,29188,42.36
pattern,H1_tri0.1_N2_min200_inv,fix2,47779,42.43,29093,42.74
pattern,H1_tri0.1_N2_min1000,fix2,47609,42.79,29188,42.36
pattern,H1_tri0.1_N2_min1000_inv,fix2,47779,42.43,29093,42.74
pattern,H1_tri0.1_N2_min200,fix3,22361,45.25,13896,44.15
pattern,H1_tri0.1_N2_min200_inv,fix3,22304,45.13,13781,45.84
pattern,H1_tri0.1_N2_min1000,fix3,22361,45.25,13896,44.15
pattern,H1_tri0.1_N2_min1000_inv,fix3,22304,45.13,13781,45.84
pattern,H1_tri0.1_N2_min200,fix5,8404,47.3,5271,47.49
pattern,H1_tri0.1_N2_min200_inv,fix5,8497,46.98,5198,46.84
pattern,H1_tri0.1_N2_min1000,fix5,8404,47.3,5271,47.49
pattern,H1_tri0.1_N2_min1000_inv,fix5,8497,46.98,5198,46.84
pattern,H1_tri0.1_N2_min200,fix10,2259,47.94,1370,51.02
pattern,H1_tri0.1_N2_min200_inv,fix10,2224,47.8,1345,46.84
pattern,H1_tri0.1_N2_min1000,fix10,2259,47.94,1370,51.02
pattern,H1_tri0.1_N2_min1000_inv,fix10,2224,47.8,1345,46.84
pattern,H1_tri0.1_N3_min200,0.5xATRM15,129879,33.49,68583,32.75
pattern,H1_tri0.1_N3_min200_inv,0.5xATRM15,129812,32.98,67989,33.13
pattern,H1_tri0.1_N3_min1000,0.5xATRM15,129879,33.49,68583,32.75
pattern,H1_tri0.1_N3_min1000_inv,0.5xATRM15,129812,32.98,67989,33.13
pattern,H1_tri0.1_N3_min200,1xATRM15,31577,42.47,16714,42.11
pattern,H1_tri0.1_N3_min200_inv,1xATRM15,31544,41.42,16617,42.26
pattern,H1_tri0.1_N3_min1000,1xATRM15,31577,42.47,16714,42.11
pattern,H1_tri0.1_N3_min1000_inv,1xATRM15,31544,41.42,16617,42.26
pattern,H1_tri0.1_N3_min200,2xATRM15,6578,46.93,3670,45.91
pattern,H1_tri0.1_N3_min200_inv,2xATRM15,6868,46.72,3569,45.87
pattern,H1_tri0.1_N3_min1000,2xATRM15,6578,46.93,3670,45.91
pattern,H1_tri0.1_N3_min1000_inv,2xATRM15,6868,46.72,3569,45.87
pattern,H1_tri0.1_N3_min200,3xATRM15,2659,48.82,1482,47.71
pattern,H1_tri0.1_N3_min200_inv,3xATRM15,2720,47.76,1519,46.08
pattern,H1_tri0.1_N3_min1000,3xATRM15,2659,48.82,1482,47.71
pattern,H1_tri0.1_N3_min1000_inv,3xATRM15,2720,47.76,1519,46.08
pattern,H1_tri0.1_N3_min200,0.5xATRH1,35864,42.68,18884,42.38
pattern,H1_tri0.1_N3_min200_inv,0.5xATRH1,36212,42.01,18856,42.55
pattern,H1_tri0.1_N3_min1000,0.5xATRH1,35864,42.68,18884,42.38
pattern,H1_tri0.1_N3_min1000_inv,0.5xATRH1,36212,42.01,18856,42.55
pattern,H1_tri0.1_N3_min200,1xATRH1,9272,47.08,4819,47.06
pattern,H1_tri0.1_N3_min200_inv,1xATRH1,9153,44.86,4932,46.07
pattern,H1_tri0.1_N3_min1000,1xATRH1,9272,47.08,4819,47.06
pattern,H1_tri0.1_N3_min1000_inv,1xATRH1,9153,44.86,4932,46.07
pattern,H1_tri0.1_N3_min200,2xATRH1,2192,48.49,1209,51.2
pattern,H1_tri0.1_N3_min200_inv,2xATRH1,2214,46.39,1239,46.0
pattern,H1_tri0.1_N3_min1000,2xATRH1,2192,48.49,1209,51.2
pattern,H1_tri0.1_N3_min1000_inv,2xATRH1,2214,46.39,1239,46.0
pattern,H1_tri0.1_N3_min200,3xATRH1,963,49.84,532,52.44
pattern,H1_tri0.1_N3_min200_inv,3xATRH1,951,47.21,527,43.26
pattern,H1_tri0.1_N3_min1000,3xATRH1,963,49.84,532,52.44
pattern,H1_tri0.1_N3_min1000_inv,3xATRH1,951,47.21,527,43.26
pattern,H1_tri0.1_N3_min200,0.5xATRD1,1725,48.35,871,52.7
pattern,H1_tri0.1_N3_min200_inv,0.5xATRD1,1702,48.18,842,47.27
pattern,H1_tri0.1_N3_min1000,0.5xATRD1,1725,48.35,871,52.7
pattern,H1_tri0.1_N3_min1000_inv,0.5xATRD1,1702,48.18,842,47.27
pattern,H1_tri0.1_N3_min200,1xATRD1,440,52.05,221,54.3
pattern,H1_tri0.1_N3_min200_inv,1xATRD1,451,49.22,223,41.26
pattern,H1_tri0.1_N3_min1000,1xATRD1,440,52.05,221,54.3
pattern,H1_tri0.1_N3_min1000_inv,1xATRD1,451,49.22,223,41.26
pattern,H1_tri0.1_N3_min200,2xATRD1,99,47.47,67,59.7
pattern,H1_tri0.1_N3_min200_inv,2xATRD1,104,42.31,68,32.35
pattern,H1_tri0.1_N3_min1000,2xATRD1,99,47.47,67,59.7
pattern,H1_tri0.1_N3_min1000_inv,2xATRD1,104,42.31,68,32.35
pattern,H1_tri0.1_N3_min200,3xATRD1,49,59.18,24,66.67
pattern,H1_tri0.1_N3_min200_inv,3xATRD1,53,47.17,33,36.36
pattern,H1_tri0.1_N3_min1000,3xATRD1,49,59.18,24,66.67
pattern,H1_tri0.1_N3_min1000_inv,3xATRD1,53,47.17,33,36.36
pattern,H1_tri0.1_N3_min200,fix1,160365,35.61,95591,35.14
pattern,H1_tri0.1_N3_min200_inv,fix1,160580,35.22,95618,35.19
pattern,H1_tri0.1_N3_min1000,fix1,160365,35.61,95591,35.14
pattern,H1_tri0.1_N3_min1000_inv,fix1,160580,35.22,95618,35.19
pattern,H1_tri0.1_N3_min200,fix2,47575,42.65,29038,42.41
pattern,H1_tri0.1_N3_min200_inv,fix2,47722,42.61,29256,42.62
pattern,H1_tri0.1_N3_min1000,fix2,47575,42.65,29038,42.41
pattern,H1_tri0.1_N3_min1000_inv,fix2,47722,42.61,29256,42.62
pattern,H1_tri0.1_N3_min200,fix3,22319,45.25,13894,44.91
pattern,H1_tri0.1_N3_min200_inv,fix3,22382,44.86,13748,45.35
pattern,H1_tri0.1_N3_min1000,fix3,22319,45.25,13894,44.91
pattern,H1_tri0.1_N3_min1000_inv,fix3,22382,44.86,13748,45.35
pattern,H1_tri0.1_N3_min200,fix5,8429,48.07,5223,47.31
pattern,H1_tri0.1_N3_min200_inv,fix5,8451,45.9,5255,46.15
pattern,H1_tri0.1_N3_min1000,fix5,8429,48.07,5223,47.31
pattern,H1_tri0.1_N3_min1000_inv,fix5,8451,45.9,5255,46.15
pattern,H1_tri0.1_N3_min200,fix10,2237,49.71,1376,49.13
pattern,H1_tri0.1_N3_min200_inv,fix10,2205,47.62,1373,47.63
pattern,H1_tri0.1_N3_min1000,fix10,2237,49.71,1376,49.13
pattern,H1_tri0.1_N3_min1000_inv,fix10,2205,47.62,1373,47.63
pattern,H1_tri0.1_N4_min200,0.5xATRM15,129451,33.81,68496,33.05
pattern,H1_tri0.1_N4_min200_inv,0.5xATRM15,130200,32.72,68202,32.72
pattern,H1_tri0.1_N4_min1000,0.5xATRM15,129516,33.71,68504,33.08
pattern,H1_tri0.1_N4_min1000_inv,0.5xATRM15,130140,32.82,68191,32.6
pattern,H1_tri0.1_N4_min200,1xATRM15,31428,42.77,16603,42.56
pattern,H1_tri0.1_N4_min200_inv,1xATRM15,31704,40.93,16481,41.82
pattern,H1_tri0.1_N4_min1000,1xATRM15,31421,42.68,16580,42.56
pattern,H1_tri0.1_N4_min1000_inv,1xATRM15,31629,41.05,16547,41.6
pattern,H1_tri0.1_N4_min200,2xATRM15,6647,47.01,3677,45.47
pattern,H1_tri0.1_N4_min200_inv,2xATRM15,6827,46.24,3554,46.15
pattern,H1_tri0.1_N4_min1000,2xATRM15,6678,47.09,3732,45.69
pattern,H1_tri0.1_N4_min1000_inv,2xATRM15,6811,46.4,3554,46.29
pattern,H1_tri0.1_N4_min200,3xATRM15,2700,47.22,1467,46.42
pattern,H1_tri0.1_N4_min200_inv,3xATRM15,2763,46.22,1513,46.46
pattern,H1_tri0.1_N4_min1000,3xATRM15,2713,47.7,1480,46.08
pattern,H1_tri0.1_N4_min1000_inv,3xATRM15,2734,46.6,1512,47.02
pattern,H1_tri0.1_N4_min200,0.5xATRH1,36123,43.09,18918,42.28
pattern,H1_tri0.1_N4_min200_inv,0.5xATRH1,35987,41.75,18877,42.83
pattern,H1_tri0.1_N4_min1000,0.5xATRH1,36155,43.02,18922,42.32
pattern,H1_tri0.1_N4_min1000_inv,0.5xATRH1,35967,41.82,18882,42.68
pattern,H1_tri0.1_N4_min200,1xATRH1,9269,47.76,4869,46.79
pattern,H1_tri0.1_N4_min200_inv,1xATRH1,9203,44.62,4917,45.9
pattern,H1_tri0.1_N4_min1000,1xATRH1,9270,47.58,4864,47.18
pattern,H1_tri0.1_N4_min1000_inv,1xATRH1,9205,44.68,4913,45.63
pattern,H1_tri0.1_N4_min200,2xATRH1,2219,48.63,1176,49.57
pattern,H1_tri0.1_N4_min200_inv,2xATRH1,2158,47.36,1243,48.35
pattern,H1_tri0.1_N4_min1000,2xATRH1,2209,48.8,1176,49.23
pattern,H1_tri0.1_N4_min1000_inv,2xATRH1,2166,47.18,1228,47.96
pattern,H1_tri0.1_N4_min200,3xATRH1,959,50.99,555,52.61
pattern,H1_tri0.1_N4_min200_inv,3xATRH1,939,46.22,541,45.84
pattern,H1_tri0.1_N4_min1000,3xATRH1,959,50.16,535,51.03
pattern,H1_tri0.1_N4_min1000_inv,3xATRH1,947,46.78,539,45.64
pattern,H1_tri0.1_N4_min200,0.5xATRD1,1673,52.06,852,50.7
pattern,H1_tri0.1_N4_min200_inv,0.5xATRD1,1694,47.28,849,47.94
pattern,H1_tri0.1_N4_min1000,0.5xATRD1,1673,51.88,849,51.12
pattern,H1_tri0.1_N4_min1000_inv,0.5xATRD1,1707,47.45,844,47.51
pattern,H1_tri0.1_N4_min200,1xATRD1,437,50.34,222,49.1
pattern,H1_tri0.1_N4_min200_inv,1xATRD1,436,47.94,223,47.09
pattern,H1_tri0.1_N4_min1000,1xATRD1,443,49.89,222,48.2
pattern,H1_tri0.1_N4_min1000_inv,1xATRD1,436,48.17,222,48.65
pattern,H1_tri0.1_N4_min200,2xATRD1,99,53.54,71,57.75
pattern,H1_tri0.1_N4_min200_inv,2xATRD1,109,42.2,61,40.98
pattern,H1_tri0.1_N4_min1000,2xATRD1,99,53.54,65,55.38
pattern,H1_tri0.1_N4_min1000_inv,2xATRD1,113,46.02,68,36.76
pattern,H1_tri0.1_N4_min200,3xATRD1,49,57.14,25,64.0
pattern,H1_tri0.1_N4_min200_inv,3xATRD1,53,43.4,33,27.27
pattern,H1_tri0.1_N4_min1000,3xATRD1,51,47.06,25,64.0
pattern,H1_tri0.1_N4_min1000_inv,3xATRD1,51,43.14,33,30.3
pattern,H1_tri0.1_N4_min200,fix1,160083,35.88,95701,35.25
pattern,H1_tri0.1_N4_min200_inv,fix1,160837,35.01,95434,35.13
pattern,H1_tri0.1_N4_min1000,fix1,160089,35.8,95714,35.24
pattern,H1_tri0.1_N4_min1000_inv,fix1,160803,35.06,95417,35.07
pattern,H1_tri0.1_N4_min200,fix2,47569,43.54,29323,42.44
pattern,H1_tri0.1_N4_min200_inv,fix2,47742,41.8,29088,42.4
pattern,H1_tri0.1_N4_min1000,fix2,47601,43.34,29297,42.46
pattern,H1_tri0.1_N4_min1000_inv,fix2,47746,42.01,29066,42.11
pattern,H1_tri0.1_N4_min200,fix3,22325,45.87,13933,44.88
pattern,H1_tri0.1_N4_min200_inv,fix3,22460,44.11,13775,45.43
pattern,H1_tri0.1_N4_min1000,fix3,22349,45.63,13890,44.89
pattern,H1_tri0.1_N4_min1000_inv,fix3,22461,44.42,13769,45.3
pattern,H1_tri0.1_N4_min200,fix5,8447,47.21,5146,47.32
pattern,H1_tri0.1_N4_min200_inv,fix5,8470,46.39,5261,47.39
pattern,H1_tri0.1_N4_min1000,fix5,8499,47.25,5153,47.51
pattern,H1_tri0.1_N4_min1000_inv,fix5,8463,46.54,5274,47.33
pattern,H1_tri0.1_N4_min200,fix10,2236,50.36,1333,48.31
pattern,H1_tri0.1_N4_min200_inv,fix10,2206,45.97,1349,46.78
pattern,H1_tri0.1_N4_min1000,fix10,2230,50.0,1326,48.27
pattern,H1_tri0.1_N4_min1000_inv,fix10,2214,46.7,1341,47.73
pattern,H1_tri0.1_N5_min200,0.5xATRM15,129581,34.03,68250,33.05
pattern,H1_tri0.1_N5_min200_inv,0.5xATRM15,130226,32.42,68231,32.79
pattern,H1_tri0.1_N5_min1000,0.5xATRM15,129817,33.57,68240,32.83
pattern,H1_tri0.1_N5_min1000_inv,0.5xATRM15,130287,32.98,68280,32.68
pattern,H1_tri0.1_N5_min200,1xATRM15,31343,43.6,16576,41.96
pattern,H1_tri0.1_N5_min200_inv,1xATRM15,31396,40.6,16407,42.48
pattern,H1_tri0.1_N5_min1000,1xATRM15,31282,42.79,16733,41.76
pattern,H1_tri0.1_N5_min1000_inv,1xATRM15,31325,41.48,16505,42.06
pattern,H1_tri0.1_N5_min200,2xATRM15,6632,48.58,3709,46.4
pattern,H1_tri0.1_N5_min200_inv,2xATRM15,6823,44.83,3609,46.44
pattern,H1_tri0.1_N5_min1000,2xATRM15,6703,47.9,3708,45.95
pattern,H1_tri0.1_N5_min1000_inv,2xATRM15,6696,46.24,3669,45.0
pattern,H1_tri0.1_N5_min200,3xATRM15,2732,49.3,1456,48.83
pattern,H1_tri0.1_N5_min200_inv,3xATRM15,2715,46.19,1449,48.1
pattern,H1_tri0.1_N5_min1000,3xATRM15,2754,49.49,1473,47.11
pattern,H1_tri0.1_N5_min1000_inv,3xATRM15,2754,46.41,1510,48.15
pattern,H1_tri0.1_N5_min200,0.5xATRH1,36090,43.52,18916,42.16
pattern,H1_tri0.1_N5_min200_inv,0.5xATRH1,36027,41.39,18822,42.55
pattern,H1_tri0.1_N5_min1000,0.5xATRH1,36187,43.1,18977,41.97
pattern,H1_tri0.1_N5_min1000_inv,0.5xATRH1,36127,42.07,18926,42.15
pattern,H1_tri0.1_N5_min200,1xATRH1,9153,48.12,4897,47.38
pattern,H1_tri0.1_N5_min200_inv,1xATRH1,9196,45.07,4907,45.87
pattern,H1_tri0.1_N5_min1000,1xATRH1,9122,47.73,4900,46.37
pattern,H1_tri0.1_N5_min1000_inv,1xATRH1,9212,45.6,4896,45.3
pattern,H1_tri0.1_N5_min200,2xATRH1,2207,49.71,1242,48.15
pattern,H1_tri0.1_N5_min200_inv,2xATRH1,2167,48.64,1235,48.83
pattern,H1_tri0.1_N5_min1000,2xATRH1,2176,49.82,1214,47.2
pattern,H1_tri0.1_N5_min1000_inv,2xATRH1,2165,47.94,1203,48.79
pattern,H1_tri0.1_N5_min200,3xATRH1,961,49.12,571,49.04
pattern,H1_tri0.1_N5_min200_inv,3xATRH1,956,45.19,530,48.3
pattern,H1_tri0.1_N5_min1000,3xATRH1,967,48.81,562,50.89
pattern,H1_tri0.1_N5_min1000_inv,3xATRH1,966,45.13,525,47.81
pattern,H1_tri0.1_N5_min200,0.5xATRD1,1665,50.33,838,51.79
pattern,H1_tri0.1_N5_min200_inv,0.5xATRD1,1691,47.31,866,48.04
pattern,H1_tri0.1_N5_min1000,0.5xATRD1,1723,50.15,864,49.65
pattern,H1_tri0.1_N5_min1000_inv,0.5xATRD1,1714,48.37,833,47.3
pattern,H1_tri0.1_N5_min200,1xATRD1,433,57.51,227,50.66
pattern,H1_tri0.1_N5_min200_inv,1xATRD1,450,46.0,227,47.14
pattern,H1_tri0.1_N5_min1000,1xATRD1,430,53.02,230,52.17
pattern,H1_tri0.1_N5_min1000_inv,1xATRD1,454,46.92,228,51.32
pattern,H1_tri0.1_N5_min200,2xATRD1,101,58.42,59,59.32
pattern,H1_tri0.1_N5_min200_inv,2xATRD1,108,42.59,66,39.39
pattern,H1_tri0.1_N5_min1000,2xATRD1,101,53.47,57,59.65
pattern,H1_tri0.1_N5_min1000_inv,2xATRD1,108,49.07,60,48.33
pattern,H1_tri0.1_N5_min200,3xATRD1,47,55.32,33,57.58
pattern,H1_tri0.1_N5_min200_inv,3xATRD1,48,50.0,33,30.3
pattern,H1_tri0.1_N5_min1000,3xATRD1,47,55.32,33,54.55
pattern,H1_tri0.1_N5_min1000_inv,3xATRD1,54,57.41,27,66.67
pattern,H1_tri0.1_N5_min200,fix1,160220,36.12,95477,35.17
pattern,H1_tri0.1_N5_min200_inv,fix1,160710,34.68,95530,35.22
pattern,H1_tri0.1_N5_min1000,fix1,160468,35.78,95891,34.88
pattern,H1_tri0.1_N5_min1000_inv,fix1,160603,35.18,95618,35.17
pattern,H1_tri0.1_N5_min200,fix2,47695,43.73,29154,42.39
pattern,H1_tri0.1_N5_min200_inv,fix2,47460,41.57,29123,42.58
pattern,H1_tri0.1_N5_min1000,fix2,47677,43.26,29208,42.24
pattern,H1_tri0.1_N5_min1000_inv,fix2,47531,42.21,29218,42.16
pattern,H1_tri0.1_N5_min200,fix3,22265,46.93,13861,44.91
pattern,H1_tri0.1_N5_min200_inv,fix3,22461,43.54,13760,45.25
pattern,H1_tri0.1_N5_min1000,fix3,22225,46.16,13862,44.74
pattern,H1_tri0.1_N5_min1000_inv,fix3,22434,44.46,13874,44.89
pattern,H1_tri0.1_N5_min200,fix5,8458,48.47,5257,46.93
pattern,H1_tri0.1_N5_min200_inv,fix5,8466,45.82,5300,46.68
pattern,H1_tri0.1_N5_min1000,fix5,8447,48.49,5236,46.1
pattern,H1_tri0.1_N5_min1000_inv,fix5,8443,46.95,5272,46.53
pattern,H1_tri0.1_N5_min200,fix10,2219,50.74,1323,46.18
pattern,H1_tri0.1_N5_min200_inv,fix10,2250,45.24,1357,50.04
pattern,H1_tri0.1_N5_min1000,fix10,2222,49.59,1331,47.11
pattern,H1_tri0.1_N5_min1000_inv,fix10,2178,47.06,1361,49.82
pattern,H1_tri0.1_N6_min200,0.5xATRM15,129364,34.26,68091,33.08
pattern,H1_tri0.1_N6_min200_inv,0.5xATRM15,130293,32.15,68282,32.68
pattern,H1_tri0.1_N6_min1000,0.5xATRM15,129466,33.63,68232,32.84
pattern,H1_tri0.1_N6_min1000_inv,0.5xATRM15,130148,32.93,68111,32.67
pattern,H1_tri0.1_N6_min200,1xATRM15,31383,44.07,16670,42.74
pattern,H1_tri0.1_N6_min200_inv,1xATRM15,31525,40.23,16643,41.63
pattern,H1_tri0.1_N6_min1000,1xATRM15,31348,42.81,16743,42.27
pattern,H1_tri0.1_N6_min1000_inv,1xATRM15,31382,41.28,16697,41.69
pattern,H1_tri0.1_N6_min200,2xATRM15,6788,48.5,3675,45.88
pattern,H1_tri0.1_N6_min200_inv,2xATRM15,6757,44.25,3663,47.04
pattern,H1_tri0.1_N6_min1000,2xATRM15,6738,47.51,3681,45.29
pattern,H1_tri0.1_N6_min1000_inv,2xATRM15,6758,45.96,3697,45.25
pattern,H1_tri0.1_N6_min200,3xATRM15,2703,50.06,1444,47.3
pattern,H1_tri0.1_N6_min200_inv,3xATRM15,2703,46.24,1485,48.01
pattern,H1_tri0.1_N6_min1000,3xATRM15,2722,48.57,1483,45.52
pattern,H1_tri0.1_N6_min1000_inv,3xATRM15,2769,46.7,1471,47.93
pattern,H1_tri0.1_N6_min200,0.5xATRH1,36067,44.16,18838,42.7
pattern,H1_tri0.1_N6_min200_inv,0.5xATRH1,36196,40.67,18937,42.17
pattern,H1_tri0.1_N6_min1000,0.5xATRH1,36208,43.14,18925,42.16
pattern,H1_tri0.1_N6_min1000_inv,0.5xATRH1,36163,41.84,18944,42.02
pattern,H1_tri0.1_N6_min200,1xATRH1,9151,48.58,4830,47.06
pattern,H1_tri0.1_N6_min200_inv,1xATRH1,9266,43.56,4897,45.44
pattern,H1_tri0.1_N6_min1000,1xATRH1,9232,47.39,4819,46.13
pattern,H1_tri0.1_N6_min1000_inv,1xATRH1,9263,44.8,4890,45.15
pattern,H1_tri0.1_N6_min200,2xATRH1,2181,50.85,1228,46.58
pattern,H1_tri0.1_N6_min200_inv,2xATRH1,2171,44.73,1193,48.45
pattern,H1_tri0.1_N6_min1000,2xATRH1,2179,48.88,1211,46.41
pattern,H1_tri0.1_N6_min1000_inv,2xATRH1,2148,46.42,1190,47.9
pattern,H1_tri0.1_N6_min200,3xATRH1,960,53.02,511,53.42
pattern,H1_tri0.1_N6_min200_inv,3xATRH1,963,44.03,564,47.16
pattern,H1_tri0.1_N6_min1000,3xATRH1,966,49.38,524,52.67
pattern,H1_tri0.1_N6_min1000_inv,3xATRH1,958,45.41,561,48.48
pattern,H1_tri0.1_N6_min200,0.5xATRD1,1687,52.7,849,49.12
pattern,H1_tri0.1_N6_min200_inv,0.5xATRD1,1717,45.6,862,48.14
pattern,H1_tri0.1_N6_min1000,0.5xATRD1,1708,50.7,846,46.45
pattern,H1_tri0.1_N6_min1000_inv,0.5xATRD1,1719,47.29,806,49.13
pattern,H1_tri0.1_N6_min200,1xATRD1,429,55.01,219,51.6
pattern,H1_tri0.1_N6_min200_inv,1xATRD1,438,44.06,220,42.27
pattern,H1_tri0.1_N6_min1000,1xATRD1,448,51.56,231,54.11
pattern,H1_tri0.1_N6_min1000_inv,1xATRD1,442,46.83,220,48.64
pattern,H1_tri0.1_N6_min200,2xATRD1,102,55.88,59,57.63
pattern,H1_tri0.1_N6_min200_inv,2xATRD1,112,43.75,62,38.71
pattern,H1_tri0.1_N6_min1000,2xATRD1,101,49.5,61,60.66
pattern,H1_tri0.1_N6_min1000_inv,2xATRD1,105,49.52,57,56.14
pattern,H1_tri0.1_N6_min200,3xATRD1,47,63.83,33,60.61
pattern,H1_tri0.1_N6_min200_inv,3xATRD1,49,61.22,27,59.26
pattern,H1_tri0.1_N6_min200,fix1,160104,36.21,95409,35.27
pattern,H1_tri0.1_N6_min200_inv,fix1,160839,34.69,95831,34.99
pattern,H1_tri0.1_N6_min1000,fix1,160482,35.71,95813,34.97
pattern,H1_tri0.1_N6_min1000_inv,fix1,160512,35.25,95904,34.92
pattern,H1_tri0.1_N6_min200,fix2,47526,44.42,28947,42.55
pattern,H1_tri0.1_N6_min200_inv,fix2,47877,40.88,29255,42.32
pattern,H1_tri0.1_N6_min1000,fix2,47654,43.29,29122,42.41
pattern,H1_tri0.1_N6_min1000_inv,fix2,47755,41.96,29269,42.14
pattern,H1_tri0.1_N6_min200,fix3,22335,47.33,13853,45.07
pattern,H1_tri0.1_N6_min200_inv,fix3,22465,42.91,13802,44.7
pattern,H1_tri0.1_N6_min1000,fix3,22358,45.93,13888,44.66
pattern,H1_tri0.1_N6_min1000_inv,fix3,22476,44.22,13822,44.31
pattern,H1_tri0.1_N6_min200,fix5,8462,49.91,5267,47.62
pattern,H1_tri0.1_N6_min200_inv,fix5,8427,44.54,5230,46.6
pattern,H1_tri0.1_N6_min1000,fix5,8429,48.21,5198,46.44
pattern,H1_tri0.1_N6_min1000_inv,fix5,8343,46.55,5199,46.09
pattern,H1_tri0.1_N6_min200,fix10,2238,50.71,1346,48.66
pattern,H1_tri0.1_N6_min200_inv,fix10,2265,47.02,1353,48.78
pattern,H1_tri0.1_N6_min1000,fix10,2256,49.16,1355,49.15
pattern,H1_tri0.1_N6_min1000_inv,fix10,2204,47.73,1346,51.19
pattern,H1_tri0.3_N1_min200,0.5xATRM15,129964,33.29,68399,32.51
pattern,H1_tri0.3_N1_min200_inv,0.5xATRM15,129810,33.14,68030,33.48
pattern,H1_tri0.3_N1_min1000,0.5xATRM15,129964,33.29,68399,32.51
pattern,H1_tri0.3_N1_min1000_inv,0.5xATRM15,129810,33.14,68030,33.48
pattern,H1_tri0.3_N1_min200,1xATRM15,31181,42.1,16790,41.38
pattern,H1_tri0.3_N1_min200_inv,1xATRM15,31418,42.23,16438,43.42
pattern,H1_tri0.3_N1_min1000,1xATRM15,31181,42.1,16790,41.38
pattern,H1_tri0.3_N1_min1000_inv,1xATRM15,31418,42.23,16438,43.42
pattern,H1_tri0.3_N1_min200,2xATRM15,6717,46.49,3671,44.48
pattern,H1_tri0.3_N1_min200_inv,2xATRM15,6754,46.71,3557,48.21
pattern,H1_tri0.3_N1_min1000,2xATRM15,6717,46.49,3671,44.48
pattern,H1_tri0.3_N1_min1000_inv,2xATRM15,6754,46.71,3557,48.21
pattern,H1_tri0.3_N1_min200,3xATRM15,2724,47.14,1512,48.28
pattern,H1_tri0.3_N1_min200_inv,3xATRM15,2664,48.5,1461,49.14
pattern,H1_tri0.3_N1_min1000,3xATRM15,2724,47.14,1512,48.28
pattern,H1_tri0.3_N1_min1000_inv,3xATRM15,2664,48.5,1461,49.14
pattern,H1_tri0.3_N1_min200,0.5xATRH1,36116,42.51,19043,41.47
pattern,H1_tri0.3_N1_min200_inv,0.5xATRH1,35991,42.46,18841,43.56
pattern,H1_tri0.3_N1_min1000,0.5xATRH1,36116,42.51,19043,41.47
pattern,H1_tri0.3_N1_min1000_inv,0.5xATRH1,35991,42.46,18841,43.56
pattern,H1_tri0.3_N1_min200,1xATRH1,9137,46.5,4835,46.64
pattern,H1_tri0.3_N1_min200_inv,1xATRH1,9235,45.7,4845,45.82
pattern,H1_tri0.3_N1_min1000,1xATRH1,9137,46.5,4835,46.64
pattern,H1_tri0.3_N1_min1000_inv,1xATRH1,9235,45.7,4845,45.82
pattern,H1_tri0.3_N1_min200,2xATRH1,2168,47.92,1236,45.47
pattern,H1_tri0.3_N1_min200_inv,2xATRH1,2278,48.16,1212,50.99
pattern,H1_tri0.3_N1_min1000,2xATRH1,2168,47.92,1236,45.47
pattern,H1_tri0.3_N1_min1000_inv,2xATRH1,2278,48.16,1212,50.99
pattern,H1_tri0.3_N1_min200,3xATRH1,968,48.14,551,51.0
pattern,H1_tri0.3_N1_min200_inv,3xATRH1,959,48.38,544,47.43
pattern,H1_tri0.3_N1_min1000,3xATRH1,968,48.14,551,51.0
pattern,H1_tri0.3_N1_min1000_inv,3xATRH1,959,48.38,544,47.43
pattern,H1_tri0.3_N1_min200,0.5xATRD1,1697,48.79,835,44.79
pattern,H1_tri0.3_N1_min200_inv,0.5xATRD1,1702,48.24,823,50.67
pattern,H1_tri0.3_N1_min1000,0.5xATRD1,1697,48.79,835,44.79
pattern,H1_tri0.3_N1_min1000_inv,0.5xATRD1,1702,48.24,823,50.67
pattern,H1_tri0.3_N1_min200,1xATRD1,445,50.79,227,55.51
pattern,H1_tri0.3_N1_min200_inv,1xATRD1,427,48.01,225,42.67
pattern,H1_tri0.3_N1_min1000,1xATRD1,445,50.79,227,55.51
pattern,H1_tri0.3_N1_min1000_inv,1xATRD1,427,48.01,225,42.67
pattern,H1_tri0.3_N1_min200,2xATRD1,101,51.49,61,60.66
pattern,H1_tri0.3_N1_min200_inv,2xATRD1,103,46.6,53,37.74
pattern,H1_tri0.3_N1_min1000,2xATRD1,101,51.49,61,60.66
pattern,H1_tri0.3_N1_min1000_inv,2xATRD1,103,46.6,53,37.74
pattern,H1_tri0.3_N1_min200,3xATRD1,50,54.0,26,69.23
pattern,H1_tri0.3_N1_min200_inv,3xATRD1,53,45.28,33,33.33
pattern,H1_tri0.3_N1_min1000,3xATRD1,50,54.0,26,69.23
pattern,H1_tri0.3_N1_min1000_inv,3xATRD1,53,45.28,33,33.33
pattern,H1_tri0.3_N1_min200,fix1,160581,35.5,95864,34.7
pattern,H1_tri0.3_N1_min200_inv,fix1,160307,35.36,95301,35.69
pattern,H1_tri0.3_N1_min1000,fix1,160581,35.5,95864,34.7
pattern,H1_tri0.3_N1_min1000_inv,fix1,160307,35.36,95301,35.69
pattern,H1_tri0.3_N1_min200,fix2,47749,42.6,29310,41.95
pattern,H1_tri0.3_N1_min200_inv,fix2,47581,42.74,28994,43.16
pattern,H1_tri0.3_N1_min1000,fix2,47749,42.6,29310,41.95
pattern,H1_tri0.3_N1_min1000_inv,fix2,47581,42.74,28994,43.16
pattern,H1_tri0.3_N1_min200,fix3,22329,45.07,13862,44.08
pattern,H1_tri0.3_N1_min200_inv,fix3,22283,45.25,13817,45.94
pattern,H1_tri0.3_N1_min1000,fix3,22329,45.07,13862,44.08
pattern,H1_tri0.3_N1_min1000_inv,fix3,22283,45.25,13817,45.94
pattern,H1_tri0.3_N1_min200,fix5,8403,47.16,5258,46.9
pattern,H1_tri0.3_N1_min200_inv,fix5,8464,46.47,5221,47.08
pattern,H1_tri0.3_N1_min1000,fix5,8403,47.16,5258,46.9
pattern,H1_tri0.3_N1_min1000_inv,fix5,8464,46.47,5221,47.08
pattern,H1_tri0.3_N1_min200,fix10,2211,50.38,1373,47.63
pattern,H1_tri0.3_N1_min200_inv,fix10,2252,48.31,1332,49.55
pattern,H1_tri0.3_N1_min1000,fix10,2211,50.38,1373,47.63
pattern,H1_tri0.3_N1_min1000_inv,fix10,2252,48.31,1332,49.55
pattern,H1_tri0.3_N2_min200,0.5xATRM15,130158,33.31,68241,32.66
pattern,H1_tri0.3_N2_min200_inv,0.5xATRM15,129796,33.09,68345,33.22
pattern,H1_tri0.3_N2_min1000,0.5xATRM15,130158,33.31,68241,32.66
pattern,H1_tri0.3_N2_min1000_inv,0.5xATRM15,129796,33.09,68345,33.22
pattern,H1_tri0.3_N2_min200,1xATRM15,31144,41.88,16830,41.34
pattern,H1_tri0.3_N2_min200_inv,1xATRM15,31477,42.22,16668,43.31
pattern,H1_tri0.3_N2_min1000,1xATRM15,31144,41.88,16830,41.34
pattern,H1_tri0.3_N2_min1000_inv,1xATRM15,31477,42.22,16668,43.31
pattern,H1_tri0.3_N2_min200,2xATRM15,6727,46.8,3682,46.03
pattern,H1_tri0.3_N2_min200_inv,2xATRM15,6691,45.96,3641,47.07
pattern,H1_tri0.3_N2_min1000,2xATRM15,6727,46.8,3682,46.03
pattern,H1_tri0.3_N2_min1000_inv,2xATRM15,6691,45.96,3641,47.07
pattern,H1_tri0.3_N2_min200,3xATRM15,2680,48.13,1420,49.15
pattern,H1_tri0.3_N2_min200_inv,3xATRM15,2728,47.87,1476,47.56
pattern,H1_tri0.3_N2_min1000,3xATRM15,2680,48.13,1420,49.15
pattern,H1_tri0.3_N2_min1000_inv,3xATRM15,2728,47.87,1476,47.56
pattern,H1_tri0.3_N2_min200,0.5xATRH1,36186,42.3,19060,41.63
pattern,H1_tri0.3_N2_min200_inv,0.5xATRH1,36006,42.56,18911,43.36
pattern,H1_tri0.3_N2_min1000,0.5xATRH1,36186,42.3,19060,41.63
pattern,H1_tri0.3_N2_min1000_inv,0.5xATRH1,36006,42.56,18911,43.36
pattern,H1_tri0.3_N2_min200,1xATRH1,9232,46.78,4921,46.41
pattern,H1_tri0.3_N2_min200_inv,1xATRH1,9221,45.26,4840,46.76
pattern,H1_tri0.3_N2_min1000,1xATRH1,9232,46.78,4921,46.41
pattern,H1_tri0.3_N2_min1000_inv,1xATRH1,9221,45.26,4840,46.76
pattern,H1_tri0.3_N2_min200,2xATRH1,2152,46.93,1240,45.08
pattern,H1_tri0.3_N2_min200_inv,2xATRH1,2263,47.33,1168,50.86
pattern,H1_tri0.3_N2_min1000,2xATRH1,2152,46.93,1240,45.08
pattern,H1_tri0.3_N2_min1000_inv,2xATRH1,2263,47.33,1168,50.86
pattern,H1_tri0.3_N2_min200,3xATRH1,964,48.76,539,49.35
pattern,H1_tri0.3_N2_min200_inv,3xATRH1,995,49.05,537,43.39
pattern,H1_tri0.3_N2_min1000,3xATRH1,964,48.76,539,49.35
pattern,H1_tri0.3_N2_min1000_inv,3xATRH1,995,49.05,537,43.39
pattern,H1_tri0.3_N2_min200,0.5xATRD1,1691,47.55,824,46.84
pattern,H1_tri0.3_N2_min200_inv,0.5xATRD1,1716,49.13,852,49.18
pattern,H1_tri0.3_N2_min1000,0.5xATRD1,1691,47.55,824,46.84
pattern,H1_tri0.3_N2_min1000_inv,0.5xATRD1,1716,49.13,852,49.18
pattern,H1_tri0.3_N2_min200,1xATRD1,450,49.11,234,56.84
pattern,H1_tri0.3_N2_min200_inv,1xATRD1,440,47.73,214,46.26
pattern,H1_tri0.3_N2_min1000,1xATRD1,450,49.11,234,56.84
pattern,H1_tri0.3_N2_min1000_inv,1xATRD1,440,47.73,214,46.26
pattern,H1_tri0.3_N2_min200,2xATRD1,101,51.49,61,60.66
pattern,H1_tri0.3_N2_min200_inv,2xATRD1,103,46.6,53,37.74
pattern,H1_tri0.3_N2_min1000,2xATRD1,101,51.49,61,60.66
pattern,H1_tri0.3_N2_min1000_inv,2xATRD1,103,46.6,53,37.74
pattern,H1_tri0.3_N2_min200,3xATRD1,50,54.0,26,69.23
pattern,H1_tri0.3_N2_min200_inv,3xATRD1,53,45.28,33,33.33
pattern,H1_tri0.3_N2_min1000,3xATRD1,50,54.0,26,69.23
pattern,H1_tri0.3_N2_min1000_inv,3xATRD1,53,45.28,33,33.33
pattern,H1_tri0.3_N2_min200,fix1,160581,35.5,95864,34.7
pattern,H1_tri0.3_N2_min200_inv,fix1,160307,35.36,95301,35.69
pattern,H1_tri0.3_N2_min1000,fix1,160581,35.5,95864,34.7
pattern,H1_tri0.3_N2_min1000_inv,fix1,160307,35.36,95301,35.69
pattern,H1_tri0.3_N2_min200,fix2,47780,42.66,29337,42.21
pattern,H1_tri0.3_N2_min200_inv,fix2,47608,42.53,28994,42.7
pattern,H1_tri0.3_N2_min1000,fix2,47780,42.66,29337,42.21
pattern,H1_tri0.3_N2_min1000_inv,fix2,47608,42.53,28994,42.7
pattern,H1_tri0.3_N2_min200,fix3,22400,45.45,13829,44.46
pattern,H1_tri0.3_N2_min200_inv,fix3,22214,44.87,13830,45.55
pattern,H1_tri0.3_N2_min1000,fix3,22400,45.45,13829,44.46
pattern,H1_tri0.3_N2_min1000_inv,fix3,22214,44.87,13830,45.55
pattern,H1_tri0.3_N2_min200,fix5,8377,47.39,5245,46.33
pattern,H1_tri0.3_N2_min200_inv,fix5,8524,46.8,5214,47.16
pattern,H1_tri0.3_N2_min1000,fix5,8377,47.39,5245,46.33
pattern,H1_tri0.3_N2_min1000_inv,fix5,8524,46.8,5214,47.16
pattern,H1_tri0.3_N2_min200,fix10,2174,49.45,1371,49.02
pattern,H1_tri0.3_N2_min200_inv,fix10,2230,48.48,1387,48.02
pattern,H1_tri0.3_N2_min1000,fix10,2174,49.45,1371,49.02
pattern,H1_tri0.3_N2_min1000_inv,fix10,2230,48.48,1387,48.02
pattern,H1_tri0.3_N3_min200,0.5xATRM15,129649,33.36,68410,32.69
pattern,H1_tri0.3_N3_min200_inv,0.5xATRM15,130189,32.94,68245,33.2
pattern,H1_tri0.3_N3_min1000,0.5xATRM15,129649,33.36,68410,32.69
pattern,H1_tri0.3_N3_min1000_inv,0.5xATRM15,130189,32.94,68245,33.2
pattern,H1_tri0.3_N3_min200,1xATRM15,31398,41.84,16626,41.44
pattern,H1_tri0.3_N3_min200_inv,1xATRM15,31257,42.44,16503,43.33
pattern,H1_tri0.3_N3_min1000,1xATRM15,31398,41.84,16626,41.44
pattern,H1_tri0.3_N3_min1000_inv,1xATRM15,31257,42.44,16503,43.33
pattern,H1_tri0.3_N3_min200,2xATRM15,6561,47.72,3662,46.75
pattern,H1_tri0.3_N3_min200_inv,2xATRM15,6741,46.14,3612,46.1
pattern,H1_tri0.3_N3_min1000,2xATRM15,6561,47.72,3662,46.75
pattern,H1_tri0.3_N3_min1000_inv,2xATRM15,6741,46.14,3612,46.1
pattern,H1_tri0.3_N3_min200,3xATRM15,2667,48.22,1496,48.4
pattern,H1_tri0.3_N3_min200_inv,3xATRM15,2830,47.07,1474,47.83
pattern,H1_tri0.3_N3_min1000,3xATRM15,2667,48.22,1496,48.4
pattern,H1_tri0.3_N3_min1000_inv,3xATRM15,2830,47.07,1474,47.83
pattern,H1_tri0.3_N3_min200,0.5xATRH1,36154,42.67,18823,42.62
pattern,H1_tri0.3_N3_min200_inv,0.5xATRH1,35986,42.18,18835,42.5
pattern,H1_tri0.3_N3_min1000,0.5xATRH1,36154,42.67,18823,42.62
pattern,H1_tri0.3_N3_min1000_inv,0.5xATRH1,35986,42.18,18835,42.5
pattern,H1_tri0.3_N3_min200,1xATRH1,9304,46.32,4804,46.98
pattern,H1_tri0.3_N3_min200_inv,1xATRH1,9186,46.42,4970,45.86
pattern,H1_tri0.3_N3_min1000,1xATRH1,9304,46.32,4804,46.98
pattern,H1_tri0.3_N3_min1000_inv,1xATRH1,9186,46.42,4970,45.86
pattern,H1_tri0.3_N3_min200,2xATRH1,2156,48.89,1207,47.72
pattern,H1_tri0.3_N3_min200_inv,2xATRH1,2206,47.64,1249,49.32
pattern,H1_tri0.3_N3_min1000,2xATRH1,2156,48.89,1207,47.72
pattern,H1_tri0.3_N3_min1000_inv,2xATRH1,2206,47.64,1249,49.32
pattern,H1_tri0.3_N3_min200,3xATRH1,959,51.82,535,53.08
pattern,H1_tri0.3_N3_min200_inv,3xATRH1,973,48.3,524,46.95
pattern,H1_tri0.3_N3_min1000,3xATRH1,959,51.82,535,53.08
pattern,H1_tri0.3_N3_min1000_inv,3xATRH1,973,48.3,524,46.95
pattern,H1_tri0.3_N3_min200,0.5xATRD1,1715,48.22,841,48.28
pattern,H1_tri0.3_N3_min200_inv,0.5xATRD1,1720,48.37,830,48.55
pattern,H1_tri0.3_N3_min1000,0.5xATRD1,1715,48.22,841,48.28
pattern,H1_tri0.3_N3_min1000_inv,0.5xATRD1,1720,48.37,830,48.55
pattern,H1_tri0.3_N3_min200,1xATRD1,452,51.77,229,51.53
pattern,H1_tri0.3_N3_min200_inv,1xATRD1,454,44.93,226,50.88
pattern,H1_tri0.3_N3_min1000,1xATRD1,452,51.77,229,51.53
pattern,H1_tri0.3_N3_min1000_inv,1xATRD1,454,44.93,226,50.88
pattern,H1_tri0.3_N3_min200,2xATRD1,105,51.43,61,63.93
pattern,H1_tri0.3_N3_min200_inv,2xATRD1,112,44.64,53,35.85
pattern,H1_tri0.3_N3_min1000,2xATRD1,105,51.43,61,63.93
pattern,H1_tri0.3_N3_min1000_inv,2xATRD1,112,44.64,53,35.85
pattern,H1_tri0.3_N3_min200,3xATRD1,49,55.1,26,57.69
pattern,H1_tri0.3_N3_min200_inv,3xATRD1,49,42.86,29,34.48
pattern,H1_tri0.3_N3_min1000,3xATRD1,49,55.1,26,57.69
pattern,H1_tri0.3_N3_min1000_inv,3xATRD1,49,42.86,29,34.48
pattern,H1_tri0.3_N3_min200,fix1,160482,35.67,95726,35.19
pattern,H1_tri0.3_N3_min200_inv,fix1,160473,35.19,95426,35.19
pattern,H1_tri0.3_N3_min1000,fix1,160482,35.67,95726,35.19
pattern,H1_tri0.3_N3_min1000_inv,fix1,160473,35.19,95426,35.19
pattern,H1_tri0.3_N3_min200,fix2,47684,43.0,29173,42.78
pattern,H1_tri0.3_N3_min200_inv,fix2,47718,42.24,29168,42.42
pattern,H1_tri0.3_N3_min1000,fix2,47684,43.0,29173,42.78
pattern,H1_tri0.3_N3_min1000_inv,fix2,47718,42.24,29168,42.42
pattern,H1_tri0.3_N3_min200,fix3,22408,45.12,13812,45.05
pattern,H1_tri0.3_N3_min200_inv,fix3,22284,45.03,13833,44.91
pattern,H1_tri0.3_N3_min1000,fix3,22408,45.12,13812,45.05
pattern,H1_tri0.3_N3_min1000_inv,fix3,22284,45.03,13833,44.91
pattern,H1_tri0.3_N3_min200,fix5,8427,47.66,5223,47.64
pattern,H1_tri0.3_N3_min200_inv,fix5,8474,46.54,5290,46.29
pattern,H1_tri0.3_N3_min1000,fix5,8427,47.66,5223,47.64
pattern,H1_tri0.3_N3_min1000_inv,fix5,8474,46.54,5290,46.29
pattern,H1_tri0.3_N3_min200,fix10,2203,49.48,1372,50.44
pattern,H1_tri0.3_N3_min200_inv,fix10,2223,47.46,1331,47.56
pattern,H1_tri0.3_N3_min1000,fix10,2203,49.48,1372,50.44
pattern,H1_tri0.3_N3_min1000_inv,fix10,2223,47.46,1331,47.56
pattern,H1_tri0.3_N4_min200,0.5xATRM15,129581,33.63,68273,32.96
pattern,H1_tri0.3_N4_min200_inv,0.5xATRM15,130212,32.79,68151,32.99
pattern,H1_tri0.3_N4_min1000,0.5xATRM15,129581,33.63,68273,32.96
pattern,H1_tri0.3_N4_min1000_inv,0.5xATRM15,130212,32.79,68151,32.99
pattern,H1_tri0.3_N4_min200,1xATRM15,31415,42.81,16461,41.8
pattern,H1_tri0.3_N4_min200_inv,1xATRM15,31422,41.31,16532,42.75
pattern,H1_tri0.3_N4_min1000,1xATRM15,31415,42.81,16461,41.8
pattern,H1_tri0.3_N4_min1000_inv,1xATRM15,31422,41.31,16532,42.75
pattern,H1_tri0.3_N4_min200,2xATRM15,6674,48.07,3590,46.69
pattern,H1_tri0.3_N4_min200_inv,2xATRM15,6747,45.34,3590,44.85
pattern,H1_tri0.3_N4_min1000,2xATRM15,6674,48.07,3590,46.69
pattern,H1_tri0.3_N4_min1000_inv,2xATRM15,6747,45.34,3590,44.85
pattern,H1_tri0.3_N4_min200,3xATRM15,2767,47.78,1455,49.48
pattern,H1_tri0.3_N4_min200_inv,3xATRM15,2794,47.39,1530,45.49
pattern,H1_tri0.3_N4_min1000,3xATRM15,2767,47.78,1455,49.48
pattern,H1_tri0.3_N4_min1000_inv,3xATRM15,2794,47.39,1530,45.49
pattern,H1_tri0.3_N4_min200,0.5xATRH1,36186,43.34,18972,42.03
pattern,H1_tri0.3_N4_min200_inv,0.5xATRH1,35962,41.53,18918,42.82
pattern,H1_tri0.3_N4_min1000,0.5xATRH1,36186,43.34,18972,42.03
pattern,H1_tri0.3_N4_min1000_inv,0.5xATRH1,35962,41.53,18918,42.82
pattern,H1_tri0.3_N4_min200,1xATRH1,9170,46.86,4835,47.38
pattern,H1_tri0.3_N4_min200_inv,1xATRH1,9160,45.5,4893,46.25
pattern,H1_tri0.3_N4_min1000,1xATRH1,9170,46.86,4835,47.38
pattern,H1_tri0.3_N4_min1000_inv,1xATRH1,9160,45.5,4893,46.25
pattern,H1_tri0.3_N4_min200,2xATRH1,2173,49.38,1205,47.55
pattern,H1_tri0.3_N4_min200_inv,2xATRH1,2243,45.88,1208,49.92
pattern,H1_tri0.3_N4_min1000,2xATRH1,2173,49.38,1205,47.55
pattern,H1_tri0.3_N4_min1000_inv,2xATRH1,2243,45.88,1208,49.92
pattern,H1_tri0.3_N4_min200,3xATRH1,945,52.91,525,51.05
pattern,H1_tri0.3_N4_min200_inv,3xATRH1,963,45.38,539,50.46
pattern,H1_tri0.3_N4_min1000,3xATRH1,945,52.91,525,51.05
pattern,H1_tri0.3_N4_min1000_inv,3xATRH1,963,45.38,539,50.46
pattern,H1_tri0.3_N4_min200,0.5xATRD1,1740,52.76,848,48.11
pattern,H1_tri0.3_N4_min200_inv,0.5xATRD1,1749,46.37,857,47.72
pattern,H1_tri0.3_N4_min1000,0.5xATRD1,1740,52.76,848,48.11
pattern,H1_tri0.3_N4_min1000_inv,0.5xATRD1,1749,46.37,857,47.72
pattern,H1_tri0.3_N4_min200,1xATRD1,438,51.14,221,49.32
pattern,H1_tri0.3_N4_min200_inv,1xATRD1,450,43.33,229,49.78
pattern,H1_tri0.3_N4_min1000,1xATRD1,438,51.14,221,49.32
pattern,H1_tri0.3_N4_min1000_inv,1xATRD1,450,43.33,229,49.78
pattern,H1_tri0.3_N4_min200,2xATRD1,103,53.4,63,53.97
pattern,H1_tri0.3_N4_min200_inv,2xATRD1,110,44.55,70,41.43
pattern,H1_tri0.3_N4_min1000,2xATRD1,103,53.4,63,53.97
pattern,H1_tri0.3_N4_min1000_inv,2xATRD1,110,44.55,70,41.43
pattern,H1_tri0.3_N4_min200,3xATRD1,49,48.98,26,65.38
pattern,H1_tri0.3_N4_min200_inv,3xATRD1,51,43.14,33,39.39
pattern,H1_tri0.3_N4_min1000,3xATRD1,50,50.0,26,61.54
pattern,H1_tri0.3_N4_min1000_inv,3xATRD1,46,56.52,27,59.26
pattern,H1_tri0.3_N4_min200,fix1,160297,35.82,95564,35.39
pattern,H1_tri0.3_N4_min200_inv,fix1,160642,35.04,95576,34.98
pattern,H1_tri0.3_N4_min1000,fix1,160297,35.82,95564,35.39
pattern,H1_tri0.3_N4_min1000_inv,fix1,160642,35.04,95576,34.98
pattern,H1_tri0.3_N4_min200,fix2,47857,43.56,29144,42.56
pattern,H1_tri0.3_N4_min200_inv,fix2,47668,41.6,29084,42.66
pattern,H1_tri0.3_N4_min1000,fix2,47857,43.56,29144,42.56
pattern,H1_tri0.3_N4_min1000_inv,fix2,47668,41.6,29084,42.66
pattern,H1_tri0.3_N4_min200,fix3,22408,46.01,13813,45.39
pattern,H1_tri0.3_N4_min200_inv,fix3,22374,44.36,13862,44.84
pattern,H1_tri0.3_N4_min1000,fix3,22408,46.01,13813,45.39
pattern,H1_tri0.3_N4_min1000_inv,fix3,22374,44.36,13862,44.84
pattern,H1_tri0.3_N4_min200,fix5,8472,47.64,5226,47.8
pattern,H1_tri0.3_N4_min200_inv,fix5,8443,46.48,5222,46.57
pattern,H1_tri0.3_N4_min1000,fix5,8472,47.64,5226,47.8
pattern,H1_tri0.3_N4_min1000_inv,fix5,8443,46.48,5222,46.57
pattern,H1_tri0.3_N4_min200,fix10,2174,48.62,1341,48.1
pattern,H1_tri0.3_N4_min200_inv,fix10,2231,46.44,1359,49.15
pattern,H1_tri0.3_N4_min1000,fix10,2174,48.62,1341,48.1
pattern,H1_tri0.3_N4_min1000_inv,fix10,2231,46.44,1359,49.15
pattern,H1_tri0.3_N5_min200,0.5xATRM15,129744,34.13,68258,33.22
pattern,H1_tri0.3_N5_min200_inv,0.5xATRM15,129874,32.33,68097,32.86
pattern,H1_tri0.3_N5_min1000,0.5xATRM15,129979,33.55,68367,32.8
pattern,H1_tri0.3_N5_min1000_inv,0.5xATRM15,130030,32.96,68329,32.86
pattern,H1_tri0.3_N5_min200,1xATRM15,31115,43.81,16565,41.69
pattern,H1_tri0.3_N5_min200_inv,1xATRM15,31446,40.35,16609,42.83
pattern,H1_tri0.3_N5_min1000,1xATRM15,31142,42.6,16775,41.62
pattern,H1_tri0.3_N5_min1000_inv,1xATRM15,31320,41.71,16772,42.37
pattern,H1_tri0.3_N5_min200,2xATRM15,6741,49.0,3625,47.26
pattern,H1_tri0.3_N5_min200_inv,2xATRM15,6743,43.84,3601,47.01
pattern,H1_tri0.3_N5_min1000,2xATRM15,6675,47.22,3667,46.06
pattern,H1_tri0.3_N5_min1000_inv,2xATRM15,6684,46.08,3654,45.27
pattern,H1_tri0.3_N5_min200,3xATRM15,2751,51.07,1485,50.1
pattern,H1_tri0.3_N5_min200_inv,3xATRM15,2720,45.51,1472,46.88
pattern,H1_tri0.3_N5_min1000,3xATRM15,2673,47.59,1450,48.0
pattern,H1_tri0.3_N5_min1000_inv,3xATRM15,2723,46.71,1501,45.37
pattern,H1_tri0.3_N5_min200,0.5xATRH1,36080,43.95,18944,42.13
pattern,H1_tri0.3_N5_min200_inv,0.5xATRH1,35975,41.1,18966,42.68
pattern,H1_tri0.3_N5_min1000,0.5xATRH1,36102,42.79,18894,42.07
pattern,H1_tri0.3_N5_min1000_inv,0.5xATRH1,36073,42.21,19044,42.35
pattern,H1_tri0.3_N5_min200,1xATRH1,9195,48.66,4900,47.06
pattern,H1_tri0.3_N5_min200_inv,1xATRH1,9123,43.94,4855,45.56
pattern,H1_tri0.3_N5_min1000,1xATRH1,9140,46.68,4873,45.66
pattern,H1_tri0.3_N5_min1000_inv,1xATRH1,9130,45.89,4892,44.46
pattern,H1_tri0.3_N5_min200,2xATRH1,2178,50.23,1196,49.25
pattern,H1_tri0.3_N5_min200_inv,2xATRH1,2240,44.15,1204,48.26
pattern,H1_tri0.3_N5_min1000,2xATRH1,2184,48.4,1235,46.07
pattern,H1_tri0.3_N5_min1000_inv,2xATRH1,2227,46.65,1225,46.69
pattern,H1_tri0.3_N5_min200,3xATRH1,969,52.73,525,49.71
pattern,H1_tri0.3_N5_min200_inv,3xATRH1,972,45.58,558,47.13
pattern,H1_tri0.3_N5_min1000,3xATRH1,967,48.91,569,52.55
pattern,H1_tri0.3_N5_min1000_inv,3xATRH1,965,49.84,555,52.07
pattern,H1_tri0.3_N5_min200,0.5xATRD1,1688,51.9,875,47.66
pattern,H1_tri0.3_N5_min200_inv,0.5xATRD1,1710,45.73,860,47.56
pattern,H1_tri0.3_N5_min1000,0.5xATRD1,1703,48.33,855,46.55
pattern,H1_tri0.3_N5_min1000_inv,0.5xATRD1,1686,47.45,853,47.83
pattern,H1_tri0.3_N5_min200,1xATRD1,443,52.6,214,58.88
pattern,H1_tri0.3_N5_min200_inv,1xATRD1,443,41.99,223,46.19
pattern,H1_tri0.3_N5_min1000,1xATRD1,441,49.43,218,55.5
pattern,H1_tri0.3_N5_min1000_inv,1xATRD1,437,50.11,230,51.3
pattern,H1_tri0.3_N5_min200,2xATRD1,113,54.87,54,55.56
pattern,H1_tri0.3_N5_min200_inv,2xATRD1,102,46.08,65,44.62
pattern,H1_tri0.3_N5_min1000,2xATRD1,101,50.5,61,60.66
pattern,H1_tri0.3_N5_min1000_inv,2xATRD1,97,52.58,67,59.7
pattern,H1_tri0.3_N5_min200,3xATRD1,49,61.22,32,46.88
pattern,H1_tri0.3_N5_min200_inv,3xATRD1,52,32.69,25,40.0
pattern,H1_tri0.3_N5_min1000,3xATRD1,50,56.0,26,69.23
pattern,H1_tri0.3_N5_min1000_inv,3xATRD1,49,51.02,26,65.38
pattern,H1_tri0.3_N5_min200,fix1,160176,36.29,95682,35.03
pattern,H1_tri0.3_N5_min200_inv,fix1,160708,34.57,95382,35.37
pattern,H1_tri0.3_N5_min1000,fix1,160668,35.73,95752,34.93
pattern,H1_tri0.3_N5_min1000_inv,fix1,160651,35.32,95688,34.97
pattern,H1_tri0.3_N5_min200,fix2,47696,43.86,29191,42.13
pattern,H1_tri0.3_N5_min200_inv,fix2,47624,41.25,29018,42.99
pattern,H1_tri0.3_N5_min1000,fix2,47851,42.99,29380,42.17
pattern,H1_tri0.3_N5_min1000_inv,fix2,47674,42.27,29120,42.65
pattern,H1_tri0.3_N5_min200,fix3,22334,46.77,13828,45.26
pattern,H1_tri0.3_N5_min200_inv,fix3,22454,43.22,13853,44.87
pattern,H1_tri0.3_N5_min1000,fix3,22363,45.34,13807,44.62
pattern,H1_tri0.3_N5_min1000_inv,fix3,22392,44.54,13892,44.57
pattern,H1_tri0.3_N5_min200,fix5,8439,49.34,5246,47.54
pattern,H1_tri0.3_N5_min200_inv,fix5,8483,44.64,5234,46.33
pattern,H1_tri0.3_N5_min1000,fix5,8375,47.53,5219,46.81
pattern,H1_tri0.3_N5_min1000_inv,fix5,8518,46.5,5195,45.37
pattern,H1_tri0.3_N5_min200,fix10,2200,51.18,1344,49.78
pattern,H1_tri0.3_N5_min200_inv,fix10,2266,44.84,1352,47.93
pattern,H1_tri0.3_N5_min1000,fix10,2231,48.32,1371,50.69
pattern,H1_tri0.3_N5_min1000_inv,fix10,2223,50.16,1357,51.29
pattern,H1_tri0.3_N6_min200,0.5xATRM15,129297,34.35,68399,32.82
pattern,H1_tri0.3_N6_min200_inv,0.5xATRM15,130485,32.26,68101,33.01
pattern,H1_tri0.3_N6_min1000,0.5xATRM15,129836,33.41,68500,32.58
pattern,H1_tri0.3_N6_min1000_inv,0.5xATRM15,129998,33.26,68261,32.6
pattern,H1_tri0.3_N6_min200,1xATRM15,31156,44.05,16657,42.23
pattern,H1_tri0.3_N6_min200_inv,1xATRM15,31543,40.27,16764,42.09
pattern,H1_tri0.3_N6_min1000,1xATRM15,31072,42.32,16758,41.65
pattern,H1_tri0.3_N6_min1000_inv,1xATRM15,31107,42.32,16748,41.44
pattern,H1_tri0.3_N6_min200,2xATRM15,6668,48.94,3666,45.42
pattern,H1_tri0.3_N6_min200_inv,2xATRM15,6716,44.37,3676,44.89
pattern,H1_tri0.3_N6_min1000,2xATRM15,6671,46.89,3654,44.8
pattern,H1_tri0.3_N6_min1000_inv,2xATRM15,6705,46.32,3672,44.66
pattern,H1_tri0.3_N6_min200,3xATRM15,2694,50.3,1434,48.68
pattern,H1_tri0.3_N6_min200_inv,3xATRM15,2711,44.56,1521,44.44
pattern,H1_tri0.3_N6_min1000,3xATRM15,2750,47.56,1491,45.54
pattern,H1_tri0.3_N6_min1000_inv,3xATRM15,2713,47.88,1483,44.71
pattern,H1_tri0.3_N6_min200,0.5xATRH1,36029,43.99,18967,42.43
pattern,H1_tri0.3_N6_min200_inv,0.5xATRH1,35998,41.07,18956,42.13
pattern,H1_tri0.3_N6_min1000,0.5xATRH1,36082,42.76,18992,41.73
pattern,H1_tri0.3_N6_min1000_inv,0.5xATRH1,36137,42.41,19033,41.77
pattern,H1_tri0.3_N6_min200,1xATRH1,9140,48.61,4884,46.03
pattern,H1_tri0.3_N6_min200_inv,1xATRH1,9199,44.4,4898,45.3
pattern,H1_tri0.3_N6_min1000,1xATRH1,9161,46.46,4843,44.91
pattern,H1_tri0.3_N6_min1000_inv,1xATRH1,9091,45.95,4865,44.93
pattern,H1_tri0.3_N6_min200,2xATRH1,2194,49.86,1238,47.82
pattern,H1_tri0.3_N6_min200_inv,2xATRH1,2197,45.38,1204,46.01
pattern,H1_tri0.3_N6_min1000,2xATRH1,2173,48.09,1231,45.33
pattern,H1_tri0.3_N6_min1000_inv,2xATRH1,2168,47.79,1229,46.38
pattern,H1_tri0.3_N6_min200,3xATRH1,974,51.33,551,49.18
pattern,H1_tri0.3_N6_min200_inv,3xATRH1,1015,45.71,543,49.36
pattern,H1_tri0.3_N6_min1000,3xATRH1,980,48.98,556,51.62
pattern,H1_tri0.3_N6_min1000_inv,3xATRH1,981,48.62,547,53.02
pattern,H1_tri0.3_N6_min200,0.5xATRD1,1689,52.93,847,48.41
pattern,H1_tri0.3_N6_min200_inv,0.5xATRD1,1710,44.27,844,49.17
pattern,H1_tri0.3_N6_min1000,0.5xATRD1,1705,48.09,843,45.91
pattern,H1_tri0.3_N6_min1000_inv,0.5xATRD1,1691,48.61,823,46.29
pattern,H1_tri0.3_N6_min200,1xATRD1,447,55.26,224,54.02
pattern,H1_tri0.3_N6_min200_inv,1xATRD1,431,47.1,218,53.21
pattern,H1_tri0.3_N6_min1000,1xATRD1,444,51.35,218,55.96
pattern,H1_tri0.3_N6_min1000_inv,1xATRD1,446,51.35,227,55.07
pattern,H1_tri0.3_N6_min200,2xATRD1,101,50.5,63,52.38
pattern,H1_tri0.3_N6_min200_inv,2xATRD1,97,53.61,58,58.62
pattern,H1_tri0.3_N6_min1000,2xATRD1,101,52.48,67,59.7
pattern,H1_tri0.3_N6_min1000_inv,2xATRD1,101,49.5,61,63.93
pattern,H1_tri0.3_N6_min200,3xATRD1,49,53.06,26,61.54
pattern,H1_tri0.3_N6_min200_inv,3xATRD1,50,42.0,26,57.69
pattern,H1_tri0.3_N6_min1000,3xATRD1,50,54.0,26,69.23
pattern,H1_tri0.3_N6_min1000_inv,3xATRD1,50,54.0,26,69.23
pattern,H1_tri0.3_N6_min200,fix1,160144,36.5,95650,35.01
pattern,H1_tri0.3_N6_min200_inv,fix1,160860,34.56,95526,35.17
pattern,H1_tri0.3_N6_min1000,fix1,160498,35.6,95799,34.78
pattern,H1_tri0.3_N6_min1000_inv,fix1,160587,35.48,95812,34.73
pattern,H1_tri0.3_N6_min200,fix2,47739,44.26,29133,42.58
pattern,H1_tri0.3_N6_min200_inv,fix2,47781,41.1,29156,42.45
pattern,H1_tri0.3_N6_min1000,fix2,47747,42.78,29308,42.1
pattern,H1_tri0.3_N6_min1000_inv,fix2,47736,42.63,29297,41.98
pattern,H1_tri0.3_N6_min200,fix3,22304,47.02,13796,44.72
pattern,H1_tri0.3_N6_min200_inv,fix3,22373,43.79,13844,44.86
pattern,H1_tri0.3_N6_min1000,fix3,22304,45.12,13835,44.25
pattern,H1_tri0.3_N6_min1000_inv,fix3,22273,45.12,13856,44.26
pattern,H1_tri0.3_N6_min200,fix5,8391,49.46,5223,47.41
pattern,H1_tri0.3_N6_min200_inv,fix5,8461,45.67,5234,45.36
pattern,H1_tri0.3_N6_min1000,fix5,8385,47.22,5217,45.95
pattern,H1_tri0.3_N6_min1000_inv,fix5,8395,46.71,5195,45.52
pattern,H1_tri0.3_N6_min200,fix10,2264,51.63,1345,49.07
pattern,H1_tri0.3_N6_min200_inv,fix10,2224,47.57,1357,50.04
pattern,H1_tri0.3_N6_min1000,fix10,2238,48.48,1370,50.88
pattern,H1_tri0.3_N6_min1000_inv,fix10,2253,48.82,1376,50.58
