ALWAYS_LONG|1h|tp1	{'IS': {'n': 5151, 'totR': np.float64(-400.9), 'R_trade': np.float64(-0.078), 'wr': np.float64(46.1), 'PF': np.float64(0.86), 'green_days': np.float64(43.7), 'R_day': np.float64(-0.489), 'maxDD': np.float64(-419.9), 'green_months': np.float64(22.2)}, 'VAL': {'n': 2712, 'totR': np.float64(-66.3), 'R_trade': np.float64(-0.024), 'wr': np.float64(48.7), 'PF': np.float64(0.95), 'green_days': np.float64(46.7), 'R_day': np.float64(-0.16), 'maxDD': np.float64(-115.2), 'green_months': np.float64(38.9)}, 'HOLDOUT': {'n': 2668, 'totR': np.float64(25.7), 'R_trade': np.float64(0.01), 'wr': np.float64(50.5), 'PF': np.float64(1.02), 'green_days': np.float64(51.4), 'R_day': np.float64(0.059), 'maxDD': np.float64(-63.4), 'green_months': np.float64(52.6)}}
ALWAYS_SHORT|1h|tp1	{'IS': {'n': 5216, 'totR': np.float64(-315.9), 'R_trade': np.float64(-0.061), 'wr': np.float64(47.0), 'PF': np.float64(0.89), 'green_days': np.float64(44.3), 'R_day': np.float64(-0.385), 'maxDD': np.float64(-328.9), 'green_months': np.float64(33.3)}, 'VAL': {'n': 2673, 'totR': np.float64(-271.2), 'R_trade': np.float64(-0.101), 'wr': np.float64(44.9), 'PF': np.float64(0.82), 'green_days': np.float64(40.1), 'R_day': np.float64(-0.652), 'maxDD': np.float64(-274.2), 'green_months': np.float64(11.1)}, 'HOLDOUT': {'n': 2653, 'totR': np.float64(-152.7), 'R_trade': np.float64(-0.058), 'wr': np.float64(47.1), 'PF': np.float64(0.89), 'green_days': np.float64(44.8), 'R_day': np.float64(-0.354), 'maxDD': np.float64(-201.1), 'green_months': np.float64(31.6)}}
lgb_reg|1h|tp1|both|th=0.0	{'IS': {'n': 3579, 'totR': np.float64(-241.0), 'R_trade': np.float64(-0.067), 'wr': np.float64(46.6), 'PF': np.float64(0.87), 'green_days': np.float64(45.6), 'R_day': np.float64(-0.297), 'maxDD': np.float64(-245.0), 'green_months': np.float64(27.8)}, 'VAL': {'n': 1678, 'totR': np.float64(-100.3), 'R_trade': np.float64(-0.06), 'wr': np.float64(47.0), 'PF': np.float64(0.89), 'green_days': np.float64(44.1), 'R_day': np.float64(-0.247), 'maxDD': np.float64(-126.3), 'green_months': np.float64(27.8)}, 'HOLDOUT': {'n': 1801, 'totR': np.float64(20.8), 'R_trade': np.float64(0.012), 'wr': np.float64(50.6), 'PF': np.float64(1.02), 'green_days': np.float64(50.4), 'R_day': np.float64(0.049), 'maxDD': np.float64(-45.0), 'green_months': np.float64(57.9)}}
lgb_reg|1h|tp1|both|th=0.05	{'IS': {'n': 2727, 'totR': np.float64(-189.3), 'R_trade': np.float64(-0.069), 'wr': np.float64(46.5), 'PF': np.float64(0.87), 'green_days': np.float64(45.1), 'R_day': np.float64(-0.24), 'maxDD': np.float64(-202.2), 'green_months': np.float64(25.0)}, 'VAL': {'n': 1245, 'totR': np.float64(-45.3), 'R_trade': np.float64(-0.036), 'wr': np.float64(48.1), 'PF': np.float64(0.93), 'green_days': np.float64(47.3), 'R_day': np.float64(-0.116), 'maxDD': np.float64(-63.3), 'green_months': np.float64(44.4)}, 'HOLDOUT': {'n': 1288, 'totR': np.float64(1.8), 'R_trade': np.float64(0.001), 'wr': np.float64(50.1), 'PF': np.float64(1.0), 'green_days': np.float64(50.5), 'R_day': np.float64(0.005), 'maxDD': np.float64(-36.0), 'green_months': np.float64(52.6)}}
lgb_reg|1h|tp1|both|th=0.1	{'IS': {'n': 1969, 'totR': np.float64(-165.1), 'R_trade': np.float64(-0.084), 'wr': np.float64(45.8), 'PF': np.float64(0.85), 'green_days': np.float64(45.1), 'R_day': np.float64(-0.229), 'maxDD': np.float64(-169.9), 'green_months': np.float64(25.0)}, 'VAL': {'n': 807, 'totR': np.float64(-24.6), 'R_trade': np.float64(-0.031), 'wr': np.float64(48.5), 'PF': np.float64(0.94), 'green_days': np.float64(47.9), 'R_day': np.float64(-0.076), 'maxDD': np.float64(-41.6), 'green_months': np.float64(44.4)}, 'HOLDOUT': {'n': 863, 'totR': np.float64(24.8), 'R_trade': np.float64(0.029), 'wr': np.float64(51.4), 'PF': np.float64(1.06), 'green_days': np.float64(49.7), 'R_day': np.float64(0.078), 'maxDD': np.float64(-16.0), 'green_months': np.float64(42.1)}}
lgb_reg|1h|tp1|both|th=0.2	{'IS': {'n': 849, 'totR': np.float64(-48.5), 'R_trade': np.float64(-0.057), 'wr': np.float64(47.1), 'PF': np.float64(0.89), 'green_days': np.float64(46.7), 'R_day': np.float64(-0.107), 'maxDD': np.float64(-72.3), 'green_months': np.float64(38.9)}, 'VAL': {'n': 294, 'totR': np.float64(-14.0), 'R_trade': np.float64(-0.048), 'wr': np.float64(47.6), 'PF': np.float64(0.91), 'green_days': np.float64(43.1), 'R_day': np.float64(-0.087), 'maxDD': np.float64(-21.0), 'green_months': np.float64(44.4)}, 'HOLDOUT': {'n': 319, 'totR': np.float64(41.7), 'R_trade': np.float64(0.131), 'wr': np.float64(56.4), 'PF': np.float64(1.3), 'green_days': np.float64(56.2), 'R_day': np.float64(0.257), 'maxDD': np.float64(-12.0), 'green_months': np.float64(63.2)}}
lgb_reg|1h|tp1|both|th=0.3	{'IS': {'n': 269, 'totR': np.float64(-16.8), 'R_trade': np.float64(-0.062), 'wr': np.float64(46.8), 'PF': np.float64(0.88), 'green_days': np.float64(46.1), 'R_day': np.float64(-0.093), 'maxDD': np.float64(-27.6), 'green_months': np.float64(38.9)}, 'VAL': {'n': 69, 'totR': np.float64(1.0), 'R_trade': np.float64(0.014), 'wr': np.float64(50.7), 'PF': np.float64(1.03), 'green_days': np.float64(53.2), 'R_day': np.float64(0.021), 'maxDD': np.float64(-10.0), 'green_months': np.float64(60.0)}, 'HOLDOUT': {'n': 95, 'totR': np.float64(11.9), 'R_trade': np.float64(0.125), 'wr': np.float64(55.8), 'PF': np.float64(1.29), 'green_days': np.float64(53.2), 'R_day': np.float64(0.192), 'maxDD': np.float64(-6.0), 'green_months': np.float64(62.5)}}
lgb_reg|1h|tp1|long|th=0.0	{'IS': {'n': 1869, 'totR': np.float64(-120.1), 'R_trade': np.float64(-0.064), 'wr': np.float64(46.8), 'PF': np.float64(0.88), 'green_days': np.float64(48.3), 'R_day': np.float64(-0.182), 'maxDD': np.float64(-132.1), 'green_months': np.float64(33.3)}, 'VAL': {'n': 841, 'totR': np.float64(6.7), 'R_trade': np.float64(0.008), 'wr': np.float64(50.3), 'PF': np.float64(1.02), 'green_days': np.float64(56.1), 'R_day': np.float64(0.021), 'maxDD': np.float64(-21.1), 'green_months': np.float64(44.4)}, 'HOLDOUT': {'n': 1024, 'totR': np.float64(55.0), 'R_trade': np.float64(0.054), 'wr': np.float64(52.7), 'PF': np.float64(1.11), 'green_days': np.float64(55.7), 'R_day': np.float64(0.164), 'maxDD': np.float64(-27.0), 'green_months': np.float64(57.9)}}
lgb_reg|1h|tp1|long|th=0.05	{'IS': {'n': 1396, 'totR': np.float64(-96.1), 'R_trade': np.float64(-0.069), 'wr': np.float64(46.5), 'PF': np.float64(0.87), 'green_days': np.float64(48.8), 'R_day': np.float64(-0.17), 'maxDD': np.float64(-114.0), 'green_months': np.float64(33.3)}, 'VAL': {'n': 589, 'totR': np.float64(10.7), 'R_trade': np.float64(0.018), 'wr': np.float64(50.8), 'PF': np.float64(1.04), 'green_days': np.float64(54.4), 'R_day': np.float64(0.041), 'maxDD': np.float64(-17.1), 'green_months': np.float64(38.9)}, 'HOLDOUT': {'n': 734, 'totR': np.float64(47.0), 'R_trade': np.float64(0.064), 'wr': np.float64(53.3), 'PF': np.float64(1.14), 'green_days': np.float64(58.7), 'R_day': np.float64(0.167), 'maxDD': np.float64(-22.0), 'green_months': np.float64(63.2)}}
lgb_reg|1h|tp1|long|th=0.1	{'IS': {'n': 971, 'totR': np.float64(-84.1), 'R_trade': np.float64(-0.087), 'wr': np.float64(45.6), 'PF': np.float64(0.84), 'green_days': np.float64(48.4), 'R_day': np.float64(-0.184), 'maxDD': np.float64(-94.9), 'green_months': np.float64(27.8)}, 'VAL': {'n': 378, 'totR': np.float64(6.4), 'R_trade': np.float64(0.017), 'wr': np.float64(50.8), 'PF': np.float64(1.03), 'green_days': np.float64(54.4), 'R_day': np.float64(0.033), 'maxDD': np.float64(-14.6), 'green_months': np.float64(50.0)}, 'HOLDOUT': {'n': 490, 'totR': np.float64(39.0), 'R_trade': np.float64(0.08), 'wr': np.float64(54.1), 'PF': np.float64(1.17), 'green_days': np.float64(55.6), 'R_day': np.float64(0.189), 'maxDD': np.float64(-14.0), 'green_months': np.float64(47.4)}}
lgb_reg|1h|tp1|long|th=0.2	{'IS': {'n': 412, 'totR': np.float64(-15.5), 'R_trade': np.float64(-0.038), 'wr': np.float64(48.1), 'PF': np.float64(0.93), 'green_days': np.float64(46.7), 'R_day': np.float64(-0.065), 'maxDD': np.float64(-31.3), 'green_months': np.float64(51.4)}, 'VAL': {'n': 132, 'totR': np.float64(2.0), 'R_trade': np.float64(0.015), 'wr': np.float64(50.8), 'PF': np.float64(1.03), 'green_days': np.float64(50.0), 'R_day': np.float64(0.026), 'maxDD': np.float64(-6.0), 'green_months': np.float64(61.1)}, 'HOLDOUT': {'n': 190, 'totR': np.float64(20.0), 'R_trade': np.float64(0.105), 'wr': np.float64(55.3), 'PF': np.float64(1.24), 'green_days': np.float64(54.5), 'R_day': np.float64(0.198), 'maxDD': np.float64(-16.0), 'green_months': np.float64(50.0)}}
lgb_reg|1h|tp1|long|th=0.3	{'IS': {'n': 148, 'totR': np.float64(-3.8), 'R_trade': np.float64(-0.026), 'wr': np.float64(48.6), 'PF': np.float64(0.95), 'green_days': np.float64(49.5), 'R_day': np.float64(-0.039), 'maxDD': np.float64(-10.6), 'green_months': np.float64(53.1)}, 'VAL': {'n': 32, 'totR': np.float64(2.0), 'R_trade': np.float64(0.062), 'wr': np.float64(53.1), 'PF': np.float64(1.13), 'green_days': np.float64(56.5), 'R_day': np.float64(0.087), 'maxDD': np.float64(-2.0), 'green_months': np.float64(63.6)}, 'HOLDOUT': {'n': 48, 'totR': np.float64(4.0), 'R_trade': np.float64(0.083), 'wr': np.float64(54.2), 'PF': np.float64(1.18), 'green_days': np.float64(58.3), 'R_day': np.float64(0.111), 'maxDD': np.float64(-5.0), 'green_months': np.float64(61.5)}}
ALWAYS_LONG|1h|tp1.5	{'IS': {'n': 3875, 'totR': np.float64(-293.9), 'R_trade': np.float64(-0.076), 'wr': np.float64(37.1), 'PF': np.float64(0.88), 'green_days': np.float64(46.6), 'R_day': np.float64(-0.366), 'maxDD': np.float64(-321.7), 'green_months': np.float64(27.8)}, 'VAL': {'n': 2001, 'totR': np.float64(-18.5), 'R_trade': np.float64(-0.009), 'wr': np.float64(39.7), 'PF': np.float64(0.98), 'green_days': np.float64(49.9), 'R_day': np.float64(-0.045), 'maxDD': np.float64(-71.1), 'green_months': np.float64(44.4)}, 'HOLDOUT': {'n': 1942, 'totR': np.float64(65.3), 'R_trade': np.float64(0.034), 'wr': np.float64(41.5), 'PF': np.float64(1.06), 'green_days': np.float64(51.8), 'R_day': np.float64(0.154), 'maxDD': np.float64(-61.1), 'green_months': np.float64(68.4)}}
ALWAYS_SHORT|1h|tp1.5	{'IS': {'n': 3860, 'totR': np.float64(-171.5), 'R_trade': np.float64(-0.044), 'wr': np.float64(38.3), 'PF': np.float64(0.93), 'green_days': np.float64(46.3), 'R_day': np.float64(-0.213), 'maxDD': np.float64(-202.0), 'green_months': np.float64(44.4)}, 'VAL': {'n': 2040, 'totR': np.float64(-234.0), 'R_trade': np.float64(-0.115), 'wr': np.float64(35.5), 'PF': np.float64(0.82), 'green_days': np.float64(40.8), 'R_day': np.float64(-0.575), 'maxDD': np.float64(-248.2), 'green_months': np.float64(16.7)}, 'HOLDOUT': {'n': 1958, 'totR': np.float64(-165.8), 'R_trade': np.float64(-0.085), 'wr': np.float64(36.6), 'PF': np.float64(0.87), 'green_days': np.float64(42.7), 'R_day': np.float64(-0.393), 'maxDD': np.float64(-227.7), 'green_months': np.float64(26.3)}}
lgb_reg|1h|tp1.5|both|th=0.0	{'IS': {'n': 697, 'totR': np.float64(25.4), 'R_trade': np.float64(0.036), 'wr': np.float64(41.5), 'PF': np.float64(1.06), 'green_days': np.float64(48.1), 'R_day': np.float64(0.063), 'maxDD': np.float64(-30.4), 'green_months': np.float64(55.6)}, 'VAL': {'n': 225, 'totR': np.float64(10.0), 'R_trade': np.float64(0.044), 'wr': np.float64(42.2), 'PF': np.float64(1.08), 'green_days': np.float64(52.4), 'R_day': np.float64(0.07), 'maxDD': np.float64(-10.5), 'green_months': np.float64(61.1)}, 'HOLDOUT': {'n': 189, 'totR': np.float64(34.3), 'R_trade': np.float64(0.181), 'wr': np.float64(47.1), 'PF': np.float64(1.35), 'green_days': np.float64(52.1), 'R_day': np.float64(0.283), 'maxDD': np.float64(-7.0), 'green_months': np.float64(68.4)}}
lgb_reg|1h|tp1.5|both|th=0.05	{'IS': {'n': 453, 'totR': np.float64(3.8), 'R_trade': np.float64(0.008), 'wr': np.float64(40.2), 'PF': np.float64(1.01), 'green_days': np.float64(47.0), 'R_day': np.float64(0.014), 'maxDD': np.float64(-26.9), 'green_months': np.float64(47.2)}, 'VAL': {'n': 150, 'totR': np.float64(-4.9), 'R_trade': np.float64(-0.032), 'wr': np.float64(39.3), 'PF': np.float64(0.95), 'green_days': np.float64(47.5), 'R_day': np.float64(-0.049), 'maxDD': np.float64(-13.3), 'green_months': np.float64(35.3)}, 'HOLDOUT': {'n': 110, 'totR': np.float64(10.6), 'R_trade': np.float64(0.096), 'wr': np.float64(43.6), 'PF': np.float64(1.17), 'green_days': np.float64(45.9), 'R_day': np.float64(0.143), 'maxDD': np.float64(-6.9), 'green_months': np.float64(47.1)}}
lgb_reg|1h|tp1.5|both|th=0.1	{'IS': {'n': 292, 'totR': np.float64(16.2), 'R_trade': np.float64(0.055), 'wr': np.float64(41.8), 'PF': np.float64(1.1), 'green_days': np.float64(47.4), 'R_day': np.float64(0.083), 'maxDD': np.float64(-12.9), 'green_months': np.float64(48.6)}, 'VAL': {'n': 84, 'totR': np.float64(-14.0), 'R_trade': np.float64(-0.167), 'wr': np.float64(33.3), 'PF': np.float64(0.75), 'green_days': np.float64(40.4), 'R_day': np.float64(-0.246), 'maxDD': np.float64(-20.5), 'green_months': np.float64(52.9)}, 'HOLDOUT': {'n': 57, 'totR': np.float64(-7.5), 'R_trade': np.float64(-0.132), 'wr': np.float64(35.1), 'PF': np.float64(0.79), 'green_days': np.float64(42.2), 'R_day': np.float64(-0.167), 'maxDD': np.float64(-11.9), 'green_months': np.float64(26.7)}}
lgb_reg|1h|tp1.5|both|th=0.2	{'IS': {'n': 106, 'totR': np.float64(-1.8), 'R_trade': np.float64(-0.017), 'wr': np.float64(39.6), 'PF': np.float64(0.97), 'green_days': np.float64(42.2), 'R_day': np.float64(-0.021), 'maxDD': np.float64(-8.8), 'green_months': np.float64(48.4)}, 'VAL': {'n': 21, 'totR': np.float64(-3.5), 'R_trade': np.float64(-0.167), 'wr': np.float64(33.3), 'PF': np.float64(0.75), 'green_days': np.float64(35.0), 'R_day': np.float64(-0.175), 'maxDD': np.float64(-7.5), 'green_months': np.float64(50.0)}, 'HOLDOUT': {'n': 13, 'totR': np.float64(-0.5), 'R_trade': np.float64(-0.038), 'wr': np.float64(38.5), 'PF': np.float64(0.94), 'green_days': np.float64(38.5), 'R_day': np.float64(-0.038), 'maxDD': np.float64(-4.0), 'green_months': np.float64(33.3)}}
lgb_reg|1h|tp1.5|both|th=0.3	{'IS': {'n': 36, 'totR': np.float64(3.6), 'R_trade': np.float64(0.099), 'wr': np.float64(44.4), 'PF': np.float64(1.19), 'green_days': np.float64(48.1), 'R_day': np.float64(0.133), 'maxDD': np.float64(-4.8), 'green_months': np.float64(50.0)}, 'VAL': {'n': 5, 'totR': np.float64(-2.5), 'R_trade': np.float64(-0.5), 'wr': np.float64(20.0), 'PF': np.float64(0.38), 'green_days': np.float64(20.0), 'R_day': np.float64(-0.5), 'maxDD': np.float64(-2.0), 'green_months': np.float64(25.0)}, 'HOLDOUT': {'n': 1, 'totR': np.float64(1.5), 'R_trade': np.float64(1.5), 'wr': np.float64(100.0), 'PF': inf, 'green_days': np.float64(100.0), 'R_day': np.float64(1.5), 'maxDD': np.float64(0.0), 'green_months': np.float64(100.0)}}
lgb_reg|1h|tp1.5|long|th=0.0	{'IS': {'n': 367, 'totR': np.float64(8.7), 'R_trade': np.float64(0.024), 'wr': np.float64(40.9), 'PF': np.float64(1.04), 'green_days': np.float64(47.9), 'R_day': np.float64(0.04), 'maxDD': np.float64(-16.4), 'green_months': np.float64(50.0)}, 'VAL': {'n': 96, 'totR': np.float64(33.0), 'R_trade': np.float64(0.344), 'wr': np.float64(54.2), 'PF': np.float64(1.75), 'green_days': np.float64(63.6), 'R_day': np.float64(0.5), 'maxDD': np.float64(-7.0), 'green_months': np.float64(76.5)}, 'HOLDOUT': {'n': 132, 'totR': np.float64(18.8), 'R_trade': np.float64(0.142), 'wr': np.float64(45.5), 'PF': np.float64(1.26), 'green_days': np.float64(51.3), 'R_day': np.float64(0.241), 'maxDD': np.float64(-10.2), 'green_months': np.float64(55.6)}}
lgb_reg|1h|tp1.5|long|th=0.05	{'IS': {'n': 250, 'totR': np.float64(5.5), 'R_trade': np.float64(0.022), 'wr': np.float64(40.8), 'PF': np.float64(1.04), 'green_days': np.float64(46.8), 'R_day': np.float64(0.035), 'maxDD': np.float64(-16.8), 'green_months': np.float64(55.9)}, 'VAL': {'n': 64, 'totR': np.float64(7.7), 'R_trade': np.float64(0.121), 'wr': np.float64(45.3), 'PF': np.float64(1.22), 'green_days': np.float64(54.5), 'R_day': np.float64(0.175), 'maxDD': np.float64(-5.5), 'green_months': np.float64(60.0)}, 'HOLDOUT': {'n': 80, 'totR': np.float64(3.1), 'R_trade': np.float64(0.039), 'wr': np.float64(41.2), 'PF': np.float64(1.07), 'green_days': np.float64(44.2), 'R_day': np.float64(0.059), 'maxDD': np.float64(-12.4), 'green_months': np.float64(31.2)}}
lgb_reg|1h|tp1.5|long|th=0.1	{'IS': {'n': 168, 'totR': np.float64(9.5), 'R_trade': np.float64(0.056), 'wr': np.float64(41.7), 'PF': np.float64(1.1), 'green_days': np.float64(48.1), 'R_day': np.float64(0.089), 'maxDD': np.float64(-11.4), 'green_months': np.float64(55.2)}, 'VAL': {'n': 35, 'totR': np.float64(-2.5), 'R_trade': np.float64(-0.071), 'wr': np.float64(37.1), 'PF': np.float64(0.89), 'green_days': np.float64(44.0), 'R_day': np.float64(-0.1), 'maxDD': np.float64(-8.5), 'green_months': np.float64(63.6)}, 'HOLDOUT': {'n': 43, 'totR': np.float64(-9.9), 'R_trade': np.float64(-0.23), 'wr': np.float64(30.2), 'PF': np.float64(0.66), 'green_days': np.float64(37.1), 'R_day': np.float64(-0.283), 'maxDD': np.float64(-12.9), 'green_months': np.float64(23.1)}}
lgb_reg|1h|tp1.5|long|th=0.2	{'IS': {'n': 68, 'totR': np.float64(1.2), 'R_trade': np.float64(0.018), 'wr': np.float64(41.2), 'PF': np.float64(1.03), 'green_days': np.float64(46.2), 'R_day': np.float64(0.024), 'maxDD': np.float64(-6.3), 'green_months': np.float64(45.8)}, 'VAL': {'n': 12, 'totR': np.float64(-2.0), 'R_trade': np.float64(-0.167), 'wr': np.float64(33.3), 'PF': np.float64(0.75), 'green_days': np.float64(36.4), 'R_day': np.float64(-0.182), 'maxDD': np.float64(-4.0), 'green_months': np.float64(50.0)}, 'HOLDOUT': {'n': 12, 'totR': np.float64(0.5), 'R_trade': np.float64(0.042), 'wr': np.float64(41.7), 'PF': np.float64(1.07), 'green_days': np.float64(41.7), 'R_day': np.float64(0.042), 'maxDD': np.float64(-3.0), 'green_months': np.float64(40.0)}}
lgb_reg|1h|tp1.5|long|th=0.3	{'IS': {'n': 28, 'totR': np.float64(-0.9), 'R_trade': np.float64(-0.033), 'wr': np.float64(39.3), 'PF': np.float64(0.94), 'green_days': np.float64(42.1), 'R_day': np.float64(-0.048), 'maxDD': np.float64(-5.9), 'green_months': np.float64(33.3)}, 'VAL': {'n': 1, 'totR': np.float64(-1.0), 'R_trade': np.float64(-1.0), 'wr': np.float64(0.0), 'PF': np.float64(0.0), 'green_days': np.float64(0.0), 'R_day': np.float64(-1.0), 'maxDD': np.float64(0.0), 'green_months': np.float64(0.0)}, 'HOLDOUT': {'n': 1, 'totR': np.float64(1.5), 'R_trade': np.float64(1.5), 'wr': np.float64(100.0), 'PF': inf, 'green_days': np.float64(100.0), 'R_day': np.float64(1.5), 'maxDD': np.float64(0.0), 'green_months': np.float64(100.0)}}
ALWAYS_LONG|1h|tp2	{'IS': {'n': 3158, 'totR': np.float64(-240.1), 'R_trade': np.float64(-0.076), 'wr': np.float64(31.3), 'PF': np.float64(0.89), 'green_days': np.float64(46.0), 'R_day': np.float64(-0.301), 'maxDD': np.float64(-282.7), 'green_months': np.float64(27.8)}, 'VAL': {'n': 1623, 'totR': np.float64(-11.9), 'R_trade': np.float64(-0.007), 'wr': np.float64(33.6), 'PF': np.float64(0.99), 'green_days': np.float64(48.6), 'R_day': np.float64(-0.029), 'maxDD': np.float64(-64.7), 'green_months': np.float64(50.0)}, 'HOLDOUT': {'n': 1521, 'totR': np.float64(94.8), 'R_trade': np.float64(0.062), 'wr': np.float64(35.9), 'PF': np.float64(1.1), 'green_days': np.float64(51.4), 'R_day': np.float64(0.228), 'maxDD': np.float64(-78.0), 'green_months': np.float64(63.2)}}
ALWAYS_SHORT|1h|tp2	{'IS': {'n': 3145, 'totR': np.float64(-159.0), 'R_trade': np.float64(-0.051), 'wr': np.float64(32.1), 'PF': np.float64(0.93), 'green_days': np.float64(46.4), 'R_day': np.float64(-0.199), 'maxDD': np.float64(-180.0), 'green_months': np.float64(50.0)}, 'VAL': {'n': 1670, 'totR': np.float64(-165.5), 'R_trade': np.float64(-0.099), 'wr': np.float64(30.4), 'PF': np.float64(0.86), 'green_days': np.float64(43.2), 'R_day': np.float64(-0.409), 'maxDD': np.float64(-203.5), 'green_months': np.float64(27.8)}, 'HOLDOUT': {'n': 1635, 'totR': np.float64(-164.2), 'R_trade': np.float64(-0.1), 'wr': np.float64(30.2), 'PF': np.float64(0.86), 'green_days': np.float64(42.7), 'R_day': np.float64(-0.392), 'maxDD': np.float64(-232.2), 'green_months': np.float64(31.6)}}
lgb_reg|1h|tp2|both|th=0.0	{'IS': {'n': 109, 'totR': np.float64(0.9), 'R_trade': np.float64(0.008), 'wr': np.float64(33.9), 'PF': np.float64(1.01), 'green_days': np.float64(37.4), 'R_day': np.float64(0.01), 'maxDD': np.float64(-14.0), 'green_months': np.float64(53.3)}, 'VAL': {'n': 38, 'totR': np.float64(-20.0), 'R_trade': np.float64(-0.526), 'wr': np.float64(15.8), 'PF': np.float64(0.37), 'green_days': np.float64(19.4), 'R_day': np.float64(-0.645), 'maxDD': np.float64(-23.0), 'green_months': np.float64(13.3)}, 'HOLDOUT': {'n': 11, 'totR': np.float64(1.0), 'R_trade': np.float64(0.091), 'wr': np.float64(36.4), 'PF': np.float64(1.14), 'green_days': np.float64(44.4), 'R_day': np.float64(0.111), 'maxDD': np.float64(-2.0), 'green_months': np.float64(40.0)}}
lgb_reg|1h|tp2|both|th=0.05	{'IS': {'n': 69, 'totR': np.float64(7.4), 'R_trade': np.float64(0.107), 'wr': np.float64(37.7), 'PF': np.float64(1.17), 'green_days': np.float64(41.4), 'R_day': np.float64(0.127), 'maxDD': np.float64(-8.0), 'green_months': np.float64(52.0)}, 'VAL': {'n': 15, 'totR': np.float64(-6.0), 'R_trade': np.float64(-0.4), 'wr': np.float64(20.0), 'PF': np.float64(0.5), 'green_days': np.float64(23.1), 'R_day': np.float64(-0.462), 'maxDD': np.float64(-8.0), 'green_months': np.float64(33.3)}, 'HOLDOUT': {'n': 5, 'totR': np.float64(3.3), 'R_trade': np.float64(0.654), 'wr': np.float64(60.0), 'PF': np.float64(2.64), 'green_days': np.float64(60.0), 'R_day': np.float64(0.654), 'maxDD': np.float64(-1.0), 'green_months': np.float64(50.0)}}
lgb_reg|1h|tp2|both|th=0.1	{'IS': {'n': 27, 'totR': np.float64(-3.2), 'R_trade': np.float64(-0.117), 'wr': np.float64(33.3), 'PF': np.float64(0.82), 'green_days': np.float64(37.5), 'R_day': np.float64(-0.132), 'maxDD': np.float64(-7.2), 'green_months': np.float64(42.9)}, 'VAL': {'n': 7, 'totR': np.float64(-1.0), 'R_trade': np.float64(-0.143), 'wr': np.float64(28.6), 'PF': np.float64(0.8), 'green_days': np.float64(28.6), 'R_day': np.float64(-0.143), 'maxDD': np.float64(-2.0), 'green_months': np.float64(33.3)}, 'HOLDOUT': {'n': 1, 'totR': np.float64(1.3), 'R_trade': np.float64(1.271), 'wr': np.float64(100.0), 'PF': inf, 'green_days': np.float64(100.0), 'R_day': np.float64(1.271), 'maxDD': np.float64(0.0), 'green_months': np.float64(100.0)}}
lgb_reg|1h|tp2|long|th=0.0	{'IS': {'n': 52, 'totR': np.float64(-2.1), 'R_trade': np.float64(-0.041), 'wr': np.float64(32.7), 'PF': np.float64(0.94), 'green_days': np.float64(35.0), 'R_day': np.float64(-0.053), 'maxDD': np.float64(-8.1), 'green_months': np.float64(38.9)}, 'VAL': {'n': 8, 'totR': np.float64(1.0), 'R_trade': np.float64(0.125), 'wr': np.float64(37.5), 'PF': np.float64(1.2), 'green_days': np.float64(37.5), 'R_day': np.float64(0.125), 'maxDD': np.float64(-3.0), 'green_months': np.float64(42.9)}, 'HOLDOUT': {'n': 10, 'totR': np.float64(2.0), 'R_trade': np.float64(0.2), 'wr': np.float64(40.0), 'PF': np.float64(1.33), 'green_days': np.float64(50.0), 'R_day': np.float64(0.25), 'maxDD': np.float64(-2.0), 'green_months': np.float64(50.0)}}
lgb_reg|1h|tp2|long|th=0.05	{'IS': {'n': 30, 'totR': np.float64(4.4), 'R_trade': np.float64(0.145), 'wr': np.float64(40.0), 'PF': np.float64(1.24), 'green_days': np.float64(43.5), 'R_day': np.float64(0.19), 'maxDD': np.float64(-5.0), 'green_months': np.float64(60.0)}, 'VAL': {'n': 4, 'totR': np.float64(2.0), 'R_trade': np.float64(0.5), 'wr': np.float64(50.0), 'PF': np.float64(2.0), 'green_days': np.float64(50.0), 'R_day': np.float64(0.5), 'maxDD': np.float64(-2.0), 'green_months': np.float64(66.7)}, 'HOLDOUT': {'n': 5, 'totR': np.float64(3.3), 'R_trade': np.float64(0.654), 'wr': np.float64(60.0), 'PF': np.float64(2.64), 'green_days': np.float64(60.0), 'R_day': np.float64(0.654), 'maxDD': np.float64(-1.0), 'green_months': np.float64(50.0)}}
ALWAYS_LONG|1h|tp3	{'IS': {'n': 2404, 'totR': np.float64(-219.9), 'R_trade': np.float64(-0.091), 'wr': np.float64(25.1), 'PF': np.float64(0.88), 'green_days': np.float64(46.2), 'R_day': np.float64(-0.28), 'maxDD': np.float64(-261.0), 'green_months': np.float64(30.6)}, 'VAL': {'n': 1201, 'totR': np.float64(29.1), 'R_trade': np.float64(0.024), 'wr': np.float64(27.8), 'PF': np.float64(1.03), 'green_days': np.float64(51.0), 'R_day': np.float64(0.074), 'maxDD': np.float64(-61.9), 'green_months': np.float64(61.1)}, 'HOLDOUT': {'n': 1129, 'totR': np.float64(116.9), 'R_trade': np.float64(0.104), 'wr': np.float64(29.6), 'PF': np.float64(1.15), 'green_days': np.float64(52.0), 'R_day': np.float64(0.289), 'maxDD': np.float64(-63.0), 'green_months': np.float64(68.4)}}
ALWAYS_SHORT|1h|tp3	{'IS': {'n': 2406, 'totR': np.float64(-113.1), 'R_trade': np.float64(-0.047), 'wr': np.float64(25.7), 'PF': np.float64(0.94), 'green_days': np.float64(45.5), 'R_day': np.float64(-0.144), 'maxDD': np.float64(-136.8), 'green_months': np.float64(50.0)}, 'VAL': {'n': 1262, 'totR': np.float64(-175.8), 'R_trade': np.float64(-0.139), 'wr': np.float64(23.5), 'PF': np.float64(0.82), 'green_days': np.float64(43.7), 'R_day': np.float64(-0.442), 'maxDD': np.float64(-191.0), 'green_months': np.float64(16.7)}, 'HOLDOUT': {'n': 1272, 'totR': np.float64(-154.4), 'R_trade': np.float64(-0.121), 'wr': np.float64(23.4), 'PF': np.float64(0.84), 'green_days': np.float64(42.4), 'R_day': np.float64(-0.378), 'maxDD': np.float64(-223.0), 'green_months': np.float64(21.1)}}
ALWAYS_LONG|1h|trail1	{'IS': {'n': 5333, 'totR': np.float64(-398.7), 'R_trade': np.float64(-0.075), 'wr': np.float64(34.1), 'PF': np.float64(0.82), 'green_days': np.float64(43.8), 'R_day': np.float64(-0.485), 'maxDD': np.float64(-442.9), 'green_months': np.float64(25.0)}, 'VAL': {'n': 2635, 'totR': np.float64(-33.8), 'R_trade': np.float64(-0.013), 'wr': np.float64(35.6), 'PF': np.float64(0.97), 'green_days': np.float64(48.0), 'R_day': np.float64(-0.08), 'maxDD': np.float64(-79.1), 'green_months': np.float64(44.4)}, 'HOLDOUT': {'n': 2541, 'totR': np.float64(151.8), 'R_trade': np.float64(0.06), 'wr': np.float64(38.1), 'PF': np.float64(1.16), 'green_days': np.float64(54.6), 'R_day': np.float64(0.359), 'maxDD': np.float64(-53.2), 'green_months': np.float64(73.7)}}
ALWAYS_SHORT|1h|trail1	{'IS': {'n': 5427, 'totR': np.float64(-280.9), 'R_trade': np.float64(-0.052), 'wr': np.float64(34.0), 'PF': np.float64(0.87), 'green_days': np.float64(41.7), 'R_day': np.float64(-0.338), 'maxDD': np.float64(-309.0), 'green_months': np.float64(33.3)}, 'VAL': {'n': 2883, 'totR': np.float64(-286.0), 'R_trade': np.float64(-0.099), 'wr': np.float64(33.6), 'PF': np.float64(0.77), 'green_days': np.float64(36.3), 'R_day': np.float64(-0.678), 'maxDD': np.float64(-300.2), 'green_months': np.float64(0.0)}, 'HOLDOUT': {'n': 2929, 'totR': np.float64(-152.8), 'R_trade': np.float64(-0.052), 'wr': np.float64(35.3), 'PF': np.float64(0.87), 'green_days': np.float64(41.2), 'R_day': np.float64(-0.35), 'maxDD': np.float64(-226.0), 'green_months': np.float64(36.8)}}
lgb_reg|1h|trail1|both|th=0.0	{'IS': {'n': 624, 'totR': np.float64(-53.5), 'R_trade': np.float64(-0.086), 'wr': np.float64(33.3), 'PF': np.float64(0.79), 'green_days': np.float64(37.9), 'R_day': np.float64(-0.154), 'maxDD': np.float64(-64.3), 'green_months': np.float64(27.8)}, 'VAL': {'n': 191, 'totR': np.float64(-21.3), 'R_trade': np.float64(-0.111), 'wr': np.float64(36.1), 'PF': np.float64(0.72), 'green_days': np.float64(36.7), 'R_day': np.float64(-0.177), 'maxDD': np.float64(-25.1), 'green_months': np.float64(38.9)}, 'HOLDOUT': {'n': 170, 'totR': np.float64(30.9), 'R_trade': np.float64(0.182), 'wr': np.float64(47.6), 'PF': np.float64(1.55), 'green_days': np.float64(50.5), 'R_day': np.float64(0.283), 'maxDD': np.float64(-5.5), 'green_months': np.float64(55.6)}}
lgb_reg|1h|trail1|both|th=0.05	{'IS': {'n': 228, 'totR': np.float64(-10.4), 'R_trade': np.float64(-0.046), 'wr': np.float64(34.2), 'PF': np.float64(0.88), 'green_days': np.float64(34.6), 'R_day': np.float64(-0.067), 'maxDD': np.float64(-22.4), 'green_months': np.float64(34.3)}, 'VAL': {'n': 69, 'totR': np.float64(-9.0), 'R_trade': np.float64(-0.131), 'wr': np.float64(37.7), 'PF': np.float64(0.65), 'green_days': np.float64(38.0), 'R_day': np.float64(-0.181), 'maxDD': np.float64(-10.7), 'green_months': np.float64(43.8)}, 'HOLDOUT': {'n': 56, 'totR': np.float64(24.5), 'R_trade': np.float64(0.437), 'wr': np.float64(53.6), 'PF': np.float64(2.41), 'green_days': np.float64(55.6), 'R_day': np.float64(0.544), 'maxDD': np.float64(-3.1), 'green_months': np.float64(66.7)}}
lgb_reg|1h|trail1|both|th=0.1	{'IS': {'n': 63, 'totR': np.float64(-1.4), 'R_trade': np.float64(-0.022), 'wr': np.float64(38.1), 'PF': np.float64(0.94), 'green_days': np.float64(35.4), 'R_day': np.float64(-0.028), 'maxDD': np.float64(-6.3), 'green_months': np.float64(34.6)}, 'VAL': {'n': 22, 'totR': np.float64(4.1), 'R_trade': np.float64(0.187), 'wr': np.float64(63.6), 'PF': np.float64(1.84), 'green_days': np.float64(64.3), 'R_day': np.float64(0.294), 'maxDD': np.float64(-3.1), 'green_months': np.float64(62.5)}, 'HOLDOUT': {'n': 14, 'totR': np.float64(12.9), 'R_trade': np.float64(0.925), 'wr': np.float64(64.3), 'PF': np.float64(6.42), 'green_days': np.float64(64.3), 'R_day': np.float64(0.925), 'maxDD': np.float64(-1.3), 'green_months': np.float64(75.0)}}
lgb_reg|1h|trail1|long|th=0.0	{'IS': {'n': 318, 'totR': np.float64(-6.1), 'R_trade': np.float64(-0.019), 'wr': np.float64(35.5), 'PF': np.float64(0.95), 'green_days': np.float64(43.4), 'R_day': np.float64(-0.034), 'maxDD': np.float64(-21.1), 'green_months': np.float64(54.3)}, 'VAL': {'n': 97, 'totR': np.float64(-9.6), 'R_trade': np.float64(-0.099), 'wr': np.float64(35.1), 'PF': np.float64(0.75), 'green_days': np.float64(37.7), 'R_day': np.float64(-0.157), 'maxDD': np.float64(-11.9), 'green_months': np.float64(35.3)}, 'HOLDOUT': {'n': 107, 'totR': np.float64(24.1), 'R_trade': np.float64(0.226), 'wr': np.float64(44.9), 'PF': np.float64(1.67), 'green_days': np.float64(48.1), 'R_day': np.float64(0.298), 'maxDD': np.float64(-5.0), 'green_months': np.float64(38.9)}}
lgb_reg|1h|trail1|long|th=0.05	{'IS': {'n': 123, 'totR': np.float64(2.3), 'R_trade': np.float64(0.019), 'wr': np.float64(37.4), 'PF': np.float64(1.05), 'green_days': np.float64(37.8), 'R_day': np.float64(0.028), 'maxDD': np.float64(-12.3), 'green_months': np.float64(44.4)}, 'VAL': {'n': 43, 'totR': np.float64(-3.9), 'R_trade': np.float64(-0.091), 'wr': np.float64(34.9), 'PF': np.float64(0.75), 'green_days': np.float64(36.7), 'R_day': np.float64(-0.131), 'maxDD': np.float64(-5.5), 'green_months': np.float64(35.7)}, 'HOLDOUT': {'n': 41, 'totR': np.float64(19.7), 'R_trade': np.float64(0.479), 'wr': np.float64(53.7), 'PF': np.float64(2.54), 'green_days': np.float64(54.1), 'R_day': np.float64(0.531), 'maxDD': np.float64(-2.7), 'green_months': np.float64(64.3)}}
lgb_reg|1h|trail1|long|th=0.1	{'IS': {'n': 42, 'totR': np.float64(8.1), 'R_trade': np.float64(0.192), 'wr': np.float64(47.6), 'PF': np.float64(1.59), 'green_days': np.float64(48.3), 'R_day': np.float64(0.278), 'maxDD': np.float64(-2.7), 'green_months': np.float64(50.0)}, 'VAL': {'n': 16, 'totR': np.float64(0.5), 'R_trade': np.float64(0.03), 'wr': np.float64(50.0), 'PF': np.float64(1.1), 'green_days': np.float64(50.0), 'R_day': np.float64(0.048), 'maxDD': np.float64(-2.8), 'green_months': np.float64(50.0)}, 'HOLDOUT': {'n': 10, 'totR': np.float64(11.2), 'R_trade': np.float64(1.119), 'wr': np.float64(70.0), 'PF': np.float64(11.25), 'green_days': np.float64(70.0), 'R_day': np.float64(1.119), 'maxDD': np.float64(-0.7), 'green_months': np.float64(83.3)}}
ALWAYS_LONG|1h|trail1_sl2	{'IS': {'n': 5333, 'totR': np.float64(-201.5), 'R_trade': np.float64(-0.038), 'wr': np.float64(34.1), 'PF': np.float64(0.82), 'green_days': np.float64(43.8), 'R_day': np.float64(-0.245), 'maxDD': np.float64(-223.6), 'green_months': np.float64(25.0)}, 'VAL': {'n': 2634, 'totR': np.float64(-12.8), 'R_trade': np.float64(-0.005), 'wr': np.float64(35.7), 'PF': np.float64(0.98), 'green_days': np.float64(48.5), 'R_day': np.float64(-0.03), 'maxDD': np.float64(-38.5), 'green_months': np.float64(44.4)}, 'HOLDOUT': {'n': 2541, 'totR': np.float64(75.9), 'R_trade': np.float64(0.03), 'wr': np.float64(38.1), 'PF': np.float64(1.16), 'green_days': np.float64(54.6), 'R_day': np.float64(0.179), 'maxDD': np.float64(-26.6), 'green_months': np.float64(73.7)}}
ALWAYS_SHORT|1h|trail1_sl2	{'IS': {'n': 5426, 'totR': np.float64(-138.3), 'R_trade': np.float64(-0.025), 'wr': np.float64(34.0), 'PF': np.float64(0.88), 'green_days': np.float64(41.9), 'R_day': np.float64(-0.167), 'maxDD': np.float64(-151.9), 'green_months': np.float64(33.3)}, 'VAL': {'n': 2883, 'totR': np.float64(-143.3), 'R_trade': np.float64(-0.05), 'wr': np.float64(33.6), 'PF': np.float64(0.77), 'green_days': np.float64(36.3), 'R_day': np.float64(-0.34), 'maxDD': np.float64(-150.4), 'green_months': np.float64(0.0)}, 'HOLDOUT': {'n': 2929, 'totR': np.float64(-76.9), 'R_trade': np.float64(-0.026), 'wr': np.float64(35.3), 'PF': np.float64(0.87), 'green_days': np.float64(41.2), 'R_day': np.float64(-0.176), 'maxDD': np.float64(-113.5), 'green_months': np.float64(31.6)}}
lgb_reg|1h|trail1_sl2|both|th=0.0	{'IS': {'n': 2870, 'totR': np.float64(-79.9), 'R_trade': np.float64(-0.028), 'wr': np.float64(34.8), 'PF': np.float64(0.86), 'green_days': np.float64(43.0), 'R_day': np.float64(-0.104), 'maxDD': np.float64(-83.0), 'green_months': np.float64(30.6)}, 'VAL': {'n': 1292, 'totR': np.float64(-33.8), 'R_trade': np.float64(-0.026), 'wr': np.float64(36.0), 'PF': np.float64(0.87), 'green_days': np.float64(38.6), 'R_day': np.float64(-0.093), 'maxDD': np.float64(-38.9), 'green_months': np.float64(38.9)}, 'HOLDOUT': {'n': 1345, 'totR': np.float64(55.1), 'R_trade': np.float64(0.041), 'wr': np.float64(39.4), 'PF': np.float64(1.22), 'green_days': np.float64(50.1), 'R_day': np.float64(0.145), 'maxDD': np.float64(-15.9), 'green_months': np.float64(66.7)}}
lgb_reg|1h|trail1_sl2|both|th=0.05	{'IS': {'n': 1230, 'totR': np.float64(-38.3), 'R_trade': np.float64(-0.031), 'wr': np.float64(34.6), 'PF': np.float64(0.85), 'green_days': np.float64(40.1), 'R_day': np.float64(-0.075), 'maxDD': np.float64(-41.2), 'green_months': np.float64(36.1)}, 'VAL': {'n': 443, 'totR': np.float64(-26.3), 'R_trade': np.float64(-0.059), 'wr': np.float64(35.0), 'PF': np.float64(0.72), 'green_days': np.float64(39.2), 'R_day': np.float64(-0.135), 'maxDD': np.float64(-30.8), 'green_months': np.float64(11.1)}, 'HOLDOUT': {'n': 457, 'totR': np.float64(38.4), 'R_trade': np.float64(0.084), 'wr': np.float64(43.3), 'PF': np.float64(1.48), 'green_days': np.float64(50.0), 'R_day': np.float64(0.174), 'maxDD': np.float64(-6.8), 'green_months': np.float64(66.7)}}
lgb_reg|1h|trail1_sl2|both|th=0.1	{'IS': {'n': 352, 'totR': np.float64(-15.7), 'R_trade': np.float64(-0.045), 'wr': np.float64(32.7), 'PF': np.float64(0.78), 'green_days': np.float64(36.6), 'R_day': np.float64(-0.078), 'maxDD': np.float64(-18.6), 'green_months': np.float64(38.9)}, 'VAL': {'n': 128, 'totR': np.float64(-7.9), 'R_trade': np.float64(-0.062), 'wr': np.float64(34.4), 'PF': np.float64(0.71), 'green_days': np.float64(35.2), 'R_day': np.float64(-0.111), 'maxDD': np.float64(-12.4), 'green_months': np.float64(35.3)}, 'HOLDOUT': {'n': 105, 'totR': np.float64(17.0), 'R_trade': np.float64(0.162), 'wr': np.float64(45.7), 'PF': np.float64(1.91), 'green_days': np.float64(51.3), 'R_day': np.float64(0.223), 'maxDD': np.float64(-2.3), 'green_months': np.float64(60.0)}}
lgb_reg|1h|trail1_sl2|long|th=0.0	{'IS': {'n': 1407, 'totR': np.float64(-42.7), 'R_trade': np.float64(-0.03), 'wr': np.float64(35.2), 'PF': np.float64(0.85), 'green_days': np.float64(41.7), 'R_day': np.float64(-0.075), 'maxDD': np.float64(-47.9), 'green_months': np.float64(33.3)}, 'VAL': {'n': 611, 'totR': np.float64(-2.7), 'R_trade': np.float64(-0.004), 'wr': np.float64(37.8), 'PF': np.float64(0.98), 'green_days': np.float64(42.8), 'R_day': np.float64(-0.01), 'maxDD': np.float64(-14.8), 'green_months': np.float64(55.6)}, 'HOLDOUT': {'n': 831, 'totR': np.float64(54.8), 'R_trade': np.float64(0.066), 'wr': np.float64(39.0), 'PF': np.float64(1.36), 'green_days': np.float64(51.0), 'R_day': np.float64(0.183), 'maxDD': np.float64(-12.2), 'green_months': np.float64(77.8)}}
lgb_reg|1h|trail1_sl2|long|th=0.05	{'IS': {'n': 536, 'totR': np.float64(-8.2), 'R_trade': np.float64(-0.015), 'wr': np.float64(35.6), 'PF': np.float64(0.92), 'green_days': np.float64(42.4), 'R_day': np.float64(-0.03), 'maxDD': np.float64(-14.1), 'green_months': np.float64(36.1)}, 'VAL': {'n': 182, 'totR': np.float64(-3.8), 'R_trade': np.float64(-0.021), 'wr': np.float64(39.0), 'PF': np.float64(0.89), 'green_days': np.float64(40.2), 'R_day': np.float64(-0.037), 'maxDD': np.float64(-6.1), 'green_months': np.float64(44.4)}, 'HOLDOUT': {'n': 297, 'totR': np.float64(29.8), 'R_trade': np.float64(0.1), 'wr': np.float64(42.1), 'PF': np.float64(1.57), 'green_days': np.float64(45.2), 'R_day': np.float64(0.179), 'maxDD': np.float64(-5.7), 'green_months': np.float64(61.1)}}
lgb_reg|1h|trail1_sl2|long|th=0.1	{'IS': {'n': 153, 'totR': np.float64(2.4), 'R_trade': np.float64(0.016), 'wr': np.float64(38.6), 'PF': np.float64(1.09), 'green_days': np.float64(45.8), 'R_day': np.float64(0.025), 'maxDD': np.float64(-6.3), 'green_months': np.float64(43.8)}, 'VAL': {'n': 50, 'totR': np.float64(0.1), 'R_trade': np.float64(0.002), 'wr': np.float64(42.0), 'PF': np.float64(1.01), 'green_days': np.float64(43.3), 'R_day': np.float64(0.003), 'maxDD': np.float64(-3.1), 'green_months': np.float64(38.5)}, 'HOLDOUT': {'n': 80, 'totR': np.float64(13.9), 'R_trade': np.float64(0.174), 'wr': np.float64(42.5), 'PF': np.float64(1.97), 'green_days': np.float64(47.5), 'R_day': np.float64(0.228), 'maxDD': np.float64(-2.6), 'green_months': np.float64(60.0)}}
ALWAYS_LONG|1h|time60	{'IS': {'n': 16988, 'totR': np.float64(-1142.7), 'R_trade': np.float64(-0.067), 'wr': np.float64(43.4), 'PF': np.float64(0.76), 'green_days': np.float64(32.7), 'R_day': np.float64(-1.245), 'maxDD': np.float64(-1159.4), 'green_months': np.float64(2.8)}, 'VAL': {'n': 8632, 'totR': np.float64(-364.1), 'R_trade': np.float64(-0.042), 'wr': np.float64(45.4), 'PF': np.float64(0.84), 'green_days': np.float64(39.3), 'R_day': np.float64(-0.786), 'maxDD': np.float64(-380.1), 'green_months': np.float64(16.7)}, 'HOLDOUT': {'n': 8568, 'totR': np.float64(-48.2), 'R_trade': np.float64(-0.006), 'wr': np.float64(49.0), 'PF': np.float64(0.98), 'green_days': np.float64(47.4), 'R_day': np.float64(-0.105), 'maxDD': np.float64(-91.3), 'green_months': np.float64(47.4)}}
ALWAYS_SHORT|1h|time60	{'IS': {'n': 16989, 'totR': np.float64(-1124.5), 'R_trade': np.float64(-0.066), 'wr': np.float64(43.2), 'PF': np.float64(0.76), 'green_days': np.float64(31.5), 'R_day': np.float64(-1.226), 'maxDD': np.float64(-1126.4), 'green_months': np.float64(2.8)}, 'VAL': {'n': 8633, 'totR': np.float64(-727.2), 'R_trade': np.float64(-0.084), 'wr': np.float64(41.1), 'PF': np.float64(0.71), 'green_days': np.float64(30.1), 'R_day': np.float64(-1.574), 'maxDD': np.float64(-728.5), 'green_months': np.float64(0.0)}, 'HOLDOUT': {'n': 8562, 'totR': np.float64(-331.2), 'R_trade': np.float64(-0.039), 'wr': np.float64(45.5), 'PF': np.float64(0.86), 'green_days': np.float64(38.6), 'R_day': np.float64(-0.723), 'maxDD': np.float64(-385.0), 'green_months': np.float64(21.1)}}
lgb_reg|1h|time60|both|th=0.0	{'IS': {'n': 2114, 'totR': np.float64(-78.1), 'R_trade': np.float64(-0.037), 'wr': np.float64(46.7), 'PF': np.float64(0.81), 'green_days': np.float64(44.4), 'R_day': np.float64(-0.114), 'maxDD': np.float64(-80.8), 'green_months': np.float64(36.1)}, 'VAL': {'n': 657, 'totR': np.float64(-23.0), 'R_trade': np.float64(-0.035), 'wr': np.float64(46.1), 'PF': np.float64(0.82), 'green_days': np.float64(51.4), 'R_day': np.float64(-0.081), 'maxDD': np.float64(-31.4), 'green_months': np.float64(27.8)}, 'HOLDOUT': {'n': 662, 'totR': np.float64(33.7), 'R_trade': np.float64(0.051), 'wr': np.float64(53.8), 'PF': np.float64(1.26), 'green_days': np.float64(54.3), 'R_day': np.float64(0.127), 'maxDD': np.float64(-9.5), 'green_months': np.float64(50.0)}}
lgb_reg|1h|time60|both|th=0.05	{'IS': {'n': 245, 'totR': np.float64(-3.5), 'R_trade': np.float64(-0.014), 'wr': np.float64(51.4), 'PF': np.float64(0.93), 'green_days': np.float64(55.4), 'R_day': np.float64(-0.019), 'maxDD': np.float64(-8.0), 'green_months': np.float64(41.2)}, 'VAL': {'n': 57, 'totR': np.float64(-4.0), 'R_trade': np.float64(-0.071), 'wr': np.float64(42.1), 'PF': np.float64(0.66), 'green_days': np.float64(47.6), 'R_day': np.float64(-0.096), 'maxDD': np.float64(-4.8), 'green_months': np.float64(35.3)}, 'HOLDOUT': {'n': 44, 'totR': np.float64(8.0), 'R_trade': np.float64(0.181), 'wr': np.float64(63.6), 'PF': np.float64(2.07), 'green_days': np.float64(62.2), 'R_day': np.float64(0.215), 'maxDD': np.float64(-2.0), 'green_months': np.float64(75.0)}}
lgb_reg|1h|time60|long|th=0.0	{'IS': {'n': 1236, 'totR': np.float64(-30.5), 'R_trade': np.float64(-0.025), 'wr': np.float64(48.5), 'PF': np.float64(0.87), 'green_days': np.float64(50.5), 'R_day': np.float64(-0.06), 'maxDD': np.float64(-33.8), 'green_months': np.float64(41.7)}, 'VAL': {'n': 397, 'totR': np.float64(-8.1), 'R_trade': np.float64(-0.02), 'wr': np.float64(46.1), 'PF': np.float64(0.89), 'green_days': np.float64(53.4), 'R_day': np.float64(-0.042), 'maxDD': np.float64(-13.9), 'green_months': np.float64(33.3)}, 'HOLDOUT': {'n': 451, 'totR': np.float64(27.8), 'R_trade': np.float64(0.062), 'wr': np.float64(55.9), 'PF': np.float64(1.33), 'green_days': np.float64(55.2), 'R_day': np.float64(0.131), 'maxDD': np.float64(-6.2), 'green_months': np.float64(50.0)}}
lgb_reg|1h|time60|long|th=0.05	{'IS': {'n': 147, 'totR': np.float64(-6.4), 'R_trade': np.float64(-0.043), 'wr': np.float64(49.7), 'PF': np.float64(0.8), 'green_days': np.float64(51.3), 'R_day': np.float64(-0.056), 'maxDD': np.float64(-9.9), 'green_months': np.float64(32.3)}, 'VAL': {'n': 39, 'totR': np.float64(0.2), 'R_trade': np.float64(0.005), 'wr': np.float64(43.6), 'PF': np.float64(1.03), 'green_days': np.float64(57.1), 'R_day': np.float64(0.007), 'maxDD': np.float64(-2.1), 'green_months': np.float64(42.9)}, 'HOLDOUT': {'n': 30, 'totR': np.float64(4.4), 'R_trade': np.float64(0.147), 'wr': np.float64(60.0), 'PF': np.float64(1.82), 'green_days': np.float64(60.0), 'R_day': np.float64(0.176), 'maxDD': np.float64(-2.0), 'green_months': np.float64(69.2)}}
ALWAYS_LONG|1h|time240	{'IS': {'n': 4846, 'totR': np.float64(-240.6), 'R_trade': np.float64(-0.05), 'wr': np.float64(43.5), 'PF': np.float64(0.87), 'green_days': np.float64(42.0), 'R_day': np.float64(-0.292), 'maxDD': np.float64(-277.8), 'green_months': np.float64(27.8)}, 'VAL': {'n': 2450, 'totR': np.float64(-4.7), 'R_trade': np.float64(-0.002), 'wr': np.float64(46.1), 'PF': np.float64(0.99), 'green_days': np.float64(47.6), 'R_day': np.float64(-0.011), 'maxDD': np.float64(-60.7), 'green_months': np.float64(61.1)}, 'HOLDOUT': {'n': 2393, 'totR': np.float64(90.8), 'R_trade': np.float64(0.038), 'wr': np.float64(50.6), 'PF': np.float64(1.11), 'green_days': np.float64(50.6), 'R_day': np.float64(0.217), 'maxDD': np.float64(-42.8), 'green_months': np.float64(68.4)}}
ALWAYS_SHORT|1h|time240	{'IS': {'n': 4787, 'totR': np.float64(-165.3), 'R_trade': np.float64(-0.035), 'wr': np.float64(43.7), 'PF': np.float64(0.9), 'green_days': np.float64(42.7), 'R_day': np.float64(-0.204), 'maxDD': np.float64(-198.9), 'green_months': np.float64(38.9)}, 'VAL': {'n': 2463, 'totR': np.float64(-230.4), 'R_trade': np.float64(-0.094), 'wr': np.float64(40.6), 'PF': np.float64(0.76), 'green_days': np.float64(38.6), 'R_day': np.float64(-0.555), 'maxDD': np.float64(-240.1), 'green_months': np.float64(11.1)}, 'HOLDOUT': {'n': 2359, 'totR': np.float64(-127.0), 'R_trade': np.float64(-0.054), 'wr': np.float64(43.8), 'PF': np.float64(0.85), 'green_days': np.float64(41.9), 'R_day': np.float64(-0.306), 'maxDD': np.float64(-177.9), 'green_months': np.float64(26.3)}}
lgb_reg|1h|time240|both|th=0.0	{'IS': {'n': 2122, 'totR': np.float64(-36.6), 'R_trade': np.float64(-0.017), 'wr': np.float64(47.8), 'PF': np.float64(0.94), 'green_days': np.float64(49.7), 'R_day': np.float64(-0.048), 'maxDD': np.float64(-41.5), 'green_months': np.float64(33.3)}, 'VAL': {'n': 832, 'totR': np.float64(-21.9), 'R_trade': np.float64(-0.026), 'wr': np.float64(48.9), 'PF': np.float64(0.9), 'green_days': np.float64(48.0), 'R_day': np.float64(-0.059), 'maxDD': np.float64(-28.8), 'green_months': np.float64(44.4)}, 'HOLDOUT': {'n': 743, 'totR': np.float64(37.2), 'R_trade': np.float64(0.05), 'wr': np.float64(53.3), 'PF': np.float64(1.2), 'green_days': np.float64(53.2), 'R_day': np.float64(0.114), 'maxDD': np.float64(-14.9), 'green_months': np.float64(68.4)}}
lgb_reg|1h|time240|both|th=0.05	{'IS': {'n': 1149, 'totR': np.float64(-19.0), 'R_trade': np.float64(-0.017), 'wr': np.float64(46.6), 'PF': np.float64(0.93), 'green_days': np.float64(47.5), 'R_day': np.float64(-0.031), 'maxDD': np.float64(-33.6), 'green_months': np.float64(44.4)}, 'VAL': {'n': 344, 'totR': np.float64(-24.6), 'R_trade': np.float64(-0.072), 'wr': np.float64(45.9), 'PF': np.float64(0.74), 'green_days': np.float64(46.1), 'R_day': np.float64(-0.108), 'maxDD': np.float64(-27.4), 'green_months': np.float64(27.8)}, 'HOLDOUT': {'n': 263, 'totR': np.float64(17.1), 'R_trade': np.float64(0.065), 'wr': np.float64(53.2), 'PF': np.float64(1.29), 'green_days': np.float64(53.8), 'R_day': np.float64(0.101), 'maxDD': np.float64(-7.5), 'green_months': np.float64(61.1)}}
lgb_reg|1h|time240|both|th=0.1	{'IS': {'n': 508, 'totR': np.float64(-3.2), 'R_trade': np.float64(-0.006), 'wr': np.float64(46.3), 'PF': np.float64(0.98), 'green_days': np.float64(47.0), 'R_day': np.float64(-0.009), 'maxDD': np.float64(-10.2), 'green_months': np.float64(44.4)}, 'VAL': {'n': 87, 'totR': np.float64(-2.9), 'R_trade': np.float64(-0.034), 'wr': np.float64(49.4), 'PF': np.float64(0.88), 'green_days': np.float64(44.3), 'R_day': np.float64(-0.042), 'maxDD': np.float64(-7.0), 'green_months': np.float64(50.0)}, 'HOLDOUT': {'n': 67, 'totR': np.float64(5.0), 'R_trade': np.float64(0.075), 'wr': np.float64(49.3), 'PF': np.float64(1.25), 'green_days': np.float64(51.9), 'R_day': np.float64(0.093), 'maxDD': np.float64(-3.8), 'green_months': np.float64(52.9)}}
lgb_reg|1h|time240|long|th=0.0	{'IS': {'n': 1222, 'totR': np.float64(-13.4), 'R_trade': np.float64(-0.011), 'wr': np.float64(48.4), 'PF': np.float64(0.96), 'green_days': np.float64(50.8), 'R_day': np.float64(-0.023), 'maxDD': np.float64(-21.4), 'green_months': np.float64(44.4)}, 'VAL': {'n': 528, 'totR': np.float64(15.5), 'R_trade': np.float64(0.029), 'wr': np.float64(52.7), 'PF': np.float64(1.13), 'green_days': np.float64(53.4), 'R_day': np.float64(0.053), 'maxDD': np.float64(-14.6), 'green_months': np.float64(61.1)}, 'HOLDOUT': {'n': 560, 'totR': np.float64(40.5), 'R_trade': np.float64(0.072), 'wr': np.float64(54.6), 'PF': np.float64(1.3), 'green_days': np.float64(54.7), 'R_day': np.float64(0.147), 'maxDD': np.float64(-12.1), 'green_months': np.float64(63.2)}}
lgb_reg|1h|time240|long|th=0.05	{'IS': {'n': 665, 'totR': np.float64(-0.3), 'R_trade': np.float64(-0.0), 'wr': np.float64(49.0), 'PF': np.float64(1.0), 'green_days': np.float64(48.9), 'R_day': np.float64(-0.001), 'maxDD': np.float64(-14.9), 'green_months': np.float64(50.0)}, 'VAL': {'n': 230, 'totR': np.float64(-0.4), 'R_trade': np.float64(-0.002), 'wr': np.float64(49.1), 'PF': np.float64(0.99), 'green_days': np.float64(49.4), 'R_day': np.float64(-0.003), 'maxDD': np.float64(-9.2), 'green_months': np.float64(44.4)}, 'HOLDOUT': {'n': 219, 'totR': np.float64(18.9), 'R_trade': np.float64(0.087), 'wr': np.float64(54.3), 'PF': np.float64(1.4), 'green_days': np.float64(58.7), 'R_day': np.float64(0.132), 'maxDD': np.float64(-6.4), 'green_months': np.float64(66.7)}}
lgb_reg|1h|time240|long|th=0.1	{'IS': {'n': 309, 'totR': np.float64(-0.1), 'R_trade': np.float64(-0.0), 'wr': np.float64(48.2), 'PF': np.float64(1.0), 'green_days': np.float64(46.5), 'R_day': np.float64(-0.001), 'maxDD': np.float64(-8.3), 'green_months': np.float64(38.9)}, 'VAL': {'n': 67, 'totR': np.float64(1.5), 'R_trade': np.float64(0.023), 'wr': np.float64(52.2), 'PF': np.float64(1.09), 'green_days': np.float64(48.1), 'R_day': np.float64(0.028), 'maxDD': np.float64(-4.4), 'green_months': np.float64(50.0)}, 'HOLDOUT': {'n': 62, 'totR': np.float64(5.8), 'R_trade': np.float64(0.094), 'wr': np.float64(51.6), 'PF': np.float64(1.33), 'green_days': np.float64(54.0), 'R_day': np.float64(0.117), 'maxDD': np.float64(-3.5), 'green_months': np.float64(53.3)}}
ALWAYS_LONG|1h|tp2_sl0.5	{'IS': {'n': 8676, 'totR': np.float64(-1351.3), 'R_trade': np.float64(-0.156), 'wr': np.float64(28.7), 'PF': np.float64(0.78), 'green_days': np.float64(36.6), 'R_day': np.float64(-1.605), 'maxDD': np.float64(-1376.4), 'green_months': np.float64(2.8)}, 'VAL': {'n': 4363, 'totR': np.float64(-328.0), 'R_trade': np.float64(-0.075), 'wr': np.float64(31.4), 'PF': np.float64(0.89), 'green_days': np.float64(41.6), 'R_day': np.float64(-0.766), 'maxDD': np.float64(-355.7), 'green_months': np.float64(22.2)}, 'HOLDOUT': {'n': 4310, 'totR': np.float64(26.2), 'R_trade': np.float64(0.006), 'wr': np.float64(33.9), 'PF': np.float64(1.01), 'green_days': np.float64(48.8), 'R_day': np.float64(0.058), 'maxDD': np.float64(-108.7), 'green_months': np.float64(52.6)}}
ALWAYS_SHORT|1h|tp2_sl0.5	{'IS': {'n': 8620, 'totR': np.float64(-1127.5), 'R_trade': np.float64(-0.131), 'wr': np.float64(29.6), 'PF': np.float64(0.81), 'green_days': np.float64(36.7), 'R_day': np.float64(-1.328), 'maxDD': np.float64(-1137.0), 'green_months': np.float64(5.6)}, 'VAL': {'n': 4456, 'totR': np.float64(-761.1), 'R_trade': np.float64(-0.171), 'wr': np.float64(28.2), 'PF': np.float64(0.76), 'green_days': np.float64(32.2), 'R_day': np.float64(-1.762), 'maxDD': np.float64(-764.2), 'green_months': np.float64(0.0)}, 'HOLDOUT': {'n': 4420, 'totR': np.float64(-373.1), 'R_trade': np.float64(-0.084), 'wr': np.float64(30.8), 'PF': np.float64(0.88), 'green_days': np.float64(41.5), 'R_day': np.float64(-0.833), 'maxDD': np.float64(-411.6), 'green_months': np.float64(21.1)}}
ALWAYS_LONG|1h|tp1	{'IS': {'n': 5151, 'totR': np.float64(-400.9), 'R_trade': np.float64(-0.078), 'wr': np.float64(46.1), 'PF': np.float64(0.86), 'green_days': np.float64(43.7), 'R_day': np.float64(-0.489), 'maxDD': np.float64(-419.9), 'green_months': np.float64(22.2)}, 'VAL': {'n': 2712, 'totR': np.float64(-66.3), 'R_trade': np.float64(-0.024), 'wr': np.float64(48.7), 'PF': np.float64(0.95), 'green_days': np.float64(46.7), 'R_day': np.float64(-0.16), 'maxDD': np.float64(-115.2), 'green_months': np.float64(38.9)}, 'HOLDOUT': {'n': 2668, 'totR': np.float64(25.7), 'R_trade': np.float64(0.01), 'wr': np.float64(50.5), 'PF': np.float64(1.02), 'green_days': np.float64(51.4), 'R_day': np.float64(0.059), 'maxDD': np.float64(-63.4), 'green_months': np.float64(52.6)}}
ALWAYS_SHORT|1h|tp1	{'IS': {'n': 5216, 'totR': np.float64(-315.9), 'R_trade': np.float64(-0.061), 'wr': np.float64(47.0), 'PF': np.float64(0.89), 'green_days': np.float64(44.3), 'R_day': np.float64(-0.385), 'maxDD': np.float64(-328.9), 'green_months': np.float64(33.3)}, 'VAL': {'n': 2673, 'totR': np.float64(-271.2), 'R_trade': np.float64(-0.101), 'wr': np.float64(44.9), 'PF': np.float64(0.82), 'green_days': np.float64(40.1), 'R_day': np.float64(-0.652), 'maxDD': np.float64(-274.2), 'green_months': np.float64(11.1)}, 'HOLDOUT': {'n': 2653, 'totR': np.float64(-152.7), 'R_trade': np.float64(-0.058), 'wr': np.float64(47.1), 'PF': np.float64(0.89), 'green_days': np.float64(44.8), 'R_day': np.float64(-0.354), 'maxDD': np.float64(-201.1), 'green_months': np.float64(31.6)}}
lgb_cls|1h|tp1|both|th=0.0	{'IS': {'n': 3884, 'totR': np.float64(-277.6), 'R_trade': np.float64(-0.071), 'wr': np.float64(46.4), 'PF': np.float64(0.87), 'green_days': np.float64(45.5), 'R_day': np.float64(-0.341), 'maxDD': np.float64(-282.5), 'green_months': np.float64(16.7)}, 'VAL': {'n': 1877, 'totR': np.float64(-123.3), 'R_trade': np.float64(-0.066), 'wr': np.float64(46.7), 'PF': np.float64(0.88), 'green_days': np.float64(40.9), 'R_day': np.float64(-0.302), 'maxDD': np.float64(-152.3), 'green_months': np.float64(27.8)}, 'HOLDOUT': {'n': 1984, 'totR': np.float64(-12.2), 'R_trade': np.float64(-0.006), 'wr': np.float64(49.7), 'PF': np.float64(0.99), 'green_days': np.float64(49.4), 'R_day': np.float64(-0.028), 'maxDD': np.float64(-69.0), 'green_months': np.float64(47.4)}}
lgb_cls|1h|tp1|both|th=0.05	{'IS': {'n': 2929, 'totR': np.float64(-213.3), 'R_trade': np.float64(-0.073), 'wr': np.float64(46.3), 'PF': np.float64(0.86), 'green_days': np.float64(44.7), 'R_day': np.float64(-0.267), 'maxDD': np.float64(-225.2), 'green_months': np.float64(19.4)}, 'VAL': {'n': 1334, 'totR': np.float64(-56.3), 'R_trade': np.float64(-0.042), 'wr': np.float64(47.8), 'PF': np.float64(0.92), 'green_days': np.float64(46.0), 'R_day': np.float64(-0.144), 'maxDD': np.float64(-71.3), 'green_months': np.float64(33.3)}, 'HOLDOUT': {'n': 1404, 'totR': np.float64(5.8), 'R_trade': np.float64(0.004), 'wr': np.float64(50.2), 'PF': np.float64(1.01), 'green_days': np.float64(49.9), 'R_day': np.float64(0.015), 'maxDD': np.float64(-46.0), 'green_months': np.float64(42.1)}}
lgb_cls|1h|tp1|both|th=0.1	{'IS': {'n': 2020, 'totR': np.float64(-173.6), 'R_trade': np.float64(-0.086), 'wr': np.float64(45.6), 'PF': np.float64(0.84), 'green_days': np.float64(45.3), 'R_day': np.float64(-0.238), 'maxDD': np.float64(-180.5), 'green_months': np.float64(25.0)}, 'VAL': {'n': 857, 'totR': np.float64(-34.6), 'R_trade': np.float64(-0.04), 'wr': np.float64(48.0), 'PF': np.float64(0.92), 'green_days': np.float64(49.1), 'R_day': np.float64(-0.103), 'maxDD': np.float64(-54.6), 'green_months': np.float64(33.3)}, 'HOLDOUT': {'n': 858, 'totR': np.float64(10.8), 'R_trade': np.float64(0.013), 'wr': np.float64(50.6), 'PF': np.float64(1.03), 'green_days': np.float64(49.8), 'R_day': np.float64(0.033), 'maxDD': np.float64(-38.0), 'green_months': np.float64(36.8)}}
lgb_cls|1h|tp1|both|th=0.2	{'IS': {'n': 722, 'totR': np.float64(-68.0), 'R_trade': np.float64(-0.094), 'wr': np.float64(45.3), 'PF': np.float64(0.83), 'green_days': np.float64(44.0), 'R_day': np.float64(-0.163), 'maxDD': np.float64(-84.0), 'green_months': np.float64(30.6)}, 'VAL': {'n': 228, 'totR': np.float64(0.0), 'R_trade': np.float64(0.0), 'wr': np.float64(50.0), 'PF': np.float64(1.0), 'green_days': np.float64(50.7), 'R_day': np.float64(0.0), 'maxDD': np.float64(-16.0), 'green_months': np.float64(50.0)}, 'HOLDOUT': {'n': 218, 'totR': np.float64(29.1), 'R_trade': np.float64(0.134), 'wr': np.float64(56.9), 'PF': np.float64(1.31), 'green_days': np.float64(56.3), 'R_day': np.float64(0.231), 'maxDD': np.float64(-8.0), 'green_months': np.float64(50.0)}}
lgb_cls|1h|tp1|both|th=0.3	{'IS': {'n': 155, 'totR': np.float64(-9.0), 'R_trade': np.float64(-0.058), 'wr': np.float64(47.1), 'PF': np.float64(0.89), 'green_days': np.float64(46.2), 'R_day': np.float64(-0.077), 'maxDD': np.float64(-18.0), 'green_months': np.float64(52.9)}, 'VAL': {'n': 29, 'totR': np.float64(5.0), 'R_trade': np.float64(0.172), 'wr': np.float64(58.6), 'PF': np.float64(1.42), 'green_days': np.float64(57.1), 'R_day': np.float64(0.238), 'maxDD': np.float64(-3.0), 'green_months': np.float64(53.8)}, 'HOLDOUT': {'n': 38, 'totR': np.float64(8.9), 'R_trade': np.float64(0.234), 'wr': np.float64(60.5), 'PF': np.float64(1.63), 'green_days': np.float64(62.5), 'R_day': np.float64(0.278), 'maxDD': np.float64(-4.0), 'green_months': np.float64(57.1)}}
lgb_cls|1h|tp1|long|th=0.0	{'IS': {'n': 2047, 'totR': np.float64(-169.0), 'R_trade': np.float64(-0.083), 'wr': np.float64(45.8), 'PF': np.float64(0.85), 'green_days': np.float64(47.3), 'R_day': np.float64(-0.244), 'maxDD': np.float64(-184.0), 'green_months': np.float64(22.2)}, 'VAL': {'n': 913, 'totR': np.float64(-1.3), 'R_trade': np.float64(-0.001), 'wr': np.float64(49.8), 'PF': np.float64(1.0), 'green_days': np.float64(51.5), 'R_day': np.float64(-0.004), 'maxDD': np.float64(-27.3), 'green_months': np.float64(33.3)}, 'HOLDOUT': {'n': 1091, 'totR': np.float64(50.0), 'R_trade': np.float64(0.046), 'wr': np.float64(52.3), 'PF': np.float64(1.1), 'green_days': np.float64(53.8), 'R_day': np.float64(0.148), 'maxDD': np.float64(-22.0), 'green_months': np.float64(57.9)}}
lgb_cls|1h|tp1|long|th=0.05	{'IS': {'n': 1502, 'totR': np.float64(-112.1), 'R_trade': np.float64(-0.075), 'wr': np.float64(46.2), 'PF': np.float64(0.86), 'green_days': np.float64(46.7), 'R_day': np.float64(-0.19), 'maxDD': np.float64(-125.0), 'green_months': np.float64(27.8)}, 'VAL': {'n': 621, 'totR': np.float64(2.7), 'R_trade': np.float64(0.004), 'wr': np.float64(50.1), 'PF': np.float64(1.01), 'green_days': np.float64(52.9), 'R_day': np.float64(0.01), 'maxDD': np.float64(-23.0), 'green_months': np.float64(38.9)}, 'HOLDOUT': {'n': 750, 'totR': np.float64(35.0), 'R_trade': np.float64(0.047), 'wr': np.float64(52.4), 'PF': np.float64(1.1), 'green_days': np.float64(53.5), 'R_day': np.float64(0.123), 'maxDD': np.float64(-23.0), 'green_months': np.float64(57.9)}}
lgb_cls|1h|tp1|long|th=0.1	{'IS': {'n': 1042, 'totR': np.float64(-93.2), 'R_trade': np.float64(-0.089), 'wr': np.float64(45.4), 'PF': np.float64(0.84), 'green_days': np.float64(47.5), 'R_day': np.float64(-0.2), 'maxDD': np.float64(-101.0), 'green_months': np.float64(36.1)}, 'VAL': {'n': 393, 'totR': np.float64(-4.6), 'R_trade': np.float64(-0.012), 'wr': np.float64(49.4), 'PF': np.float64(0.98), 'green_days': np.float64(50.2), 'R_day': np.float64(-0.022), 'maxDD': np.float64(-30.0), 'green_months': np.float64(44.4)}, 'HOLDOUT': {'n': 464, 'totR': np.float64(22.0), 'R_trade': np.float64(0.047), 'wr': np.float64(52.4), 'PF': np.float64(1.1), 'green_days': np.float64(52.4), 'R_day': np.float64(0.107), 'maxDD': np.float64(-23.0), 'green_months': np.float64(47.4)}}
lgb_cls|1h|tp1|long|th=0.2	{'IS': {'n': 371, 'totR': np.float64(-31.0), 'R_trade': np.float64(-0.084), 'wr': np.float64(45.8), 'PF': np.float64(0.85), 'green_days': np.float64(47.3), 'R_day': np.float64(-0.137), 'maxDD': np.float64(-34.0), 'green_months': np.float64(25.7)}, 'VAL': {'n': 97, 'totR': np.float64(7.0), 'R_trade': np.float64(0.072), 'wr': np.float64(53.6), 'PF': np.float64(1.16), 'green_days': np.float64(56.9), 'R_day': np.float64(0.108), 'maxDD': np.float64(-4.0), 'green_months': np.float64(61.1)}, 'HOLDOUT': {'n': 123, 'totR': np.float64(15.0), 'R_trade': np.float64(0.122), 'wr': np.float64(56.1), 'PF': np.float64(1.28), 'green_days': np.float64(59.7), 'R_day': np.float64(0.195), 'maxDD': np.float64(-8.0), 'green_months': np.float64(62.5)}}
lgb_cls|1h|tp1|long|th=0.3	{'IS': {'n': 84, 'totR': np.float64(2.0), 'R_trade': np.float64(0.024), 'wr': np.float64(51.2), 'PF': np.float64(1.05), 'green_days': np.float64(53.1), 'R_day': np.float64(0.031), 'maxDD': np.float64(-7.0), 'green_months': np.float64(65.4)}, 'VAL': {'n': 13, 'totR': np.float64(3.0), 'R_trade': np.float64(0.231), 'wr': np.float64(61.5), 'PF': np.float64(1.6), 'green_days': np.float64(66.7), 'R_day': np.float64(0.333), 'maxDD': np.float64(-1.0), 'green_months': np.float64(71.4)}, 'HOLDOUT': {'n': 19, 'totR': np.float64(3.0), 'R_trade': np.float64(0.158), 'wr': np.float64(57.9), 'PF': np.float64(1.37), 'green_days': np.float64(64.7), 'R_day': np.float64(0.176), 'maxDD': np.float64(-3.0), 'green_months': np.float64(50.0)}}
ALWAYS_LONG|1h|tp1.5	{'IS': {'n': 3875, 'totR': np.float64(-293.9), 'R_trade': np.float64(-0.076), 'wr': np.float64(37.1), 'PF': np.float64(0.88), 'green_days': np.float64(46.6), 'R_day': np.float64(-0.366), 'maxDD': np.float64(-321.7), 'green_months': np.float64(27.8)}, 'VAL': {'n': 2001, 'totR': np.float64(-18.5), 'R_trade': np.float64(-0.009), 'wr': np.float64(39.7), 'PF': np.float64(0.98), 'green_days': np.float64(49.9), 'R_day': np.float64(-0.045), 'maxDD': np.float64(-71.1), 'green_months': np.float64(44.4)}, 'HOLDOUT': {'n': 1942, 'totR': np.float64(65.3), 'R_trade': np.float64(0.034), 'wr': np.float64(41.5), 'PF': np.float64(1.06), 'green_days': np.float64(51.8), 'R_day': np.float64(0.154), 'maxDD': np.float64(-61.1), 'green_months': np.float64(68.4)}}
ALWAYS_SHORT|1h|tp1.5	{'IS': {'n': 3860, 'totR': np.float64(-171.5), 'R_trade': np.float64(-0.044), 'wr': np.float64(38.3), 'PF': np.float64(0.93), 'green_days': np.float64(46.3), 'R_day': np.float64(-0.213), 'maxDD': np.float64(-202.0), 'green_months': np.float64(44.4)}, 'VAL': {'n': 2040, 'totR': np.float64(-234.0), 'R_trade': np.float64(-0.115), 'wr': np.float64(35.5), 'PF': np.float64(0.82), 'green_days': np.float64(40.8), 'R_day': np.float64(-0.575), 'maxDD': np.float64(-248.2), 'green_months': np.float64(16.7)}, 'HOLDOUT': {'n': 1958, 'totR': np.float64(-165.8), 'R_trade': np.float64(-0.085), 'wr': np.float64(36.6), 'PF': np.float64(0.87), 'green_days': np.float64(42.7), 'R_day': np.float64(-0.393), 'maxDD': np.float64(-227.7), 'green_months': np.float64(26.3)}}
lgb_cls|1h|tp1.5|both|th=0.0	{'IS': {'n': 3121, 'totR': np.float64(-136.6), 'R_trade': np.float64(-0.044), 'wr': np.float64(38.4), 'PF': np.float64(0.93), 'green_days': np.float64(48.0), 'R_day': np.float64(-0.171), 'maxDD': np.float64(-178.5), 'green_months': np.float64(36.1)}, 'VAL': {'n': 1548, 'totR': np.float64(-114.8), 'R_trade': np.float64(-0.074), 'wr': np.float64(37.2), 'PF': np.float64(0.88), 'green_days': np.float64(44.5), 'R_day': np.float64(-0.288), 'maxDD': np.float64(-130.5), 'green_months': np.float64(38.9)}, 'HOLDOUT': {'n': 1594, 'totR': np.float64(-1.5), 'R_trade': np.float64(-0.001), 'wr': np.float64(40.1), 'PF': np.float64(1.0), 'green_days': np.float64(48.9), 'R_day': np.float64(-0.004), 'maxDD': np.float64(-32.9), 'green_months': np.float64(52.6)}}
lgb_cls|1h|tp1.5|both|th=0.05	{'IS': {'n': 2692, 'totR': np.float64(-108.1), 'R_trade': np.float64(-0.04), 'wr': np.float64(38.5), 'PF': np.float64(0.93), 'green_days': np.float64(46.7), 'R_day': np.float64(-0.138), 'maxDD': np.float64(-125.1), 'green_months': np.float64(41.7)}, 'VAL': {'n': 1294, 'totR': np.float64(-132.0), 'R_trade': np.float64(-0.102), 'wr': np.float64(36.2), 'PF': np.float64(0.84), 'green_days': np.float64(42.2), 'R_day': np.float64(-0.336), 'maxDD': np.float64(-151.5), 'green_months': np.float64(22.2)}, 'HOLDOUT': {'n': 1317, 'totR': np.float64(-8.8), 'R_trade': np.float64(-0.007), 'wr': np.float64(39.8), 'PF': np.float64(0.99), 'green_days': np.float64(48.5), 'R_day': np.float64(-0.022), 'maxDD': np.float64(-33.5), 'green_months': np.float64(42.1)}}
lgb_cls|1h|tp1.5|both|th=0.1	{'IS': {'n': 2196, 'totR': np.float64(-87.6), 'R_trade': np.float64(-0.04), 'wr': np.float64(38.6), 'PF': np.float64(0.93), 'green_days': np.float64(47.3), 'R_day': np.float64(-0.116), 'maxDD': np.float64(-94.7), 'green_months': np.float64(41.7)}, 'VAL': {'n': 984, 'totR': np.float64(-88.2), 'R_trade': np.float64(-0.09), 'wr': np.float64(36.5), 'PF': np.float64(0.86), 'green_days': np.float64(44.4), 'R_day': np.float64(-0.237), 'maxDD': np.float64(-95.2), 'green_months': np.float64(27.8)}, 'HOLDOUT': {'n': 995, 'totR': np.float64(65.4), 'R_trade': np.float64(0.066), 'wr': np.float64(42.7), 'PF': np.float64(1.11), 'green_days': np.float64(51.2), 'R_day': np.float64(0.173), 'maxDD': np.float64(-23.9), 'green_months': np.float64(63.2)}}
lgb_cls|1h|tp1.5|both|th=0.2	{'IS': {'n': 1302, 'totR': np.float64(-1.4), 'R_trade': np.float64(-0.001), 'wr': np.float64(40.1), 'PF': np.float64(1.0), 'green_days': np.float64(49.2), 'R_day': np.float64(-0.002), 'maxDD': np.float64(-67.0), 'green_months': np.float64(44.4)}, 'VAL': {'n': 535, 'totR': np.float64(-50.2), 'R_trade': np.float64(-0.094), 'wr': np.float64(36.6), 'PF': np.float64(0.85), 'green_days': np.float64(43.1), 'R_day': np.float64(-0.179), 'maxDD': np.float64(-49.7), 'green_months': np.float64(22.2)}, 'HOLDOUT': {'n': 482, 'totR': np.float64(64.1), 'R_trade': np.float64(0.133), 'wr': np.float64(45.4), 'PF': np.float64(1.24), 'green_days': np.float64(51.2), 'R_day': np.float64(0.246), 'maxDD': np.float64(-15.5), 'green_months': np.float64(68.4)}}
lgb_cls|1h|tp1.5|both|th=0.3	{'IS': {'n': 635, 'totR': np.float64(22.3), 'R_trade': np.float64(0.035), 'wr': np.float64(41.3), 'PF': np.float64(1.06), 'green_days': np.float64(48.2), 'R_day': np.float64(0.057), 'maxDD': np.float64(-21.0), 'green_months': np.float64(50.0)}, 'VAL': {'n': 216, 'totR': np.float64(-21.0), 'R_trade': np.float64(-0.097), 'wr': np.float64(36.6), 'PF': np.float64(0.85), 'green_days': np.float64(43.1), 'R_day': np.float64(-0.146), 'maxDD': np.float64(-26.0), 'green_months': np.float64(27.8)}, 'HOLDOUT': {'n': 161, 'totR': np.float64(34.8), 'R_trade': np.float64(0.216), 'wr': np.float64(48.4), 'PF': np.float64(1.42), 'green_days': np.float64(54.2), 'R_day': np.float64(0.325), 'maxDD': np.float64(-6.2), 'green_months': np.float64(63.2)}}
lgb_cls|1h|tp1.5|long|th=0.0	{'IS': {'n': 1775, 'totR': np.float64(-81.8), 'R_trade': np.float64(-0.046), 'wr': np.float64(38.4), 'PF': np.float64(0.92), 'green_days': np.float64(49.7), 'R_day': np.float64(-0.119), 'maxDD': np.float64(-104.7), 'green_months': np.float64(33.3)}, 'VAL': {'n': 819, 'totR': np.float64(-15.4), 'R_trade': np.float64(-0.019), 'wr': np.float64(39.3), 'PF': np.float64(0.97), 'green_days': np.float64(50.9), 'R_day': np.float64(-0.048), 'maxDD': np.float64(-43.1), 'green_months': np.float64(33.3)}, 'HOLDOUT': {'n': 988, 'totR': np.float64(62.0), 'R_trade': np.float64(0.063), 'wr': np.float64(42.7), 'PF': np.float64(1.11), 'green_days': np.float64(55.6), 'R_day': np.float64(0.178), 'maxDD': np.float64(-44.3), 'green_months': np.float64(57.9)}}
lgb_cls|1h|tp1.5|long|th=0.05	{'IS': {'n': 1441, 'totR': np.float64(-106.8), 'R_trade': np.float64(-0.074), 'wr': np.float64(37.2), 'PF': np.float64(0.88), 'green_days': np.float64(46.8), 'R_day': np.float64(-0.174), 'maxDD': np.float64(-116.6), 'green_months': np.float64(30.6)}, 'VAL': {'n': 626, 'totR': np.float64(-13.6), 'R_trade': np.float64(-0.022), 'wr': np.float64(39.3), 'PF': np.float64(0.96), 'green_days': np.float64(50.7), 'R_day': np.float64(-0.048), 'maxDD': np.float64(-37.3), 'green_months': np.float64(44.4)}, 'HOLDOUT': {'n': 769, 'totR': np.float64(60.0), 'R_trade': np.float64(0.078), 'wr': np.float64(43.3), 'PF': np.float64(1.14), 'green_days': np.float64(56.1), 'R_day': np.float64(0.199), 'maxDD': np.float64(-30.0), 'green_months': np.float64(52.6)}}
lgb_cls|1h|tp1.5|long|th=0.1	{'IS': {'n': 1142, 'totR': np.float64(-54.5), 'R_trade': np.float64(-0.048), 'wr': np.float64(38.3), 'PF': np.float64(0.92), 'green_days': np.float64(47.4), 'R_day': np.float64(-0.101), 'maxDD': np.float64(-64.8), 'green_months': np.float64(33.3)}, 'VAL': {'n': 442, 'totR': np.float64(11.5), 'R_trade': np.float64(0.026), 'wr': np.float64(41.0), 'PF': np.float64(1.04), 'green_days': np.float64(50.2), 'R_day': np.float64(0.049), 'maxDD': np.float64(-21.0), 'green_months': np.float64(66.7)}, 'HOLDOUT': {'n': 574, 'totR': np.float64(73.1), 'R_trade': np.float64(0.127), 'wr': np.float64(45.3), 'PF': np.float64(1.23), 'green_days': np.float64(54.5), 'R_day': np.float64(0.289), 'maxDD': np.float64(-23.9), 'green_months': np.float64(52.6)}}
lgb_cls|1h|tp1.5|long|th=0.2	{'IS': {'n': 646, 'totR': np.float64(-11.6), 'R_trade': np.float64(-0.018), 'wr': np.float64(39.3), 'PF': np.float64(0.97), 'green_days': np.float64(47.6), 'R_day': np.float64(-0.031), 'maxDD': np.float64(-37.7), 'green_months': np.float64(44.4)}, 'VAL': {'n': 233, 'totR': np.float64(9.6), 'R_trade': np.float64(0.041), 'wr': np.float64(42.1), 'PF': np.float64(1.07), 'green_days': np.float64(50.7), 'R_day': np.float64(0.067), 'maxDD': np.float64(-12.0), 'green_months': np.float64(50.0)}, 'HOLDOUT': {'n': 282, 'totR': np.float64(40.8), 'R_trade': np.float64(0.145), 'wr': np.float64(46.1), 'PF': np.float64(1.27), 'green_days': np.float64(55.3), 'R_day': np.float64(0.253), 'maxDD': np.float64(-16.7), 'green_months': np.float64(57.9)}}
lgb_cls|1h|tp1.5|long|th=0.3	{'IS': {'n': 315, 'totR': np.float64(30.0), 'R_trade': np.float64(0.095), 'wr': np.float64(43.8), 'PF': np.float64(1.17), 'green_days': np.float64(51.4), 'R_day': np.float64(0.144), 'maxDD': np.float64(-12.5), 'green_months': np.float64(52.8)}, 'VAL': {'n': 83, 'totR': np.float64(9.5), 'R_trade': np.float64(0.115), 'wr': np.float64(45.8), 'PF': np.float64(1.21), 'green_days': np.float64(53.3), 'R_day': np.float64(0.159), 'maxDD': np.float64(-8.5), 'green_months': np.float64(58.8)}, 'HOLDOUT': {'n': 105, 'totR': np.float64(8.3), 'R_trade': np.float64(0.079), 'wr': np.float64(42.9), 'PF': np.float64(1.14), 'green_days': np.float64(48.6), 'R_day': np.float64(0.119), 'maxDD': np.float64(-10.7), 'green_months': np.float64(61.1)}}
ALWAYS_LONG|1h|tp2	{'IS': {'n': 3158, 'totR': np.float64(-240.1), 'R_trade': np.float64(-0.076), 'wr': np.float64(31.3), 'PF': np.float64(0.89), 'green_days': np.float64(46.0), 'R_day': np.float64(-0.301), 'maxDD': np.float64(-282.7), 'green_months': np.float64(27.8)}, 'VAL': {'n': 1623, 'totR': np.float64(-11.9), 'R_trade': np.float64(-0.007), 'wr': np.float64(33.6), 'PF': np.float64(0.99), 'green_days': np.float64(48.6), 'R_day': np.float64(-0.029), 'maxDD': np.float64(-64.7), 'green_months': np.float64(50.0)}, 'HOLDOUT': {'n': 1521, 'totR': np.float64(94.8), 'R_trade': np.float64(0.062), 'wr': np.float64(35.9), 'PF': np.float64(1.1), 'green_days': np.float64(51.4), 'R_day': np.float64(0.228), 'maxDD': np.float64(-78.0), 'green_months': np.float64(63.2)}}
ALWAYS_SHORT|1h|tp2	{'IS': {'n': 3145, 'totR': np.float64(-159.0), 'R_trade': np.float64(-0.051), 'wr': np.float64(32.1), 'PF': np.float64(0.93), 'green_days': np.float64(46.4), 'R_day': np.float64(-0.199), 'maxDD': np.float64(-180.0), 'green_months': np.float64(50.0)}, 'VAL': {'n': 1670, 'totR': np.float64(-165.5), 'R_trade': np.float64(-0.099), 'wr': np.float64(30.4), 'PF': np.float64(0.86), 'green_days': np.float64(43.2), 'R_day': np.float64(-0.409), 'maxDD': np.float64(-203.5), 'green_months': np.float64(27.8)}, 'HOLDOUT': {'n': 1635, 'totR': np.float64(-164.2), 'R_trade': np.float64(-0.1), 'wr': np.float64(30.2), 'PF': np.float64(0.86), 'green_days': np.float64(42.7), 'R_day': np.float64(-0.392), 'maxDD': np.float64(-232.2), 'green_months': np.float64(31.6)}}
lgb_cls|1h|tp2|both|th=0.0	{'IS': {'n': 2541, 'totR': np.float64(-98.8), 'R_trade': np.float64(-0.039), 'wr': np.float64(32.5), 'PF': np.float64(0.94), 'green_days': np.float64(47.5), 'R_day': np.float64(-0.125), 'maxDD': np.float64(-137.6), 'green_months': np.float64(38.9)}, 'VAL': {'n': 1296, 'totR': np.float64(-140.1), 'R_trade': np.float64(-0.108), 'wr': np.float64(30.5), 'PF': np.float64(0.84), 'green_days': np.float64(45.6), 'R_day': np.float64(-0.355), 'maxDD': np.float64(-171.1), 'green_months': np.float64(22.2)}, 'HOLDOUT': {'n': 1292, 'totR': np.float64(76.1), 'R_trade': np.float64(0.059), 'wr': np.float64(35.7), 'PF': np.float64(1.09), 'green_days': np.float64(51.8), 'R_day': np.float64(0.183), 'maxDD': np.float64(-40.6), 'green_months': np.float64(63.2)}}
lgb_cls|1h|tp2|both|th=0.05	{'IS': {'n': 2313, 'totR': np.float64(-56.3), 'R_trade': np.float64(-0.024), 'wr': np.float64(33.0), 'PF': np.float64(0.96), 'green_days': np.float64(46.5), 'R_day': np.float64(-0.072), 'maxDD': np.float64(-106.5), 'green_months': np.float64(38.9)}, 'VAL': {'n': 1132, 'totR': np.float64(-123.2), 'R_trade': np.float64(-0.109), 'wr': np.float64(30.4), 'PF': np.float64(0.84), 'green_days': np.float64(44.4), 'R_day': np.float64(-0.322), 'maxDD': np.float64(-147.8), 'green_months': np.float64(33.3)}, 'HOLDOUT': {'n': 1124, 'totR': np.float64(39.2), 'R_trade': np.float64(0.035), 'wr': np.float64(34.9), 'PF': np.float64(1.05), 'green_days': np.float64(49.5), 'R_day': np.float64(0.098), 'maxDD': np.float64(-44.6), 'green_months': np.float64(63.2)}}
lgb_cls|1h|tp2|both|th=0.1	{'IS': {'n': 2002, 'totR': np.float64(5.4), 'R_trade': np.float64(0.003), 'wr': np.float64(33.9), 'PF': np.float64(1.0), 'green_days': np.float64(46.2), 'R_day': np.float64(0.007), 'maxDD': np.float64(-79.4), 'green_months': np.float64(55.6)}, 'VAL': {'n': 972, 'totR': np.float64(-70.1), 'R_trade': np.float64(-0.072), 'wr': np.float64(31.6), 'PF': np.float64(0.89), 'green_days': np.float64(46.5), 'R_day': np.float64(-0.188), 'maxDD': np.float64(-87.9), 'green_months': np.float64(33.3)}, 'HOLDOUT': {'n': 944, 'totR': np.float64(71.8), 'R_trade': np.float64(0.076), 'wr': np.float64(36.3), 'PF': np.float64(1.12), 'green_days': np.float64(50.9), 'R_day': np.float64(0.184), 'maxDD': np.float64(-34.0), 'green_months': np.float64(57.9)}}
lgb_cls|1h|tp2|both|th=0.2	{'IS': {'n': 1463, 'totR': np.float64(-73.7), 'R_trade': np.float64(-0.05), 'wr': np.float64(32.3), 'PF': np.float64(0.93), 'green_days': np.float64(42.3), 'R_day': np.float64(-0.109), 'maxDD': np.float64(-115.5), 'green_months': np.float64(44.4)}, 'VAL': {'n': 655, 'totR': np.float64(-25.2), 'R_trade': np.float64(-0.038), 'wr': np.float64(32.7), 'PF': np.float64(0.94), 'green_days': np.float64(47.1), 'R_day': np.float64(-0.081), 'maxDD': np.float64(-55.6), 'green_months': np.float64(33.3)}, 'HOLDOUT': {'n': 574, 'totR': np.float64(79.3), 'R_trade': np.float64(0.138), 'wr': np.float64(38.3), 'PF': np.float64(1.22), 'green_days': np.float64(51.5), 'R_day': np.float64(0.258), 'maxDD': np.float64(-22.5), 'green_months': np.float64(52.6)}}
lgb_cls|1h|tp2|both|th=0.3	{'IS': {'n': 931, 'totR': np.float64(-26.8), 'R_trade': np.float64(-0.029), 'wr': np.float64(33.2), 'PF': np.float64(0.96), 'green_days': np.float64(42.8), 'R_day': np.float64(-0.051), 'maxDD': np.float64(-63.2), 'green_months': np.float64(50.0)}, 'VAL': {'n': 377, 'totR': np.float64(-24.0), 'R_trade': np.float64(-0.064), 'wr': np.float64(32.1), 'PF': np.float64(0.91), 'green_days': np.float64(44.0), 'R_day': np.float64(-0.107), 'maxDD': np.float64(-30.9), 'green_months': np.float64(38.9)}, 'HOLDOUT': {'n': 282, 'totR': np.float64(32.6), 'R_trade': np.float64(0.116), 'wr': np.float64(37.6), 'PF': np.float64(1.19), 'green_days': np.float64(47.7), 'R_day': np.float64(0.169), 'maxDD': np.float64(-22.0), 'green_months': np.float64(61.1)}}
lgb_cls|1h|tp2|long|th=0.0	{'IS': {'n': 1576, 'totR': np.float64(-88.8), 'R_trade': np.float64(-0.056), 'wr': np.float64(32.2), 'PF': np.float64(0.92), 'green_days': np.float64(46.3), 'R_day': np.float64(-0.132), 'maxDD': np.float64(-115.4), 'green_months': np.float64(41.7)}, 'VAL': {'n': 706, 'totR': np.float64(3.7), 'R_trade': np.float64(0.005), 'wr': np.float64(34.6), 'PF': np.float64(1.01), 'green_days': np.float64(49.2), 'R_day': np.float64(0.011), 'maxDD': np.float64(-41.1), 'green_months': np.float64(66.7)}, 'HOLDOUT': {'n': 845, 'totR': np.float64(102.5), 'R_trade': np.float64(0.121), 'wr': np.float64(38.1), 'PF': np.float64(1.2), 'green_days': np.float64(51.5), 'R_day': np.float64(0.289), 'maxDD': np.float64(-42.0), 'green_months': np.float64(63.2)}}
lgb_cls|1h|tp2|long|th=0.05	{'IS': {'n': 1353, 'totR': np.float64(-37.5), 'R_trade': np.float64(-0.028), 'wr': np.float64(33.2), 'PF': np.float64(0.96), 'green_days': np.float64(46.5), 'R_day': np.float64(-0.06), 'maxDD': np.float64(-61.6), 'green_months': np.float64(44.4)}, 'VAL': {'n': 582, 'totR': np.float64(-23.1), 'R_trade': np.float64(-0.04), 'wr': np.float64(33.0), 'PF': np.float64(0.94), 'green_days': np.float64(47.5), 'R_day': np.float64(-0.082), 'maxDD': np.float64(-50.5), 'green_months': np.float64(50.0)}, 'HOLDOUT': {'n': 710, 'totR': np.float64(56.2), 'R_trade': np.float64(0.079), 'wr': np.float64(36.6), 'PF': np.float64(1.13), 'green_days': np.float64(48.5), 'R_day': np.float64(0.173), 'maxDD': np.float64(-33.0), 'green_months': np.float64(52.6)}}
lgb_cls|1h|tp2|long|th=0.1	{'IS': {'n': 1102, 'totR': np.float64(-21.3), 'R_trade': np.float64(-0.019), 'wr': np.float64(33.7), 'PF': np.float64(0.97), 'green_days': np.float64(45.0), 'R_day': np.float64(-0.039), 'maxDD': np.float64(-38.2), 'green_months': np.float64(47.2)}, 'VAL': {'n': 491, 'totR': np.float64(13.0), 'R_trade': np.float64(0.027), 'wr': np.float64(35.0), 'PF': np.float64(1.04), 'green_days': np.float64(49.2), 'R_day': np.float64(0.051), 'maxDD': np.float64(-28.6), 'green_months': np.float64(55.6)}, 'HOLDOUT': {'n': 575, 'totR': np.float64(78.9), 'R_trade': np.float64(0.137), 'wr': np.float64(38.6), 'PF': np.float64(1.22), 'green_days': np.float64(49.5), 'R_day': np.float64(0.267), 'maxDD': np.float64(-27.3), 'green_months': np.float64(63.2)}}
lgb_cls|1h|tp2|long|th=0.2	{'IS': {'n': 750, 'totR': np.float64(-46.1), 'R_trade': np.float64(-0.061), 'wr': np.float64(32.0), 'PF': np.float64(0.91), 'green_days': np.float64(41.7), 'R_day': np.float64(-0.109), 'maxDD': np.float64(-73.7), 'green_months': np.float64(36.1)}, 'VAL': {'n': 300, 'totR': np.float64(15.5), 'R_trade': np.float64(0.052), 'wr': np.float64(35.7), 'PF': np.float64(1.08), 'green_days': np.float64(48.6), 'R_day': np.float64(0.085), 'maxDD': np.float64(-20.3), 'green_months': np.float64(72.2)}, 'HOLDOUT': {'n': 324, 'totR': np.float64(53.6), 'R_trade': np.float64(0.165), 'wr': np.float64(39.5), 'PF': np.float64(1.27), 'green_days': np.float64(47.9), 'R_day': np.float64(0.279), 'maxDD': np.float64(-25.7), 'green_months': np.float64(52.6)}}
lgb_cls|1h|tp2|long|th=0.3	{'IS': {'n': 461, 'totR': np.float64(-15.2), 'R_trade': np.float64(-0.033), 'wr': np.float64(33.2), 'PF': np.float64(0.95), 'green_days': np.float64(41.9), 'R_day': np.float64(-0.052), 'maxDD': np.float64(-41.3), 'green_months': np.float64(50.0)}, 'VAL': {'n': 175, 'totR': np.float64(5.8), 'R_trade': np.float64(0.033), 'wr': np.float64(35.4), 'PF': np.float64(1.05), 'green_days': np.float64(43.3), 'R_day': np.float64(0.048), 'maxDD': np.float64(-15.2), 'green_months': np.float64(55.6)}, 'HOLDOUT': {'n': 166, 'totR': np.float64(14.0), 'R_trade': np.float64(0.085), 'wr': np.float64(36.7), 'PF': np.float64(1.13), 'green_days': np.float64(44.7), 'R_day': np.float64(0.123), 'maxDD': np.float64(-24.0), 'green_months': np.float64(50.0)}}
ALWAYS_LONG|1h|tp3	{'IS': {'n': 2404, 'totR': np.float64(-219.9), 'R_trade': np.float64(-0.091), 'wr': np.float64(25.1), 'PF': np.float64(0.88), 'green_days': np.float64(46.2), 'R_day': np.float64(-0.28), 'maxDD': np.float64(-261.0), 'green_months': np.float64(30.6)}, 'VAL': {'n': 1201, 'totR': np.float64(29.1), 'R_trade': np.float64(0.024), 'wr': np.float64(27.8), 'PF': np.float64(1.03), 'green_days': np.float64(51.0), 'R_day': np.float64(0.074), 'maxDD': np.float64(-61.9), 'green_months': np.float64(61.1)}, 'HOLDOUT': {'n': 1129, 'totR': np.float64(116.9), 'R_trade': np.float64(0.104), 'wr': np.float64(29.6), 'PF': np.float64(1.15), 'green_days': np.float64(52.0), 'R_day': np.float64(0.289), 'maxDD': np.float64(-63.0), 'green_months': np.float64(68.4)}}
ALWAYS_SHORT|1h|tp3	{'IS': {'n': 2406, 'totR': np.float64(-113.1), 'R_trade': np.float64(-0.047), 'wr': np.float64(25.7), 'PF': np.float64(0.94), 'green_days': np.float64(45.5), 'R_day': np.float64(-0.144), 'maxDD': np.float64(-136.8), 'green_months': np.float64(50.0)}, 'VAL': {'n': 1262, 'totR': np.float64(-175.8), 'R_trade': np.float64(-0.139), 'wr': np.float64(23.5), 'PF': np.float64(0.82), 'green_days': np.float64(43.7), 'R_day': np.float64(-0.442), 'maxDD': np.float64(-191.0), 'green_months': np.float64(16.7)}, 'HOLDOUT': {'n': 1272, 'totR': np.float64(-154.4), 'R_trade': np.float64(-0.121), 'wr': np.float64(23.4), 'PF': np.float64(0.84), 'green_days': np.float64(42.4), 'R_day': np.float64(-0.378), 'maxDD': np.float64(-223.0), 'green_months': np.float64(21.1)}}
lgb_cls|1h|tp3|both|th=0.0	{'IS': {'n': 1930, 'totR': np.float64(52.5), 'R_trade': np.float64(0.027), 'wr': np.float64(28.4), 'PF': np.float64(1.04), 'green_days': np.float64(49.0), 'R_day': np.float64(0.068), 'maxDD': np.float64(-44.3), 'green_months': np.float64(63.9)}, 'VAL': {'n': 1016, 'totR': np.float64(-96.7), 'R_trade': np.float64(-0.095), 'wr': np.float64(24.9), 'PF': np.float64(0.87), 'green_days': np.float64(45.5), 'R_day': np.float64(-0.253), 'maxDD': np.float64(-108.4), 'green_months': np.float64(33.3)}, 'HOLDOUT': {'n': 953, 'totR': np.float64(108.8), 'R_trade': np.float64(0.114), 'wr': np.float64(30.4), 'PF': np.float64(1.17), 'green_days': np.float64(50.8), 'R_day': np.float64(0.276), 'maxDD': np.float64(-42.4), 'green_months': np.float64(68.4)}}
lgb_cls|1h|tp3|both|th=0.05	{'IS': {'n': 1832, 'totR': np.float64(50.9), 'R_trade': np.float64(0.028), 'wr': np.float64(28.3), 'PF': np.float64(1.04), 'green_days': np.float64(47.9), 'R_day': np.float64(0.066), 'maxDD': np.float64(-38.2), 'green_months': np.float64(55.6)}, 'VAL': {'n': 917, 'totR': np.float64(-59.4), 'R_trade': np.float64(-0.065), 'wr': np.float64(26.0), 'PF': np.float64(0.91), 'green_days': np.float64(46.0), 'R_day': np.float64(-0.159), 'maxDD': np.float64(-75.7), 'green_months': np.float64(33.3)}, 'HOLDOUT': {'n': 869, 'totR': np.float64(80.4), 'R_trade': np.float64(0.093), 'wr': np.float64(30.0), 'PF': np.float64(1.13), 'green_days': np.float64(47.8), 'R_day': np.float64(0.208), 'maxDD': np.float64(-44.3), 'green_months': np.float64(57.9)}}
lgb_cls|1h|tp3|both|th=0.1	{'IS': {'n': 1695, 'totR': np.float64(56.6), 'R_trade': np.float64(0.033), 'wr': np.float64(28.6), 'PF': np.float64(1.05), 'green_days': np.float64(47.7), 'R_day': np.float64(0.075), 'maxDD': np.float64(-40.8), 'green_months': np.float64(63.9)}, 'VAL': {'n': 837, 'totR': np.float64(-29.7), 'R_trade': np.float64(-0.035), 'wr': np.float64(26.8), 'PF': np.float64(0.95), 'green_days': np.float64(45.7), 'R_day': np.float64(-0.083), 'maxDD': np.float64(-49.9), 'green_months': np.float64(38.9)}, 'HOLDOUT': {'n': 792, 'totR': np.float64(102.3), 'R_trade': np.float64(0.129), 'wr': np.float64(31.3), 'PF': np.float64(1.19), 'green_days': np.float64(48.8), 'R_day': np.float64(0.273), 'maxDD': np.float64(-36.0), 'green_months': np.float64(68.4)}}
lgb_cls|1h|tp3|both|th=0.2	{'IS': {'n': 1373, 'totR': np.float64(36.2), 'R_trade': np.float64(0.026), 'wr': np.float64(28.6), 'PF': np.float64(1.04), 'green_days': np.float64(44.8), 'R_day': np.float64(0.053), 'maxDD': np.float64(-36.1), 'green_months': np.float64(52.8)}, 'VAL': {'n': 681, 'totR': np.float64(-35.1), 'R_trade': np.float64(-0.052), 'wr': np.float64(26.6), 'PF': np.float64(0.93), 'green_days': np.float64(42.8), 'R_day': np.float64(-0.108), 'maxDD': np.float64(-65.7), 'green_months': np.float64(38.9)}, 'HOLDOUT': {'n': 624, 'totR': np.float64(76.0), 'R_trade': np.float64(0.122), 'wr': np.float64(31.2), 'PF': np.float64(1.18), 'green_days': np.float64(45.2), 'R_day': np.float64(0.226), 'maxDD': np.float64(-45.1), 'green_months': np.float64(63.2)}}
lgb_cls|1h|tp3|both|th=0.3	{'IS': {'n': 1071, 'totR': np.float64(8.7), 'R_trade': np.float64(0.008), 'wr': np.float64(28.5), 'PF': np.float64(1.01), 'green_days': np.float64(42.4), 'R_day': np.float64(0.014), 'maxDD': np.float64(-45.3), 'green_months': np.float64(41.7)}, 'VAL': {'n': 510, 'totR': np.float64(-32.0), 'R_trade': np.float64(-0.063), 'wr': np.float64(26.5), 'PF': np.float64(0.91), 'green_days': np.float64(40.2), 'R_day': np.float64(-0.114), 'maxDD': np.float64(-60.8), 'green_months': np.float64(33.3)}, 'HOLDOUT': {'n': 416, 'totR': np.float64(74.4), 'R_trade': np.float64(0.179), 'wr': np.float64(32.9), 'PF': np.float64(1.27), 'green_days': np.float64(43.6), 'R_day': np.float64(0.28), 'maxDD': np.float64(-22.6), 'green_months': np.float64(63.2)}}
lgb_cls|1h|tp3|long|th=0.0	{'IS': {'n': 1285, 'totR': np.float64(-72.7), 'R_trade': np.float64(-0.057), 'wr': np.float64(27.2), 'PF': np.float64(0.92), 'green_days': np.float64(44.2), 'R_day': np.float64(-0.111), 'maxDD': np.float64(-85.2), 'green_months': np.float64(41.7)}, 'VAL': {'n': 573, 'totR': np.float64(21.4), 'R_trade': np.float64(0.037), 'wr': np.float64(29.1), 'PF': np.float64(1.05), 'green_days': np.float64(44.6), 'R_day': np.float64(0.069), 'maxDD': np.float64(-38.5), 'green_months': np.float64(55.6)}, 'HOLDOUT': {'n': 695, 'totR': np.float64(77.4), 'R_trade': np.float64(0.111), 'wr': np.float64(30.2), 'PF': np.float64(1.16), 'green_days': np.float64(47.7), 'R_day': np.float64(0.224), 'maxDD': np.float64(-26.9), 'green_months': np.float64(52.6)}}
lgb_cls|1h|tp3|long|th=0.05	{'IS': {'n': 1158, 'totR': np.float64(-53.6), 'R_trade': np.float64(-0.046), 'wr': np.float64(27.5), 'PF': np.float64(0.94), 'green_days': np.float64(43.1), 'R_day': np.float64(-0.087), 'maxDD': np.float64(-69.3), 'green_months': np.float64(36.1)}, 'VAL': {'n': 524, 'totR': np.float64(22.3), 'R_trade': np.float64(0.043), 'wr': np.float64(29.2), 'PF': np.float64(1.06), 'green_days': np.float64(44.6), 'R_day': np.float64(0.078), 'maxDD': np.float64(-28.7), 'green_months': np.float64(55.6)}, 'HOLDOUT': {'n': 624, 'totR': np.float64(56.8), 'R_trade': np.float64(0.091), 'wr': np.float64(30.3), 'PF': np.float64(1.13), 'green_days': np.float64(46.0), 'R_day': np.float64(0.174), 'maxDD': np.float64(-33.8), 'green_months': np.float64(52.6)}}
lgb_cls|1h|tp3|long|th=0.1	{'IS': {'n': 1024, 'totR': np.float64(-28.3), 'R_trade': np.float64(-0.028), 'wr': np.float64(27.9), 'PF': np.float64(0.96), 'green_days': np.float64(43.1), 'R_day': np.float64(-0.049), 'maxDD': np.float64(-61.0), 'green_months': np.float64(36.1)}, 'VAL': {'n': 455, 'totR': np.float64(39.3), 'R_trade': np.float64(0.086), 'wr': np.float64(30.1), 'PF': np.float64(1.13), 'green_days': np.float64(45.2), 'R_day': np.float64(0.152), 'maxDD': np.float64(-26.3), 'green_months': np.float64(55.6)}, 'HOLDOUT': {'n': 529, 'totR': np.float64(77.5), 'R_trade': np.float64(0.146), 'wr': np.float64(32.1), 'PF': np.float64(1.22), 'green_days': np.float64(46.0), 'R_day': np.float64(0.256), 'maxDD': np.float64(-25.9), 'green_months': np.float64(52.6)}}
lgb_cls|1h|tp3|long|th=0.2	{'IS': {'n': 775, 'totR': np.float64(30.9), 'R_trade': np.float64(0.04), 'wr': np.float64(29.8), 'PF': np.float64(1.06), 'green_days': np.float64(43.0), 'R_day': np.float64(0.065), 'maxDD': np.float64(-35.1), 'green_months': np.float64(52.8)}, 'VAL': {'n': 343, 'totR': np.float64(24.8), 'R_trade': np.float64(0.072), 'wr': np.float64(30.3), 'PF': np.float64(1.11), 'green_days': np.float64(43.8), 'R_day': np.float64(0.118), 'maxDD': np.float64(-31.0), 'green_months': np.float64(50.0)}, 'HOLDOUT': {'n': 387, 'totR': np.float64(56.5), 'R_trade': np.float64(0.146), 'wr': np.float64(33.1), 'PF': np.float64(1.22), 'green_days': np.float64(45.6), 'R_day': np.float64(0.239), 'maxDD': np.float64(-30.0), 'green_months': np.float64(50.0)}}
lgb_cls|1h|tp3|long|th=0.3	{'IS': {'n': 559, 'totR': np.float64(14.7), 'R_trade': np.float64(0.026), 'wr': np.float64(30.2), 'PF': np.float64(1.04), 'green_days': np.float64(41.2), 'R_day': np.float64(0.039), 'maxDD': np.float64(-40.4), 'green_months': np.float64(50.0)}, 'VAL': {'n': 245, 'totR': np.float64(24.5), 'R_trade': np.float64(0.1), 'wr': np.float64(31.8), 'PF': np.float64(1.15), 'green_days': np.float64(45.1), 'R_day': np.float64(0.149), 'maxDD': np.float64(-18.0), 'green_months': np.float64(50.0)}, 'HOLDOUT': {'n': 252, 'totR': np.float64(49.4), 'R_trade': np.float64(0.196), 'wr': np.float64(33.7), 'PF': np.float64(1.3), 'green_days': np.float64(42.6), 'R_day': np.float64(0.281), 'maxDD': np.float64(-22.9), 'green_months': np.float64(50.0)}}
ALWAYS_LONG|1h|trail1	{'IS': {'n': 5333, 'totR': np.float64(-398.7), 'R_trade': np.float64(-0.075), 'wr': np.float64(34.1), 'PF': np.float64(0.82), 'green_days': np.float64(43.8), 'R_day': np.float64(-0.485), 'maxDD': np.float64(-442.9), 'green_months': np.float64(25.0)}, 'VAL': {'n': 2635, 'totR': np.float64(-33.8), 'R_trade': np.float64(-0.013), 'wr': np.float64(35.6), 'PF': np.float64(0.97), 'green_days': np.float64(48.0), 'R_day': np.float64(-0.08), 'maxDD': np.float64(-79.1), 'green_months': np.float64(44.4)}, 'HOLDOUT': {'n': 2541, 'totR': np.float64(151.8), 'R_trade': np.float64(0.06), 'wr': np.float64(38.1), 'PF': np.float64(1.16), 'green_days': np.float64(54.6), 'R_day': np.float64(0.359), 'maxDD': np.float64(-53.2), 'green_months': np.float64(73.7)}}
ALWAYS_SHORT|1h|trail1	{'IS': {'n': 5427, 'totR': np.float64(-280.9), 'R_trade': np.float64(-0.052), 'wr': np.float64(34.0), 'PF': np.float64(0.87), 'green_days': np.float64(41.7), 'R_day': np.float64(-0.338), 'maxDD': np.float64(-309.0), 'green_months': np.float64(33.3)}, 'VAL': {'n': 2883, 'totR': np.float64(-286.0), 'R_trade': np.float64(-0.099), 'wr': np.float64(33.6), 'PF': np.float64(0.77), 'green_days': np.float64(36.3), 'R_day': np.float64(-0.678), 'maxDD': np.float64(-300.2), 'green_months': np.float64(0.0)}, 'HOLDOUT': {'n': 2929, 'totR': np.float64(-152.8), 'R_trade': np.float64(-0.052), 'wr': np.float64(35.3), 'PF': np.float64(0.87), 'green_days': np.float64(41.2), 'R_day': np.float64(-0.35), 'maxDD': np.float64(-226.0), 'green_months': np.float64(36.8)}}
lgb_cls|1h|trail1|both|th=0.0	{'IS': {'n': 3658, 'totR': np.float64(-254.8), 'R_trade': np.float64(-0.07), 'wr': np.float64(33.2), 'PF': np.float64(0.83), 'green_days': np.float64(42.1), 'R_day': np.float64(-0.313), 'maxDD': np.float64(-253.1), 'green_months': np.float64(27.8)}, 'VAL': {'n': 1684, 'totR': np.float64(-83.8), 'R_trade': np.float64(-0.05), 'wr': np.float64(35.3), 'PF': np.float64(0.88), 'green_days': np.float64(41.7), 'R_day': np.float64(-0.208), 'maxDD': np.float64(-119.5), 'green_months': np.float64(22.2)}, 'HOLDOUT': {'n': 1799, 'totR': np.float64(98.8), 'R_trade': np.float64(0.055), 'wr': np.float64(38.5), 'PF': np.float64(1.15), 'green_days': np.float64(47.2), 'R_day': np.float64(0.238), 'maxDD': np.float64(-49.5), 'green_months': np.float64(63.2)}}
lgb_cls|1h|trail1|both|th=0.05	{'IS': {'n': 2346, 'totR': np.float64(-186.2), 'R_trade': np.float64(-0.079), 'wr': np.float64(33.5), 'PF': np.float64(0.81), 'green_days': np.float64(40.1), 'R_day': np.float64(-0.251), 'maxDD': np.float64(-188.6), 'green_months': np.float64(30.6)}, 'VAL': {'n': 973, 'totR': np.float64(-29.4), 'R_trade': np.float64(-0.03), 'wr': np.float64(36.6), 'PF': np.float64(0.92), 'green_days': np.float64(42.9), 'R_day': np.float64(-0.087), 'maxDD': np.float64(-51.1), 'green_months': np.float64(38.9)}, 'HOLDOUT': {'n': 995, 'totR': np.float64(122.0), 'R_trade': np.float64(0.123), 'wr': np.float64(41.0), 'PF': np.float64(1.35), 'green_days': np.float64(46.5), 'R_day': np.float64(0.345), 'maxDD': np.float64(-40.4), 'green_months': np.float64(77.8)}}
lgb_cls|1h|trail1|both|th=0.1	{'IS': {'n': 1339, 'totR': np.float64(-145.6), 'R_trade': np.float64(-0.109), 'wr': np.float64(33.0), 'PF': np.float64(0.74), 'green_days': np.float64(36.7), 'R_day': np.float64(-0.248), 'maxDD': np.float64(-146.9), 'green_months': np.float64(22.2)}, 'VAL': {'n': 476, 'totR': np.float64(6.3), 'R_trade': np.float64(0.013), 'wr': np.float64(40.3), 'PF': np.float64(1.04), 'green_days': np.float64(44.0), 'R_day': np.float64(0.029), 'maxDD': np.float64(-22.3), 'green_months': np.float64(61.1)}, 'HOLDOUT': {'n': 483, 'totR': np.float64(77.7), 'R_trade': np.float64(0.161), 'wr': np.float64(44.7), 'PF': np.float64(1.48), 'green_days': np.float64(47.7), 'R_day': np.float64(0.328), 'maxDD': np.float64(-20.2), 'green_months': np.float64(66.7)}}
lgb_cls|1h|trail1|both|th=0.2	{'IS': {'n': 289, 'totR': np.float64(-20.7), 'R_trade': np.float64(-0.072), 'wr': np.float64(34.9), 'PF': np.float64(0.83), 'green_days': np.float64(36.9), 'R_day': np.float64(-0.111), 'maxDD': np.float64(-32.0), 'green_months': np.float64(44.4)}, 'VAL': {'n': 69, 'totR': np.float64(-6.7), 'R_trade': np.float64(-0.096), 'wr': np.float64(39.1), 'PF': np.float64(0.76), 'green_days': np.float64(41.3), 'R_day': np.float64(-0.145), 'maxDD': np.float64(-9.1), 'green_months': np.float64(46.7)}, 'HOLDOUT': {'n': 71, 'totR': np.float64(31.8), 'R_trade': np.float64(0.448), 'wr': np.float64(54.9), 'PF': np.float64(2.58), 'green_days': np.float64(55.4), 'R_day': np.float64(0.568), 'maxDD': np.float64(-3.6), 'green_months': np.float64(62.5)}}
lgb_cls|1h|trail1|both|th=0.3	{'IS': {'n': 34, 'totR': np.float64(-0.6), 'R_trade': np.float64(-0.018), 'wr': np.float64(38.2), 'PF': np.float64(0.96), 'green_days': np.float64(36.7), 'R_day': np.float64(-0.02), 'maxDD': np.float64(-5.4), 'green_months': np.float64(36.8)}, 'VAL': {'n': 4, 'totR': np.float64(-1.3), 'R_trade': np.float64(-0.316), 'wr': np.float64(25.0), 'PF': np.float64(0.35), 'green_days': np.float64(25.0), 'R_day': np.float64(-0.316), 'maxDD': np.float64(-1.1), 'green_months': np.float64(25.0)}, 'HOLDOUT': {'n': 2, 'totR': np.float64(0.0), 'R_trade': np.float64(0.004), 'wr': np.float64(50.0), 'PF': np.float64(1.04), 'green_days': np.float64(50.0), 'R_day': np.float64(0.004), 'maxDD': np.float64(0.0), 'green_months': np.float64(50.0)}}
lgb_cls|1h|trail1|long|th=0.0	{'IS': {'n': 1816, 'totR': np.float64(-125.0), 'R_trade': np.float64(-0.069), 'wr': np.float64(34.3), 'PF': np.float64(0.83), 'green_days': np.float64(41.8), 'R_day': np.float64(-0.198), 'maxDD': np.float64(-138.7), 'green_months': np.float64(27.8)}, 'VAL': {'n': 885, 'totR': np.float64(14.2), 'R_trade': np.float64(0.016), 'wr': np.float64(35.8), 'PF': np.float64(1.04), 'green_days': np.float64(45.6), 'R_day': np.float64(0.044), 'maxDD': np.float64(-26.1), 'green_months': np.float64(61.1)}, 'HOLDOUT': {'n': 1212, 'totR': np.float64(98.6), 'R_trade': np.float64(0.081), 'wr': np.float64(39.0), 'PF': np.float64(1.22), 'green_days': np.float64(48.5), 'R_day': np.float64(0.273), 'maxDD': np.float64(-26.2), 'green_months': np.float64(78.9)}}
lgb_cls|1h|trail1|long|th=0.05	{'IS': {'n': 1098, 'totR': np.float64(-97.1), 'R_trade': np.float64(-0.088), 'wr': np.float64(33.9), 'PF': np.float64(0.79), 'green_days': np.float64(38.9), 'R_day': np.float64(-0.205), 'maxDD': np.float64(-105.6), 'green_months': np.float64(38.9)}, 'VAL': {'n': 491, 'totR': np.float64(16.2), 'R_trade': np.float64(0.033), 'wr': np.float64(36.5), 'PF': np.float64(1.08), 'green_days': np.float64(43.7), 'R_day': np.float64(0.07), 'maxDD': np.float64(-23.9), 'green_months': np.float64(61.1)}, 'HOLDOUT': {'n': 690, 'totR': np.float64(77.7), 'R_trade': np.float64(0.113), 'wr': np.float64(40.0), 'PF': np.float64(1.32), 'green_days': np.float64(48.6), 'R_day': np.float64(0.27), 'maxDD': np.float64(-30.1), 'green_months': np.float64(72.2)}}
lgb_cls|1h|trail1|long|th=0.1	{'IS': {'n': 628, 'totR': np.float64(-57.0), 'R_trade': np.float64(-0.091), 'wr': np.float64(34.6), 'PF': np.float64(0.78), 'green_days': np.float64(38.4), 'R_day': np.float64(-0.181), 'maxDD': np.float64(-59.0), 'green_months': np.float64(41.7)}, 'VAL': {'n': 239, 'totR': np.float64(10.1), 'R_trade': np.float64(0.042), 'wr': np.float64(38.9), 'PF': np.float64(1.11), 'green_days': np.float64(48.8), 'R_day': np.float64(0.081), 'maxDD': np.float64(-11.5), 'green_months': np.float64(55.6)}, 'HOLDOUT': {'n': 355, 'totR': np.float64(45.9), 'R_trade': np.float64(0.129), 'wr': np.float64(41.7), 'PF': np.float64(1.36), 'green_days': np.float64(45.4), 'R_day': np.float64(0.234), 'maxDD': np.float64(-22.3), 'green_months': np.float64(66.7)}}
lgb_cls|1h|trail1|long|th=0.2	{'IS': {'n': 135, 'totR': np.float64(-4.4), 'R_trade': np.float64(-0.032), 'wr': np.float64(38.5), 'PF': np.float64(0.92), 'green_days': np.float64(42.0), 'R_day': np.float64(-0.05), 'maxDD': np.float64(-14.1), 'green_months': np.float64(40.7)}, 'VAL': {'n': 40, 'totR': np.float64(-4.3), 'R_trade': np.float64(-0.108), 'wr': np.float64(35.0), 'PF': np.float64(0.76), 'green_days': np.float64(41.7), 'R_day': np.float64(-0.18), 'maxDD': np.float64(-5.7), 'green_months': np.float64(45.5)}, 'HOLDOUT': {'n': 52, 'totR': np.float64(24.6), 'R_trade': np.float64(0.473), 'wr': np.float64(51.9), 'PF': np.float64(2.65), 'green_days': np.float64(56.2), 'R_day': np.float64(0.513), 'maxDD': np.float64(-3.6), 'green_months': np.float64(69.2)}}
ALWAYS_LONG|1h|trail1_sl2	{'IS': {'n': 5333, 'totR': np.float64(-201.5), 'R_trade': np.float64(-0.038), 'wr': np.float64(34.1), 'PF': np.float64(0.82), 'green_days': np.float64(43.8), 'R_day': np.float64(-0.245), 'maxDD': np.float64(-223.6), 'green_months': np.float64(25.0)}, 'VAL': {'n': 2634, 'totR': np.float64(-12.8), 'R_trade': np.float64(-0.005), 'wr': np.float64(35.7), 'PF': np.float64(0.98), 'green_days': np.float64(48.5), 'R_day': np.float64(-0.03), 'maxDD': np.float64(-38.5), 'green_months': np.float64(44.4)}, 'HOLDOUT': {'n': 2541, 'totR': np.float64(75.9), 'R_trade': np.float64(0.03), 'wr': np.float64(38.1), 'PF': np.float64(1.16), 'green_days': np.float64(54.6), 'R_day': np.float64(0.179), 'maxDD': np.float64(-26.6), 'green_months': np.float64(73.7)}}
ALWAYS_SHORT|1h|trail1_sl2	{'IS': {'n': 5426, 'totR': np.float64(-138.3), 'R_trade': np.float64(-0.025), 'wr': np.float64(34.0), 'PF': np.float64(0.88), 'green_days': np.float64(41.9), 'R_day': np.float64(-0.167), 'maxDD': np.float64(-151.9), 'green_months': np.float64(33.3)}, 'VAL': {'n': 2883, 'totR': np.float64(-143.3), 'R_trade': np.float64(-0.05), 'wr': np.float64(33.6), 'PF': np.float64(0.77), 'green_days': np.float64(36.3), 'R_day': np.float64(-0.34), 'maxDD': np.float64(-150.4), 'green_months': np.float64(0.0)}, 'HOLDOUT': {'n': 2929, 'totR': np.float64(-76.9), 'R_trade': np.float64(-0.026), 'wr': np.float64(35.3), 'PF': np.float64(0.87), 'green_days': np.float64(41.2), 'R_day': np.float64(-0.176), 'maxDD': np.float64(-113.5), 'green_months': np.float64(31.6)}}
lgb_cls|1h|trail1_sl2|both|th=0.0	{'IS': {'n': 3595, 'totR': np.float64(-111.3), 'R_trade': np.float64(-0.031), 'wr': np.float64(33.9), 'PF': np.float64(0.85), 'green_days': np.float64(43.6), 'R_day': np.float64(-0.138), 'maxDD': np.float64(-110.1), 'green_months': np.float64(33.3)}, 'VAL': {'n': 1696, 'totR': np.float64(-46.4), 'R_trade': np.float64(-0.027), 'wr': np.float64(35.3), 'PF': np.float64(0.87), 'green_days': np.float64(41.2), 'R_day': np.float64(-0.115), 'maxDD': np.float64(-57.4), 'green_months': np.float64(16.7)}, 'HOLDOUT': {'n': 1796, 'totR': np.float64(34.3), 'R_trade': np.float64(0.019), 'wr': np.float64(37.2), 'PF': np.float64(1.1), 'green_days': np.float64(48.2), 'R_day': np.float64(0.083), 'maxDD': np.float64(-26.9), 'green_months': np.float64(63.2)}}
lgb_cls|1h|trail1_sl2|both|th=0.05	{'IS': {'n': 1363, 'totR': np.float64(-71.6), 'R_trade': np.float64(-0.053), 'wr': np.float64(33.6), 'PF': np.float64(0.75), 'green_days': np.float64(38.3), 'R_day': np.float64(-0.124), 'maxDD': np.float64(-72.8), 'green_months': np.float64(25.0)}, 'VAL': {'n': 482, 'totR': np.float64(-3.4), 'R_trade': np.float64(-0.007), 'wr': np.float64(37.8), 'PF': np.float64(0.96), 'green_days': np.float64(42.7), 'R_day': np.float64(-0.015), 'maxDD': np.float64(-14.7), 'green_months': np.float64(44.4)}, 'HOLDOUT': {'n': 494, 'totR': np.float64(41.8), 'R_trade': np.float64(0.085), 'wr': np.float64(44.5), 'PF': np.float64(1.52), 'green_days': np.float64(49.4), 'R_day': np.float64(0.171), 'maxDD': np.float64(-11.3), 'green_months': np.float64(66.7)}}
lgb_cls|1h|trail1_sl2|both|th=0.1	{'IS': {'n': 277, 'totR': np.float64(-16.1), 'R_trade': np.float64(-0.058), 'wr': np.float64(34.3), 'PF': np.float64(0.73), 'green_days': np.float64(37.4), 'R_day': np.float64(-0.09), 'maxDD': np.float64(-17.4), 'green_months': np.float64(36.1)}, 'VAL': {'n': 77, 'totR': np.float64(-3.0), 'R_trade': np.float64(-0.039), 'wr': np.float64(40.3), 'PF': np.float64(0.81), 'green_days': np.float64(39.6), 'R_day': np.float64(-0.063), 'maxDD': np.float64(-4.4), 'green_months': np.float64(35.7)}, 'HOLDOUT': {'n': 71, 'totR': np.float64(14.5), 'R_trade': np.float64(0.204), 'wr': np.float64(53.5), 'PF': np.float64(2.42), 'green_days': np.float64(49.1), 'R_day': np.float64(0.255), 'maxDD': np.float64(-1.9), 'green_months': np.float64(62.5)}}
lgb_cls|1h|trail1_sl2|long|th=0.0	{'IS': {'n': 1812, 'totR': np.float64(-62.3), 'R_trade': np.float64(-0.034), 'wr': np.float64(34.3), 'PF': np.float64(0.83), 'green_days': np.float64(41.9), 'R_day': np.float64(-0.099), 'maxDD': np.float64(-68.7), 'green_months': np.float64(30.6)}, 'VAL': {'n': 863, 'totR': np.float64(8.2), 'R_trade': np.float64(0.01), 'wr': np.float64(36.8), 'PF': np.float64(1.05), 'green_days': np.float64(45.1), 'R_day': np.float64(0.025), 'maxDD': np.float64(-12.8), 'green_months': np.float64(61.1)}, 'HOLDOUT': {'n': 1205, 'totR': np.float64(41.7), 'R_trade': np.float64(0.035), 'wr': np.float64(38.2), 'PF': np.float64(1.19), 'green_days': np.float64(48.0), 'R_day': np.float64(0.112), 'maxDD': np.float64(-15.7), 'green_months': np.float64(73.7)}}
lgb_cls|1h|trail1_sl2|long|th=0.05	{'IS': {'n': 628, 'totR': np.float64(-29.6), 'R_trade': np.float64(-0.047), 'wr': np.float64(34.6), 'PF': np.float64(0.77), 'green_days': np.float64(38.4), 'R_day': np.float64(-0.094), 'maxDD': np.float64(-30.6), 'green_months': np.float64(41.7)}, 'VAL': {'n': 233, 'totR': np.float64(9.4), 'R_trade': np.float64(0.04), 'wr': np.float64(39.5), 'PF': np.float64(1.22), 'green_days': np.float64(51.6), 'R_day': np.float64(0.076), 'maxDD': np.float64(-5.8), 'green_months': np.float64(66.7)}, 'HOLDOUT': {'n': 361, 'totR': np.float64(25.0), 'R_trade': np.float64(0.069), 'wr': np.float64(41.8), 'PF': np.float64(1.39), 'green_days': np.float64(45.7), 'R_day': np.float64(0.126), 'maxDD': np.float64(-12.0), 'green_months': np.float64(55.6)}}
lgb_cls|1h|trail1_sl2|long|th=0.1	{'IS': {'n': 133, 'totR': np.float64(-2.0), 'R_trade': np.float64(-0.015), 'wr': np.float64(39.1), 'PF': np.float64(0.93), 'green_days': np.float64(42.5), 'R_day': np.float64(-0.022), 'maxDD': np.float64(-7.2), 'green_months': np.float64(40.7)}, 'VAL': {'n': 42, 'totR': np.float64(-1.5), 'R_trade': np.float64(-0.036), 'wr': np.float64(35.7), 'PF': np.float64(0.84), 'green_days': np.float64(43.5), 'R_day': np.float64(-0.065), 'maxDD': np.float64(-2.8), 'green_months': np.float64(40.0)}, 'HOLDOUT': {'n': 51, 'totR': np.float64(10.0), 'R_trade': np.float64(0.196), 'wr': np.float64(49.0), 'PF': np.float64(2.22), 'green_days': np.float64(47.9), 'R_day': np.float64(0.209), 'maxDD': np.float64(-2.8), 'green_months': np.float64(60.0)}}
ALWAYS_LONG|1h|time60	{'IS': {'n': 16988, 'totR': np.float64(-1142.7), 'R_trade': np.float64(-0.067), 'wr': np.float64(43.4), 'PF': np.float64(0.76), 'green_days': np.float64(32.7), 'R_day': np.float64(-1.245), 'maxDD': np.float64(-1159.4), 'green_months': np.float64(2.8)}, 'VAL': {'n': 8632, 'totR': np.float64(-364.1), 'R_trade': np.float64(-0.042), 'wr': np.float64(45.4), 'PF': np.float64(0.84), 'green_days': np.float64(39.3), 'R_day': np.float64(-0.786), 'maxDD': np.float64(-380.1), 'green_months': np.float64(16.7)}, 'HOLDOUT': {'n': 8568, 'totR': np.float64(-48.2), 'R_trade': np.float64(-0.006), 'wr': np.float64(49.0), 'PF': np.float64(0.98), 'green_days': np.float64(47.4), 'R_day': np.float64(-0.105), 'maxDD': np.float64(-91.3), 'green_months': np.float64(47.4)}}
ALWAYS_SHORT|1h|time60	{'IS': {'n': 16989, 'totR': np.float64(-1124.5), 'R_trade': np.float64(-0.066), 'wr': np.float64(43.2), 'PF': np.float64(0.76), 'green_days': np.float64(31.5), 'R_day': np.float64(-1.226), 'maxDD': np.float64(-1126.4), 'green_months': np.float64(2.8)}, 'VAL': {'n': 8633, 'totR': np.float64(-727.2), 'R_trade': np.float64(-0.084), 'wr': np.float64(41.1), 'PF': np.float64(0.71), 'green_days': np.float64(30.1), 'R_day': np.float64(-1.574), 'maxDD': np.float64(-728.5), 'green_months': np.float64(0.0)}, 'HOLDOUT': {'n': 8562, 'totR': np.float64(-331.2), 'R_trade': np.float64(-0.039), 'wr': np.float64(45.5), 'PF': np.float64(0.86), 'green_days': np.float64(38.6), 'R_day': np.float64(-0.723), 'maxDD': np.float64(-385.0), 'green_months': np.float64(21.1)}}
lgb_cls|1h|time60|both|th=0.0	{'IS': {'n': 3930, 'totR': np.float64(-211.3), 'R_trade': np.float64(-0.054), 'wr': np.float64(46.2), 'PF': np.float64(0.8), 'green_days': np.float64(45.3), 'R_day': np.float64(-0.262), 'maxDD': np.float64(-217.1), 'green_months': np.float64(22.2)}, 'VAL': {'n': 1533, 'totR': np.float64(-31.3), 'R_trade': np.float64(-0.02), 'wr': np.float64(48.5), 'PF': np.float64(0.91), 'green_days': np.float64(50.1), 'R_day': np.float64(-0.08), 'maxDD': np.float64(-43.0), 'green_months': np.float64(27.8)}, 'HOLDOUT': {'n': 1831, 'totR': np.float64(-22.2), 'R_trade': np.float64(-0.012), 'wr': np.float64(49.5), 'PF': np.float64(0.95), 'green_days': np.float64(47.6), 'R_day': np.float64(-0.053), 'maxDD': np.float64(-36.4), 'green_months': np.float64(27.8)}}
lgb_cls|1h|time60|both|th=0.05	{'IS': {'n': 605, 'totR': np.float64(-35.0), 'R_trade': np.float64(-0.058), 'wr': np.float64(48.8), 'PF': np.float64(0.77), 'green_days': np.float64(50.0), 'R_day': np.float64(-0.094), 'maxDD': np.float64(-41.4), 'green_months': np.float64(33.3)}, 'VAL': {'n': 198, 'totR': np.float64(-1.8), 'R_trade': np.float64(-0.009), 'wr': np.float64(51.0), 'PF': np.float64(0.96), 'green_days': np.float64(52.7), 'R_day': np.float64(-0.013), 'maxDD': np.float64(-10.3), 'green_months': np.float64(38.9)}, 'HOLDOUT': {'n': 217, 'totR': np.float64(8.2), 'R_trade': np.float64(0.038), 'wr': np.float64(54.8), 'PF': np.float64(1.18), 'green_days': np.float64(55.8), 'R_day': np.float64(0.049), 'maxDD': np.float64(-8.6), 'green_months': np.float64(61.1)}}
lgb_cls|1h|time60|both|th=0.1	{'IS': {'n': 55, 'totR': np.float64(3.3), 'R_trade': np.float64(0.06), 'wr': np.float64(61.8), 'PF': np.float64(1.34), 'green_days': np.float64(65.4), 'R_day': np.float64(0.063), 'maxDD': np.float64(-4.0), 'green_months': np.float64(73.9)}, 'VAL': {'n': 19, 'totR': np.float64(1.9), 'R_trade': np.float64(0.099), 'wr': np.float64(68.4), 'PF': np.float64(1.66), 'green_days': np.float64(64.7), 'R_day': np.float64(0.111), 'maxDD': np.float64(-1.2), 'green_months': np.float64(54.5)}, 'HOLDOUT': {'n': 20, 'totR': np.float64(0.1), 'R_trade': np.float64(0.007), 'wr': np.float64(70.0), 'PF': np.float64(1.03), 'green_days': np.float64(70.0), 'R_day': np.float64(0.007), 'maxDD': np.float64(-3.3), 'green_months': np.float64(63.6)}}
lgb_cls|1h|time60|long|th=0.0	{'IS': {'n': 1987, 'totR': np.float64(-88.2), 'R_trade': np.float64(-0.044), 'wr': np.float64(48.1), 'PF': np.float64(0.83), 'green_days': np.float64(47.1), 'R_day': np.float64(-0.137), 'maxDD': np.float64(-99.4), 'green_months': np.float64(27.8)}, 'VAL': {'n': 836, 'totR': np.float64(-9.4), 'R_trade': np.float64(-0.011), 'wr': np.float64(51.1), 'PF': np.float64(0.95), 'green_days': np.float64(55.3), 'R_day': np.float64(-0.029), 'maxDD': np.float64(-22.1), 'green_months': np.float64(38.9)}, 'HOLDOUT': {'n': 1216, 'totR': np.float64(6.7), 'R_trade': np.float64(0.005), 'wr': np.float64(51.3), 'PF': np.float64(1.02), 'green_days': np.float64(50.4), 'R_day': np.float64(0.018), 'maxDD': np.float64(-14.5), 'green_months': np.float64(50.0)}}
lgb_cls|1h|time60|long|th=0.05	{'IS': {'n': 340, 'totR': np.float64(-18.7), 'R_trade': np.float64(-0.055), 'wr': np.float64(50.6), 'PF': np.float64(0.78), 'green_days': np.float64(51.8), 'R_day': np.float64(-0.082), 'maxDD': np.float64(-24.2), 'green_months': np.float64(42.9)}, 'VAL': {'n': 141, 'totR': np.float64(5.5), 'R_trade': np.float64(0.039), 'wr': np.float64(54.6), 'PF': np.float64(1.21), 'green_days': np.float64(57.6), 'R_day': np.float64(0.056), 'maxDD': np.float64(-5.8), 'green_months': np.float64(55.6)}, 'HOLDOUT': {'n': 187, 'totR': np.float64(9.9), 'R_trade': np.float64(0.053), 'wr': np.float64(57.2), 'PF': np.float64(1.26), 'green_days': np.float64(56.7), 'R_day': np.float64(0.066), 'maxDD': np.float64(-7.1), 'green_months': np.float64(66.7)}}
lgb_cls|1h|time60|long|th=0.1	{'IS': {'n': 43, 'totR': np.float64(2.8), 'R_trade': np.float64(0.064), 'wr': np.float64(62.8), 'PF': np.float64(1.34), 'green_days': np.float64(67.5), 'R_day': np.float64(0.069), 'maxDD': np.float64(-4.0), 'green_months': np.float64(65.0)}, 'VAL': {'n': 19, 'totR': np.float64(1.9), 'R_trade': np.float64(0.099), 'wr': np.float64(68.4), 'PF': np.float64(1.66), 'green_days': np.float64(64.7), 'R_day': np.float64(0.111), 'maxDD': np.float64(-1.2), 'green_months': np.float64(54.5)}, 'HOLDOUT': {'n': 19, 'totR': np.float64(-0.6), 'R_trade': np.float64(-0.032), 'wr': np.float64(68.4), 'PF': np.float64(0.87), 'green_days': np.float64(68.4), 'R_day': np.float64(-0.032), 'maxDD': np.float64(-3.3), 'green_months': np.float64(60.0)}}
ALWAYS_LONG|1h|time240	{'IS': {'n': 4846, 'totR': np.float64(-240.6), 'R_trade': np.float64(-0.05), 'wr': np.float64(43.5), 'PF': np.float64(0.87), 'green_days': np.float64(42.0), 'R_day': np.float64(-0.292), 'maxDD': np.float64(-277.8), 'green_months': np.float64(27.8)}, 'VAL': {'n': 2450, 'totR': np.float64(-4.7), 'R_trade': np.float64(-0.002), 'wr': np.float64(46.1), 'PF': np.float64(0.99), 'green_days': np.float64(47.6), 'R_day': np.float64(-0.011), 'maxDD': np.float64(-60.7), 'green_months': np.float64(61.1)}, 'HOLDOUT': {'n': 2393, 'totR': np.float64(90.8), 'R_trade': np.float64(0.038), 'wr': np.float64(50.6), 'PF': np.float64(1.11), 'green_days': np.float64(50.6), 'R_day': np.float64(0.217), 'maxDD': np.float64(-42.8), 'green_months': np.float64(68.4)}}
ALWAYS_SHORT|1h|time240	{'IS': {'n': 4787, 'totR': np.float64(-165.3), 'R_trade': np.float64(-0.035), 'wr': np.float64(43.7), 'PF': np.float64(0.9), 'green_days': np.float64(42.7), 'R_day': np.float64(-0.204), 'maxDD': np.float64(-198.9), 'green_months': np.float64(38.9)}, 'VAL': {'n': 2463, 'totR': np.float64(-230.4), 'R_trade': np.float64(-0.094), 'wr': np.float64(40.6), 'PF': np.float64(0.76), 'green_days': np.float64(38.6), 'R_day': np.float64(-0.555), 'maxDD': np.float64(-240.1), 'green_months': np.float64(11.1)}, 'HOLDOUT': {'n': 2359, 'totR': np.float64(-127.0), 'R_trade': np.float64(-0.054), 'wr': np.float64(43.8), 'PF': np.float64(0.85), 'green_days': np.float64(41.9), 'R_day': np.float64(-0.306), 'maxDD': np.float64(-177.9), 'green_months': np.float64(26.3)}}
lgb_cls|1h|time240|both|th=0.0	{'IS': {'n': 3658, 'totR': np.float64(-125.8), 'R_trade': np.float64(-0.034), 'wr': np.float64(46.5), 'PF': np.float64(0.89), 'green_days': np.float64(45.8), 'R_day': np.float64(-0.152), 'maxDD': np.float64(-126.4), 'green_months': np.float64(30.6)}, 'VAL': {'n': 1799, 'totR': np.float64(-72.5), 'R_trade': np.float64(-0.04), 'wr': np.float64(47.0), 'PF': np.float64(0.87), 'green_days': np.float64(46.1), 'R_day': np.float64(-0.175), 'maxDD': np.float64(-86.5), 'green_months': np.float64(27.8)}, 'HOLDOUT': {'n': 1754, 'totR': np.float64(38.5), 'R_trade': np.float64(0.022), 'wr': np.float64(50.1), 'PF': np.float64(1.07), 'green_days': np.float64(52.4), 'R_day': np.float64(0.093), 'maxDD': np.float64(-22.9), 'green_months': np.float64(57.9)}}
lgb_cls|1h|time240|both|th=0.05	{'IS': {'n': 2547, 'totR': np.float64(-88.7), 'R_trade': np.float64(-0.035), 'wr': np.float64(47.5), 'PF': np.float64(0.88), 'green_days': np.float64(47.1), 'R_day': np.float64(-0.111), 'maxDD': np.float64(-102.8), 'green_months': np.float64(36.1)}, 'VAL': {'n': 1148, 'totR': np.float64(-23.3), 'R_trade': np.float64(-0.02), 'wr': np.float64(47.3), 'PF': np.float64(0.93), 'green_days': np.float64(48.2), 'R_day': np.float64(-0.059), 'maxDD': np.float64(-38.5), 'green_months': np.float64(38.9)}, 'HOLDOUT': {'n': 1062, 'totR': np.float64(12.2), 'R_trade': np.float64(0.011), 'wr': np.float64(50.7), 'PF': np.float64(1.04), 'green_days': np.float64(50.5), 'R_day': np.float64(0.032), 'maxDD': np.float64(-21.1), 'green_months': np.float64(52.6)}}
lgb_cls|1h|time240|both|th=0.1	{'IS': {'n': 1397, 'totR': np.float64(-70.2), 'R_trade': np.float64(-0.05), 'wr': np.float64(46.5), 'PF': np.float64(0.83), 'green_days': np.float64(46.2), 'R_day': np.float64(-0.105), 'maxDD': np.float64(-72.5), 'green_months': np.float64(27.8)}, 'VAL': {'n': 539, 'totR': np.float64(-13.8), 'R_trade': np.float64(-0.026), 'wr': np.float64(50.3), 'PF': np.float64(0.91), 'green_days': np.float64(49.3), 'R_day': np.float64(-0.047), 'maxDD': np.float64(-24.2), 'green_months': np.float64(38.9)}, 'HOLDOUT': {'n': 485, 'totR': np.float64(6.6), 'R_trade': np.float64(0.014), 'wr': np.float64(50.3), 'PF': np.float64(1.05), 'green_days': np.float64(49.0), 'R_day': np.float64(0.027), 'maxDD': np.float64(-18.7), 'green_months': np.float64(61.1)}}
lgb_cls|1h|time240|both|th=0.2	{'IS': {'n': 185, 'totR': np.float64(3.0), 'R_trade': np.float64(0.016), 'wr': np.float64(52.4), 'PF': np.float64(1.06), 'green_days': np.float64(54.4), 'R_day': np.float64(0.02), 'maxDD': np.float64(-5.6), 'green_months': np.float64(50.0)}, 'VAL': {'n': 49, 'totR': np.float64(0.1), 'R_trade': np.float64(0.002), 'wr': np.float64(51.0), 'PF': np.float64(1.01), 'green_days': np.float64(50.0), 'R_day': np.float64(0.003), 'maxDD': np.float64(-4.0), 'green_months': np.float64(62.5)}, 'HOLDOUT': {'n': 38, 'totR': np.float64(-0.8), 'R_trade': np.float64(-0.022), 'wr': np.float64(50.0), 'PF': np.float64(0.94), 'green_days': np.float64(52.9), 'R_day': np.float64(-0.025), 'maxDD': np.float64(-3.6), 'green_months': np.float64(50.0)}}
lgb_cls|1h|time240|long|th=0.0	{'IS': {'n': 2198, 'totR': np.float64(-64.8), 'R_trade': np.float64(-0.029), 'wr': np.float64(47.1), 'PF': np.float64(0.9), 'green_days': np.float64(48.1), 'R_day': np.float64(-0.088), 'maxDD': np.float64(-71.5), 'green_months': np.float64(33.3)}, 'VAL': {'n': 1071, 'totR': np.float64(31.8), 'R_trade': np.float64(0.03), 'wr': np.float64(52.4), 'PF': np.float64(1.11), 'green_days': np.float64(56.8), 'R_day': np.float64(0.083), 'maxDD': np.float64(-19.6), 'green_months': np.float64(61.1)}, 'HOLDOUT': {'n': 1242, 'totR': np.float64(76.7), 'R_trade': np.float64(0.062), 'wr': np.float64(53.4), 'PF': np.float64(1.22), 'green_days': np.float64(56.9), 'R_day': np.float64(0.195), 'maxDD': np.float64(-29.2), 'green_months': np.float64(57.9)}}
lgb_cls|1h|time240|long|th=0.05	{'IS': {'n': 1407, 'totR': np.float64(-44.0), 'R_trade': np.float64(-0.031), 'wr': np.float64(48.4), 'PF': np.float64(0.89), 'green_days': np.float64(50.2), 'R_day': np.float64(-0.071), 'maxDD': np.float64(-50.5), 'green_months': np.float64(36.1)}, 'VAL': {'n': 647, 'totR': np.float64(23.5), 'R_trade': np.float64(0.036), 'wr': np.float64(52.7), 'PF': np.float64(1.14), 'green_days': np.float64(55.9), 'R_day': np.float64(0.076), 'maxDD': np.float64(-12.6), 'green_months': np.float64(61.1)}, 'HOLDOUT': {'n': 756, 'totR': np.float64(33.4), 'R_trade': np.float64(0.044), 'wr': np.float64(53.4), 'PF': np.float64(1.15), 'green_days': np.float64(55.0), 'R_day': np.float64(0.108), 'maxDD': np.float64(-21.4), 'green_months': np.float64(47.4)}}
lgb_cls|1h|time240|long|th=0.1	{'IS': {'n': 761, 'totR': np.float64(-45.9), 'R_trade': np.float64(-0.06), 'wr': np.float64(46.8), 'PF': np.float64(0.79), 'green_days': np.float64(46.8), 'R_day': np.float64(-0.105), 'maxDD': np.float64(-50.1), 'green_months': np.float64(22.2)}, 'VAL': {'n': 319, 'totR': np.float64(0.6), 'R_trade': np.float64(0.002), 'wr': np.float64(52.0), 'PF': np.float64(1.01), 'green_days': np.float64(53.1), 'R_day': np.float64(0.003), 'maxDD': np.float64(-12.7), 'green_months': np.float64(55.6)}, 'HOLDOUT': {'n': 394, 'totR': np.float64(10.9), 'R_trade': np.float64(0.028), 'wr': np.float64(52.3), 'PF': np.float64(1.09), 'green_days': np.float64(51.9), 'R_day': np.float64(0.053), 'maxDD': np.float64(-15.0), 'green_months': np.float64(61.1)}}
lgb_cls|1h|time240|long|th=0.2	{'IS': {'n': 123, 'totR': np.float64(-0.8), 'R_trade': np.float64(-0.007), 'wr': np.float64(51.2), 'PF': np.float64(0.97), 'green_days': np.float64(53.5), 'R_day': np.float64(-0.008), 'maxDD': np.float64(-6.3), 'green_months': np.float64(51.6)}, 'VAL': {'n': 40, 'totR': np.float64(-0.8), 'R_trade': np.float64(-0.019), 'wr': np.float64(50.0), 'PF': np.float64(0.92), 'green_days': np.float64(48.5), 'R_day': np.float64(-0.023), 'maxDD': np.float64(-4.0), 'green_months': np.float64(57.1)}, 'HOLDOUT': {'n': 36, 'totR': np.float64(-0.6), 'R_trade': np.float64(-0.016), 'wr': np.float64(50.0), 'PF': np.float64(0.95), 'green_days': np.float64(53.1), 'R_day': np.float64(-0.018), 'maxDD': np.float64(-3.6), 'green_months': np.float64(46.2)}}
ALWAYS_LONG|1h|tp2_sl0.5	{'IS': {'n': 8676, 'totR': np.float64(-1351.3), 'R_trade': np.float64(-0.156), 'wr': np.float64(28.7), 'PF': np.float64(0.78), 'green_days': np.float64(36.6), 'R_day': np.float64(-1.605), 'maxDD': np.float64(-1376.4), 'green_months': np.float64(2.8)}, 'VAL': {'n': 4363, 'totR': np.float64(-328.0), 'R_trade': np.float64(-0.075), 'wr': np.float64(31.4), 'PF': np.float64(0.89), 'green_days': np.float64(41.6), 'R_day': np.float64(-0.766), 'maxDD': np.float64(-355.7), 'green_months': np.float64(22.2)}, 'HOLDOUT': {'n': 4310, 'totR': np.float64(26.2), 'R_trade': np.float64(0.006), 'wr': np.float64(33.9), 'PF': np.float64(1.01), 'green_days': np.float64(48.8), 'R_day': np.float64(0.058), 'maxDD': np.float64(-108.7), 'green_months': np.float64(52.6)}}
ALWAYS_SHORT|1h|tp2_sl0.5	{'IS': {'n': 8620, 'totR': np.float64(-1127.5), 'R_trade': np.float64(-0.131), 'wr': np.float64(29.6), 'PF': np.float64(0.81), 'green_days': np.float64(36.7), 'R_day': np.float64(-1.328), 'maxDD': np.float64(-1137.0), 'green_months': np.float64(5.6)}, 'VAL': {'n': 4456, 'totR': np.float64(-761.1), 'R_trade': np.float64(-0.171), 'wr': np.float64(28.2), 'PF': np.float64(0.76), 'green_days': np.float64(32.2), 'R_day': np.float64(-1.762), 'maxDD': np.float64(-764.2), 'green_months': np.float64(0.0)}, 'HOLDOUT': {'n': 4420, 'totR': np.float64(-373.1), 'R_trade': np.float64(-0.084), 'wr': np.float64(30.8), 'PF': np.float64(0.88), 'green_days': np.float64(41.5), 'R_day': np.float64(-0.833), 'maxDD': np.float64(-411.6), 'green_months': np.float64(21.1)}}
lgb_cls|1h|tp2_sl0.5|both|th=0.0	{'IS': {'n': 3932, 'totR': np.float64(-461.9), 'R_trade': np.float64(-0.117), 'wr': np.float64(30.3), 'PF': np.float64(0.83), 'green_days': np.float64(41.9), 'R_day': np.float64(-0.574), 'maxDD': np.float64(-468.0), 'green_months': np.float64(19.4)}, 'VAL': {'n': 1745, 'totR': np.float64(-88.0), 'R_trade': np.float64(-0.05), 'wr': np.float64(32.7), 'PF': np.float64(0.92), 'green_days': np.float64(46.6), 'R_day': np.float64(-0.221), 'maxDD': np.float64(-129.3), 'green_months': np.float64(27.8)}, 'HOLDOUT': {'n': 1908, 'totR': np.float64(35.2), 'R_trade': np.float64(0.018), 'wr': np.float64(34.4), 'PF': np.float64(1.03), 'green_days': np.float64(46.4), 'R_day': np.float64(0.084), 'maxDD': np.float64(-38.2), 'green_months': np.float64(42.1)}}
lgb_cls|1h|tp2_sl0.5|both|th=0.05	{'IS': {'n': 2905, 'totR': np.float64(-345.8), 'R_trade': np.float64(-0.119), 'wr': np.float64(30.2), 'PF': np.float64(0.83), 'green_days': np.float64(43.5), 'R_day': np.float64(-0.451), 'maxDD': np.float64(-349.5), 'green_months': np.float64(25.0)}, 'VAL': {'n': 1211, 'totR': np.float64(-38.9), 'R_trade': np.float64(-0.032), 'wr': np.float64(33.3), 'PF': np.float64(0.95), 'green_days': np.float64(46.4), 'R_day': np.float64(-0.107), 'maxDD': np.float64(-68.4), 'green_months': np.float64(44.4)}, 'HOLDOUT': {'n': 1277, 'totR': np.float64(87.3), 'R_trade': np.float64(0.068), 'wr': np.float64(36.2), 'PF': np.float64(1.11), 'green_days': np.float64(49.9), 'R_day': np.float64(0.239), 'maxDD': np.float64(-31.7), 'green_months': np.float64(61.1)}}
lgb_cls|1h|tp2_sl0.5|both|th=0.1	{'IS': {'n': 2031, 'totR': np.float64(-291.9), 'R_trade': np.float64(-0.144), 'wr': np.float64(29.5), 'PF': np.float64(0.79), 'green_days': np.float64(42.1), 'R_day': np.float64(-0.424), 'maxDD': np.float64(-293.7), 'green_months': np.float64(16.7)}, 'VAL': {'n': 821, 'totR': np.float64(-7.6), 'R_trade': np.float64(-0.009), 'wr': np.float64(34.0), 'PF': np.float64(0.99), 'green_days': np.float64(43.6), 'R_day': np.float64(-0.024), 'maxDD': np.float64(-28.8), 'green_months': np.float64(50.0)}, 'HOLDOUT': {'n': 787, 'totR': np.float64(70.3), 'R_trade': np.float64(0.089), 'wr': np.float64(36.8), 'PF': np.float64(1.14), 'green_days': np.float64(46.5), 'R_day': np.float64(0.235), 'maxDD': np.float64(-17.8), 'green_months': np.float64(61.1)}}
lgb_cls|1h|tp2_sl0.5|both|th=0.2	{'IS': {'n': 873, 'totR': np.float64(-121.8), 'R_trade': np.float64(-0.14), 'wr': np.float64(29.8), 'PF': np.float64(0.8), 'green_days': np.float64(39.2), 'R_day': np.float64(-0.287), 'maxDD': np.float64(-132.4), 'green_months': np.float64(27.8)}, 'VAL': {'n': 306, 'totR': np.float64(14.5), 'R_trade': np.float64(0.047), 'wr': np.float64(36.3), 'PF': np.float64(1.08), 'green_days': np.float64(48.1), 'R_day': np.float64(0.08), 'maxDD': np.float64(-14.8), 'green_months': np.float64(50.0)}, 'HOLDOUT': {'n': 291, 'totR': np.float64(50.1), 'R_trade': np.float64(0.172), 'wr': np.float64(40.5), 'PF': np.float64(1.29), 'green_days': np.float64(51.2), 'R_day': np.float64(0.313), 'maxDD': np.float64(-11.0), 'green_months': np.float64(61.1)}}
lgb_cls|1h|tp2_sl0.5|both|th=0.3	{'IS': {'n': 291, 'totR': np.float64(-19.6), 'R_trade': np.float64(-0.068), 'wr': np.float64(32.6), 'PF': np.float64(0.9), 'green_days': np.float64(40.0), 'R_day': np.float64(-0.098), 'maxDD': np.float64(-32.2), 'green_months': np.float64(41.7)}, 'VAL': {'n': 109, 'totR': np.float64(-10.5), 'R_trade': np.float64(-0.096), 'wr': np.float64(31.2), 'PF': np.float64(0.86), 'green_days': np.float64(43.5), 'R_day': np.float64(-0.152), 'maxDD': np.float64(-19.1), 'green_months': np.float64(50.0)}, 'HOLDOUT': {'n': 93, 'totR': np.float64(30.3), 'R_trade': np.float64(0.326), 'wr': np.float64(46.2), 'PF': np.float64(1.61), 'green_days': np.float64(51.4), 'R_day': np.float64(0.433), 'maxDD': np.float64(-7.0), 'green_months': np.float64(64.7)}}
lgb_cls|1h|tp2_sl0.5|long|th=0.0	{'IS': {'n': 1778, 'totR': np.float64(-189.1), 'R_trade': np.float64(-0.106), 'wr': np.float64(30.5), 'PF': np.float64(0.84), 'green_days': np.float64(43.8), 'R_day': np.float64(-0.311), 'maxDD': np.float64(-208.1), 'green_months': np.float64(19.4)}, 'VAL': {'n': 822, 'totR': np.float64(65.9), 'R_trade': np.float64(0.08), 'wr': np.float64(37.3), 'PF': np.float64(1.13), 'green_days': np.float64(52.4), 'R_day': np.float64(0.226), 'maxDD': np.float64(-23.6), 'green_months': np.float64(66.7)}, 'HOLDOUT': {'n': 1143, 'totR': np.float64(75.4), 'R_trade': np.float64(0.066), 'wr': np.float64(36.2), 'PF': np.float64(1.1), 'green_days': np.float64(47.5), 'R_day': np.float64(0.218), 'maxDD': np.float64(-31.6), 'green_months': np.float64(52.6)}}
lgb_cls|1h|tp2_sl0.5|long|th=0.05	{'IS': {'n': 1287, 'totR': np.float64(-150.5), 'R_trade': np.float64(-0.117), 'wr': np.float64(30.3), 'PF': np.float64(0.83), 'green_days': np.float64(43.4), 'R_day': np.float64(-0.293), 'maxDD': np.float64(-164.6), 'green_months': np.float64(25.0)}, 'VAL': {'n': 574, 'totR': np.float64(21.6), 'R_trade': np.float64(0.038), 'wr': np.float64(36.1), 'PF': np.float64(1.06), 'green_days': np.float64(47.9), 'R_day': np.float64(0.09), 'maxDD': np.float64(-25.3), 'green_months': np.float64(44.4)}, 'HOLDOUT': {'n': 784, 'totR': np.float64(75.9), 'R_trade': np.float64(0.097), 'wr': np.float64(37.4), 'PF': np.float64(1.16), 'green_days': np.float64(50.7), 'R_day': np.float64(0.269), 'maxDD': np.float64(-22.4), 'green_months': np.float64(72.2)}}
lgb_cls|1h|tp2_sl0.5|long|th=0.1	{'IS': {'n': 882, 'totR': np.float64(-101.0), 'R_trade': np.float64(-0.114), 'wr': np.float64(30.7), 'PF': np.float64(0.83), 'green_days': np.float64(42.5), 'R_day': np.float64(-0.24), 'maxDD': np.float64(-108.8), 'green_months': np.float64(30.6)}, 'VAL': {'n': 403, 'totR': np.float64(7.1), 'R_trade': np.float64(0.018), 'wr': np.float64(35.0), 'PF': np.float64(1.03), 'green_days': np.float64(45.7), 'R_day': np.float64(0.036), 'maxDD': np.float64(-16.9), 'green_months': np.float64(55.6)}, 'HOLDOUT': {'n': 491, 'totR': np.float64(64.9), 'R_trade': np.float64(0.132), 'wr': np.float64(38.7), 'PF': np.float64(1.22), 'green_days': np.float64(46.8), 'R_day': np.float64(0.295), 'maxDD': np.float64(-19.0), 'green_months': np.float64(50.0)}}
lgb_cls|1h|tp2_sl0.5|long|th=0.2	{'IS': {'n': 375, 'totR': np.float64(-37.7), 'R_trade': np.float64(-0.101), 'wr': np.float64(31.7), 'PF': np.float64(0.85), 'green_days': np.float64(40.0), 'R_day': np.float64(-0.172), 'maxDD': np.float64(-45.4), 'green_months': np.float64(38.9)}, 'VAL': {'n': 170, 'totR': np.float64(24.0), 'R_trade': np.float64(0.141), 'wr': np.float64(39.4), 'PF': np.float64(1.24), 'green_days': np.float64(54.5), 'R_day': np.float64(0.242), 'maxDD': np.float64(-11.0), 'green_months': np.float64(61.1)}, 'HOLDOUT': {'n': 210, 'totR': np.float64(44.7), 'R_trade': np.float64(0.213), 'wr': np.float64(41.9), 'PF': np.float64(1.37), 'green_days': np.float64(52.3), 'R_day': np.float64(0.349), 'maxDD': np.float64(-13.3), 'green_months': np.float64(55.6)}}
lgb_cls|1h|tp2_sl0.5|long|th=0.3	{'IS': {'n': 146, 'totR': np.float64(7.2), 'R_trade': np.float64(0.05), 'wr': np.float64(37.7), 'PF': np.float64(1.08), 'green_days': np.float64(43.4), 'R_day': np.float64(0.068), 'maxDD': np.float64(-14.0), 'green_months': np.float64(56.2)}, 'VAL': {'n': 81, 'totR': np.float64(-4.0), 'R_trade': np.float64(-0.049), 'wr': np.float64(33.3), 'PF': np.float64(0.93), 'green_days': np.float64(47.9), 'R_day': np.float64(-0.083), 'maxDD': np.float64(-12.2), 'green_months': np.float64(47.1)}, 'HOLDOUT': {'n': 73, 'totR': np.float64(31.0), 'R_trade': np.float64(0.425), 'wr': np.float64(49.3), 'PF': np.float64(1.84), 'green_days': np.float64(52.5), 'R_day': np.float64(0.526), 'maxDD': np.float64(-8.3), 'green_months': np.float64(58.8)}}
ALWAYS_LONG|15min|tp1	{'IS': {'n': 7370, 'totR': np.float64(-585.3), 'R_trade': np.float64(-0.079), 'wr': np.float64(46.0), 'PF': np.float64(0.85), 'green_days': np.float64(42.7), 'R_day': np.float64(-0.71), 'maxDD': np.float64(-617.1), 'green_months': np.float64(16.7)}, 'VAL': {'n': 3831, 'totR': np.float64(-141.1), 'R_trade': np.float64(-0.037), 'wr': np.float64(48.2), 'PF': np.float64(0.93), 'green_days': np.float64(46.5), 'R_day': np.float64(-0.34), 'maxDD': np.float64(-152.1), 'green_months': np.float64(22.2)}, 'HOLDOUT': {'n': 3542, 'totR': np.float64(31.7), 'R_trade': np.float64(0.009), 'wr': np.float64(50.5), 'PF': np.float64(1.02), 'green_days': np.float64(52.5), 'R_day': np.float64(0.073), 'maxDD': np.float64(-94.0), 'green_months': np.float64(63.2)}}
ALWAYS_SHORT|15min|tp1	{'IS': {'n': 7408, 'totR': np.float64(-476.3), 'R_trade': np.float64(-0.064), 'wr': np.float64(46.8), 'PF': np.float64(0.88), 'green_days': np.float64(41.3), 'R_day': np.float64(-0.577), 'maxDD': np.float64(-486.3), 'green_months': np.float64(19.4)}, 'VAL': {'n': 3870, 'totR': np.float64(-410.1), 'R_trade': np.float64(-0.106), 'wr': np.float64(44.7), 'PF': np.float64(0.81), 'green_days': np.float64(36.8), 'R_day': np.float64(-0.981), 'maxDD': np.float64(-419.1), 'green_months': np.float64(5.6)}, 'HOLDOUT': {'n': 3509, 'totR': np.float64(-215.0), 'R_trade': np.float64(-0.061), 'wr': np.float64(46.9), 'PF': np.float64(0.88), 'green_days': np.float64(43.0), 'R_day': np.float64(-0.494), 'maxDD': np.float64(-280.0), 'green_months': np.float64(31.6)}}
lgb_reg|15min|tp1|both|th=0.0	{'IS': {'n': 4738, 'totR': np.float64(-317.2), 'R_trade': np.float64(-0.067), 'wr': np.float64(46.6), 'PF': np.float64(0.87), 'green_days': np.float64(44.6), 'R_day': np.float64(-0.388), 'maxDD': np.float64(-328.0), 'green_months': np.float64(27.8)}, 'VAL': {'n': 2008, 'totR': np.float64(-153.2), 'R_trade': np.float64(-0.076), 'wr': np.float64(46.2), 'PF': np.float64(0.86), 'green_days': np.float64(44.6), 'R_day': np.float64(-0.391), 'maxDD': np.float64(-164.2), 'green_months': np.float64(16.7)}, 'HOLDOUT': {'n': 2066, 'totR': np.float64(98.0), 'R_trade': np.float64(0.047), 'wr': np.float64(52.4), 'PF': np.float64(1.1), 'green_days': np.float64(55.0), 'R_day': np.float64(0.238), 'maxDD': np.float64(-29.0), 'green_months': np.float64(78.9)}}
lgb_reg|15min|tp1|both|th=0.05	{'IS': {'n': 3443, 'totR': np.float64(-170.2), 'R_trade': np.float64(-0.049), 'wr': np.float64(47.5), 'PF': np.float64(0.91), 'green_days': np.float64(46.6), 'R_day': np.float64(-0.215), 'maxDD': np.float64(-179.1), 'green_months': np.float64(30.6)}, 'VAL': {'n': 1384, 'totR': np.float64(-53.3), 'R_trade': np.float64(-0.039), 'wr': np.float64(48.0), 'PF': np.float64(0.93), 'green_days': np.float64(47.3), 'R_day': np.float64(-0.146), 'maxDD': np.float64(-83.3), 'green_months': np.float64(38.9)}, 'HOLDOUT': {'n': 1443, 'totR': np.float64(123.0), 'R_trade': np.float64(0.085), 'wr': np.float64(54.3), 'PF': np.float64(1.19), 'green_days': np.float64(54.5), 'R_day': np.float64(0.339), 'maxDD': np.float64(-15.0), 'green_months': np.float64(63.2)}}
lgb_reg|15min|tp1|both|th=0.1	{'IS': {'n': 2442, 'totR': np.float64(-123.0), 'R_trade': np.float64(-0.05), 'wr': np.float64(47.5), 'PF': np.float64(0.9), 'green_days': np.float64(48.4), 'R_day': np.float64(-0.173), 'maxDD': np.float64(-132.8), 'green_months': np.float64(30.6)}, 'VAL': {'n': 927, 'totR': np.float64(-6.0), 'R_trade': np.float64(-0.006), 'wr': np.float64(49.7), 'PF': np.float64(0.99), 'green_days': np.float64(51.3), 'R_day': np.float64(-0.019), 'maxDD': np.float64(-37.0), 'green_months': np.float64(38.9)}, 'HOLDOUT': {'n': 956, 'totR': np.float64(62.6), 'R_trade': np.float64(0.066), 'wr': np.float64(53.2), 'PF': np.float64(1.14), 'green_days': np.float64(53.5), 'R_day': np.float64(0.208), 'maxDD': np.float64(-15.0), 'green_months': np.float64(57.9)}}
lgb_reg|15min|tp1|both|th=0.2	{'IS': {'n': 1005, 'totR': np.float64(-98.1), 'R_trade': np.float64(-0.098), 'wr': np.float64(45.2), 'PF': np.float64(0.82), 'green_days': np.float64(42.7), 'R_day': np.float64(-0.229), 'maxDD': np.float64(-103.7), 'green_months': np.float64(30.6)}, 'VAL': {'n': 366, 'totR': np.float64(0.9), 'R_trade': np.float64(0.003), 'wr': np.float64(50.0), 'PF': np.float64(1.01), 'green_days': np.float64(51.0), 'R_day': np.float64(0.006), 'maxDD': np.float64(-20.1), 'green_months': np.float64(55.6)}, 'HOLDOUT': {'n': 391, 'totR': np.float64(41.8), 'R_trade': np.float64(0.107), 'wr': np.float64(55.2), 'PF': np.float64(1.24), 'green_days': np.float64(55.2), 'R_day': np.float64(0.253), 'maxDD': np.float64(-8.0), 'green_months': np.float64(52.6)}}
lgb_reg|15min|tp1|both|th=0.3	{'IS': {'n': 344, 'totR': np.float64(-4.0), 'R_trade': np.float64(-0.012), 'wr': np.float64(49.4), 'PF': np.float64(0.98), 'green_days': np.float64(50.8), 'R_day': np.float64(-0.02), 'maxDD': np.float64(-21.6), 'green_months': np.float64(47.2)}, 'VAL': {'n': 128, 'totR': np.float64(8.0), 'R_trade': np.float64(0.063), 'wr': np.float64(53.1), 'PF': np.float64(1.13), 'green_days': np.float64(53.2), 'R_day': np.float64(0.129), 'maxDD': np.float64(-5.0), 'green_months': np.float64(62.5)}, 'HOLDOUT': {'n': 148, 'totR': np.float64(12.0), 'R_trade': np.float64(0.081), 'wr': np.float64(54.1), 'PF': np.float64(1.18), 'green_days': np.float64(55.2), 'R_day': np.float64(0.179), 'maxDD': np.float64(-6.0), 'green_months': np.float64(38.5)}}
lgb_reg|15min|tp1|long|th=0.0	{'IS': {'n': 2303, 'totR': np.float64(-192.1), 'R_trade': np.float64(-0.083), 'wr': np.float64(45.8), 'PF': np.float64(0.85), 'green_days': np.float64(48.3), 'R_day': np.float64(-0.297), 'maxDD': np.float64(-204.0), 'green_months': np.float64(19.4)}, 'VAL': {'n': 902, 'totR': np.float64(-21.0), 'R_trade': np.float64(-0.023), 'wr': np.float64(48.9), 'PF': np.float64(0.95), 'green_days': np.float64(50.8), 'R_day': np.float64(-0.069), 'maxDD': np.float64(-39.0), 'green_months': np.float64(50.0)}, 'HOLDOUT': {'n': 1315, 'totR': np.float64(107.0), 'R_trade': np.float64(0.081), 'wr': np.float64(54.1), 'PF': np.float64(1.18), 'green_days': np.float64(56.0), 'R_day': np.float64(0.318), 'maxDD': np.float64(-32.0), 'green_months': np.float64(63.2)}}
lgb_reg|15min|tp1|long|th=0.05	{'IS': {'n': 1608, 'totR': np.float64(-110.7), 'R_trade': np.float64(-0.069), 'wr': np.float64(46.5), 'PF': np.float64(0.87), 'green_days': np.float64(48.6), 'R_day': np.float64(-0.2), 'maxDD': np.float64(-118.5), 'green_months': np.float64(36.1)}, 'VAL': {'n': 613, 'totR': np.float64(30.0), 'R_trade': np.float64(0.049), 'wr': np.float64(52.5), 'PF': np.float64(1.1), 'green_days': np.float64(57.2), 'R_day': np.float64(0.117), 'maxDD': np.float64(-13.0), 'green_months': np.float64(55.6)}, 'HOLDOUT': {'n': 887, 'totR': np.float64(119.0), 'R_trade': np.float64(0.134), 'wr': np.float64(56.7), 'PF': np.float64(1.31), 'green_days': np.float64(59.3), 'R_day': np.float64(0.441), 'maxDD': np.float64(-13.0), 'green_months': np.float64(68.4)}}
lgb_reg|15min|tp1|long|th=0.1	{'IS': {'n': 1106, 'totR': np.float64(-77.3), 'R_trade': np.float64(-0.07), 'wr': np.float64(46.5), 'PF': np.float64(0.87), 'green_days': np.float64(48.1), 'R_day': np.float64(-0.179), 'maxDD': np.float64(-84.9), 'green_months': np.float64(33.3)}, 'VAL': {'n': 412, 'totR': np.float64(21.0), 'R_trade': np.float64(0.051), 'wr': np.float64(52.7), 'PF': np.float64(1.11), 'green_days': np.float64(57.2), 'R_day': np.float64(0.113), 'maxDD': np.float64(-13.0), 'green_months': np.float64(55.6)}, 'HOLDOUT': {'n': 584, 'totR': np.float64(80.6), 'R_trade': np.float64(0.138), 'wr': np.float64(56.8), 'PF': np.float64(1.32), 'green_days': np.float64(59.0), 'R_day': np.float64(0.38), 'maxDD': np.float64(-10.4), 'green_months': np.float64(63.2)}}
lgb_reg|15min|tp1|long|th=0.2	{'IS': {'n': 442, 'totR': np.float64(-32.1), 'R_trade': np.float64(-0.073), 'wr': np.float64(46.4), 'PF': np.float64(0.86), 'green_days': np.float64(49.8), 'R_day': np.float64(-0.148), 'maxDD': np.float64(-41.8), 'green_months': np.float64(38.9)}, 'VAL': {'n': 183, 'totR': np.float64(11.9), 'R_trade': np.float64(0.065), 'wr': np.float64(53.0), 'PF': np.float64(1.14), 'green_days': np.float64(57.0), 'R_day': np.float64(0.151), 'maxDD': np.float64(-10.0), 'green_months': np.float64(52.9)}, 'HOLDOUT': {'n': 235, 'totR': np.float64(39.0), 'R_trade': np.float64(0.166), 'wr': np.float64(58.3), 'PF': np.float64(1.4), 'green_days': np.float64(62.4), 'R_day': np.float64(0.358), 'maxDD': np.float64(-4.0), 'green_months': np.float64(68.4)}}
lgb_reg|15min|tp1|long|th=0.3	{'IS': {'n': 162, 'totR': np.float64(9.4), 'R_trade': np.float64(0.058), 'wr': np.float64(53.1), 'PF': np.float64(1.12), 'green_days': np.float64(57.7), 'R_day': np.float64(0.096), 'maxDD': np.float64(-9.0), 'green_months': np.float64(56.2)}, 'VAL': {'n': 74, 'totR': np.float64(10.0), 'R_trade': np.float64(0.135), 'wr': np.float64(56.8), 'PF': np.float64(1.31), 'green_days': np.float64(55.6), 'R_day': np.float64(0.278), 'maxDD': np.float64(-5.0), 'green_months': np.float64(66.7)}, 'HOLDOUT': {'n': 86, 'totR': np.float64(4.0), 'R_trade': np.float64(0.047), 'wr': np.float64(52.3), 'PF': np.float64(1.1), 'green_days': np.float64(54.8), 'R_day': np.float64(0.095), 'maxDD': np.float64(-7.0), 'green_months': np.float64(45.5)}}
ALWAYS_LONG|15min|tp1.5	{'IS': {'n': 5166, 'totR': np.float64(-380.0), 'R_trade': np.float64(-0.074), 'wr': np.float64(37.1), 'PF': np.float64(0.88), 'green_days': np.float64(44.4), 'R_day': np.float64(-0.47), 'maxDD': np.float64(-413.3), 'green_months': np.float64(25.0)}, 'VAL': {'n': 2731, 'totR': np.float64(-55.3), 'R_trade': np.float64(-0.02), 'wr': np.float64(39.3), 'PF': np.float64(0.97), 'green_days': np.float64(49.5), 'R_day': np.float64(-0.135), 'maxDD': np.float64(-108.4), 'green_months': np.float64(50.0)}, 'HOLDOUT': {'n': 2456, 'totR': np.float64(82.1), 'R_trade': np.float64(0.033), 'wr': np.float64(41.4), 'PF': np.float64(1.06), 'green_days': np.float64(53.2), 'R_day': np.float64(0.193), 'maxDD': np.float64(-77.8), 'green_months': np.float64(52.6)}}
ALWAYS_SHORT|15min|tp1.5	{'IS': {'n': 5162, 'totR': np.float64(-313.4), 'R_trade': np.float64(-0.061), 'wr': np.float64(37.7), 'PF': np.float64(0.9), 'green_days': np.float64(44.1), 'R_day': np.float64(-0.386), 'maxDD': np.float64(-327.9), 'green_months': np.float64(33.3)}, 'VAL': {'n': 2828, 'totR': np.float64(-336.7), 'R_trade': np.float64(-0.119), 'wr': np.float64(35.3), 'PF': np.float64(0.82), 'green_days': np.float64(37.6), 'R_day': np.float64(-0.821), 'maxDD': np.float64(-342.7), 'green_months': np.float64(5.6)}, 'HOLDOUT': {'n': 2472, 'totR': np.float64(-230.7), 'R_trade': np.float64(-0.093), 'wr': np.float64(36.3), 'PF': np.float64(0.85), 'green_days': np.float64(43.3), 'R_day': np.float64(-0.545), 'maxDD': np.float64(-292.1), 'green_months': np.float64(21.1)}}
lgb_reg|15min|tp1.5|both|th=0.0	{'IS': {'n': 1087, 'totR': np.float64(-39.7), 'R_trade': np.float64(-0.037), 'wr': np.float64(38.7), 'PF': np.float64(0.94), 'green_days': np.float64(44.9), 'R_day': np.float64(-0.084), 'maxDD': np.float64(-49.8), 'green_months': np.float64(52.8)}, 'VAL': {'n': 429, 'totR': np.float64(-9.1), 'R_trade': np.float64(-0.021), 'wr': np.float64(39.2), 'PF': np.float64(0.96), 'green_days': np.float64(50.0), 'R_day': np.float64(-0.048), 'maxDD': np.float64(-27.0), 'green_months': np.float64(38.9)}, 'HOLDOUT': {'n': 366, 'totR': np.float64(38.5), 'R_trade': np.float64(0.105), 'wr': np.float64(44.3), 'PF': np.float64(1.19), 'green_days': np.float64(51.6), 'R_day': np.float64(0.242), 'maxDD': np.float64(-9.5), 'green_months': np.float64(55.6)}}
lgb_reg|15min|tp1.5|both|th=0.05	{'IS': {'n': 852, 'totR': np.float64(-3.3), 'R_trade': np.float64(-0.004), 'wr': np.float64(40.3), 'PF': np.float64(0.99), 'green_days': np.float64(49.2), 'R_day': np.float64(-0.009), 'maxDD': np.float64(-25.0), 'green_months': np.float64(55.6)}, 'VAL': {'n': 328, 'totR': np.float64(9.8), 'R_trade': np.float64(0.03), 'wr': np.float64(41.2), 'PF': np.float64(1.05), 'green_days': np.float64(48.1), 'R_day': np.float64(0.063), 'maxDD': np.float64(-17.0), 'green_months': np.float64(55.6)}, 'HOLDOUT': {'n': 264, 'totR': np.float64(31.0), 'R_trade': np.float64(0.117), 'wr': np.float64(44.7), 'PF': np.float64(1.21), 'green_days': np.float64(46.6), 'R_day': np.float64(0.267), 'maxDD': np.float64(-9.5), 'green_months': np.float64(55.6)}}
lgb_reg|15min|tp1.5|both|th=0.1	{'IS': {'n': 632, 'totR': np.float64(-4.4), 'R_trade': np.float64(-0.007), 'wr': np.float64(40.2), 'PF': np.float64(0.99), 'green_days': np.float64(46.5), 'R_day': np.float64(-0.014), 'maxDD': np.float64(-29.5), 'green_months': np.float64(55.6)}, 'VAL': {'n': 251, 'totR': np.float64(14.4), 'R_trade': np.float64(0.057), 'wr': np.float64(42.2), 'PF': np.float64(1.1), 'green_days': np.float64(50.0), 'R_day': np.float64(0.12), 'maxDD': np.float64(-15.5), 'green_months': np.float64(66.7)}, 'HOLDOUT': {'n': 194, 'totR': np.float64(33.5), 'R_trade': np.float64(0.173), 'wr': np.float64(46.9), 'PF': np.float64(1.33), 'green_days': np.float64(47.3), 'R_day': np.float64(0.36), 'maxDD': np.float64(-7.0), 'green_months': np.float64(43.8)}}
lgb_reg|15min|tp1.5|both|th=0.2	{'IS': {'n': 352, 'totR': np.float64(4.4), 'R_trade': np.float64(0.012), 'wr': np.float64(41.2), 'PF': np.float64(1.02), 'green_days': np.float64(46.3), 'R_day': np.float64(0.021), 'maxDD': np.float64(-17.5), 'green_months': np.float64(44.4)}, 'VAL': {'n': 156, 'totR': np.float64(-8.3), 'R_trade': np.float64(-0.053), 'wr': np.float64(37.8), 'PF': np.float64(0.91), 'green_days': np.float64(43.2), 'R_day': np.float64(-0.112), 'maxDD': np.float64(-14.2), 'green_months': np.float64(50.0)}, 'HOLDOUT': {'n': 108, 'totR': np.float64(7.8), 'R_trade': np.float64(0.072), 'wr': np.float64(42.6), 'PF': np.float64(1.13), 'green_days': np.float64(45.9), 'R_day': np.float64(0.127), 'maxDD': np.float64(-11.5), 'green_months': np.float64(35.7)}}
lgb_reg|15min|tp1.5|both|th=0.3	{'IS': {'n': 213, 'totR': np.float64(-16.9), 'R_trade': np.float64(-0.08), 'wr': np.float64(37.1), 'PF': np.float64(0.87), 'green_days': np.float64(43.5), 'R_day': np.float64(-0.137), 'maxDD': np.float64(-23.0), 'green_months': np.float64(42.9)}, 'VAL': {'n': 94, 'totR': np.float64(1.2), 'R_trade': np.float64(0.013), 'wr': np.float64(40.4), 'PF': np.float64(1.02), 'green_days': np.float64(50.0), 'R_day': np.float64(0.025), 'maxDD': np.float64(-10.5), 'green_months': np.float64(47.1)}, 'HOLDOUT': {'n': 64, 'totR': np.float64(-3.2), 'R_trade': np.float64(-0.049), 'wr': np.float64(37.5), 'PF': np.float64(0.92), 'green_days': np.float64(42.9), 'R_day': np.float64(-0.075), 'maxDD': np.float64(-10.0), 'green_months': np.float64(20.0)}}
lgb_reg|15min|tp1.5|long|th=0.0	{'IS': {'n': 535, 'totR': np.float64(-45.1), 'R_trade': np.float64(-0.084), 'wr': np.float64(37.0), 'PF': np.float64(0.87), 'green_days': np.float64(44.3), 'R_day': np.float64(-0.171), 'maxDD': np.float64(-56.2), 'green_months': np.float64(36.1)}, 'VAL': {'n': 207, 'totR': np.float64(11.4), 'R_trade': np.float64(0.055), 'wr': np.float64(42.0), 'PF': np.float64(1.1), 'green_days': np.float64(57.4), 'R_day': np.float64(0.113), 'maxDD': np.float64(-15.0), 'green_months': np.float64(61.1)}, 'HOLDOUT': {'n': 234, 'totR': np.float64(43.0), 'R_trade': np.float64(0.184), 'wr': np.float64(47.4), 'PF': np.float64(1.35), 'green_days': np.float64(57.8), 'R_day': np.float64(0.422), 'maxDD': np.float64(-8.4), 'green_months': np.float64(62.5)}}
lgb_reg|15min|tp1.5|long|th=0.05	{'IS': {'n': 428, 'totR': np.float64(-14.2), 'R_trade': np.float64(-0.033), 'wr': np.float64(39.3), 'PF': np.float64(0.95), 'green_days': np.float64(49.8), 'R_day': np.float64(-0.066), 'maxDD': np.float64(-34.3), 'green_months': np.float64(36.1)}, 'VAL': {'n': 157, 'totR': np.float64(18.9), 'R_trade': np.float64(0.121), 'wr': np.float64(44.6), 'PF': np.float64(1.22), 'green_days': np.float64(55.0), 'R_day': np.float64(0.237), 'maxDD': np.float64(-13.5), 'green_months': np.float64(76.5)}, 'HOLDOUT': {'n': 172, 'totR': np.float64(43.0), 'R_trade': np.float64(0.25), 'wr': np.float64(50.0), 'PF': np.float64(1.5), 'green_days': np.float64(59.5), 'R_day': np.float64(0.581), 'maxDD': np.float64(-6.0), 'green_months': np.float64(50.0)}}
lgb_reg|15min|tp1.5|long|th=0.1	{'IS': {'n': 329, 'totR': np.float64(-10.7), 'R_trade': np.float64(-0.033), 'wr': np.float64(39.2), 'PF': np.float64(0.95), 'green_days': np.float64(46.6), 'R_day': np.float64(-0.06), 'maxDD': np.float64(-20.5), 'green_months': np.float64(38.2)}, 'VAL': {'n': 125, 'totR': np.float64(8.4), 'R_trade': np.float64(0.068), 'wr': np.float64(42.4), 'PF': np.float64(1.12), 'green_days': np.float64(49.2), 'R_day': np.float64(0.134), 'maxDD': np.float64(-11.5), 'green_months': np.float64(62.5)}, 'HOLDOUT': {'n': 125, 'totR': np.float64(37.5), 'R_trade': np.float64(0.3), 'wr': np.float64(52.0), 'PF': np.float64(1.63), 'green_days': np.float64(57.6), 'R_day': np.float64(0.636), 'maxDD': np.float64(-5.5), 'green_months': np.float64(50.0)}}
lgb_reg|15min|tp1.5|long|th=0.2	{'IS': {'n': 181, 'totR': np.float64(10.3), 'R_trade': np.float64(0.057), 'wr': np.float64(43.1), 'PF': np.float64(1.1), 'green_days': np.float64(50.0), 'R_day': np.float64(0.095), 'maxDD': np.float64(-13.0), 'green_months': np.float64(38.2)}, 'VAL': {'n': 82, 'totR': np.float64(-3.6), 'R_trade': np.float64(-0.043), 'wr': np.float64(37.8), 'PF': np.float64(0.93), 'green_days': np.float64(42.1), 'R_day': np.float64(-0.093), 'maxDD': np.float64(-8.0), 'green_months': np.float64(38.5)}, 'HOLDOUT': {'n': 65, 'totR': np.float64(10.0), 'R_trade': np.float64(0.154), 'wr': np.float64(46.2), 'PF': np.float64(1.29), 'green_days': np.float64(54.5), 'R_day': np.float64(0.303), 'maxDD': np.float64(-7.5), 'green_months': np.float64(42.9)}}
lgb_reg|15min|tp1.5|long|th=0.3	{'IS': {'n': 109, 'totR': np.float64(-5.0), 'R_trade': np.float64(-0.046), 'wr': np.float64(38.5), 'PF': np.float64(0.93), 'green_days': np.float64(46.9), 'R_day': np.float64(-0.078), 'maxDD': np.float64(-14.5), 'green_months': np.float64(37.0)}, 'VAL': {'n': 54, 'totR': np.float64(1.9), 'R_trade': np.float64(0.036), 'wr': np.float64(40.7), 'PF': np.float64(1.06), 'green_days': np.float64(50.0), 'R_day': np.float64(0.081), 'maxDD': np.float64(-4.0), 'green_months': np.float64(60.0)}, 'HOLDOUT': {'n': 37, 'totR': np.float64(0.5), 'R_trade': np.float64(0.014), 'wr': np.float64(40.5), 'PF': np.float64(1.02), 'green_days': np.float64(55.0), 'R_day': np.float64(0.025), 'maxDD': np.float64(-8.5), 'green_months': np.float64(20.0)}}
ALWAYS_LONG|15min|tp2	{'IS': {'n': 4075, 'totR': np.float64(-275.8), 'R_trade': np.float64(-0.068), 'wr': np.float64(31.5), 'PF': np.float64(0.9), 'green_days': np.float64(46.6), 'R_day': np.float64(-0.348), 'maxDD': np.float64(-319.5), 'green_months': np.float64(33.3)}, 'VAL': {'n': 2138, 'totR': np.float64(-6.8), 'R_trade': np.float64(-0.003), 'wr': np.float64(33.4), 'PF': np.float64(1.0), 'green_days': np.float64(50.6), 'R_day': np.float64(-0.016), 'maxDD': np.float64(-89.4), 'green_months': np.float64(55.6)}, 'HOLDOUT': {'n': 1922, 'totR': np.float64(92.7), 'R_trade': np.float64(0.048), 'wr': np.float64(35.2), 'PF': np.float64(1.07), 'green_days': np.float64(51.6), 'R_day': np.float64(0.222), 'maxDD': np.float64(-85.1), 'green_months': np.float64(63.2)}}
ALWAYS_SHORT|15min|tp2	{'IS': {'n': 4082, 'totR': np.float64(-231.2), 'R_trade': np.float64(-0.057), 'wr': np.float64(31.8), 'PF': np.float64(0.92), 'green_days': np.float64(45.4), 'R_day': np.float64(-0.289), 'maxDD': np.float64(-248.9), 'green_months': np.float64(41.7)}, 'VAL': {'n': 2197, 'totR': np.float64(-281.2), 'R_trade': np.float64(-0.128), 'wr': np.float64(29.4), 'PF': np.float64(0.82), 'green_days': np.float64(40.6), 'R_day': np.float64(-0.693), 'maxDD': np.float64(-291.5), 'green_months': np.float64(16.7)}, 'HOLDOUT': {'n': 1941, 'totR': np.float64(-204.8), 'R_trade': np.float64(-0.106), 'wr': np.float64(30.0), 'PF': np.float64(0.85), 'green_days': np.float64(42.6), 'R_day': np.float64(-0.49), 'maxDD': np.float64(-268.2), 'green_months': np.float64(26.3)}}
lgb_reg|15min|tp2|both|th=0.0	{'IS': {'n': 373, 'totR': np.float64(-41.9), 'R_trade': np.float64(-0.112), 'wr': np.float64(30.3), 'PF': np.float64(0.84), 'green_days': np.float64(38.0), 'R_day': np.float64(-0.194), 'maxDD': np.float64(-42.9), 'green_months': np.float64(36.1)}, 'VAL': {'n': 135, 'totR': np.float64(1.8), 'R_trade': np.float64(0.013), 'wr': np.float64(34.8), 'PF': np.float64(1.02), 'green_days': np.float64(41.9), 'R_day': np.float64(0.021), 'maxDD': np.float64(-16.0), 'green_months': np.float64(64.7)}, 'HOLDOUT': {'n': 93, 'totR': np.float64(18.6), 'R_trade': np.float64(0.2), 'wr': np.float64(40.9), 'PF': np.float64(1.34), 'green_days': np.float64(47.0), 'R_day': np.float64(0.282), 'maxDD': np.float64(-8.0), 'green_months': np.float64(53.3)}}
lgb_reg|15min|tp2|both|th=0.05	{'IS': {'n': 269, 'totR': np.float64(-36.2), 'R_trade': np.float64(-0.134), 'wr': np.float64(29.7), 'PF': np.float64(0.81), 'green_days': np.float64(37.7), 'R_day': np.float64(-0.217), 'maxDD': np.float64(-39.2), 'green_months': np.float64(36.1)}, 'VAL': {'n': 91, 'totR': np.float64(-1.7), 'R_trade': np.float64(-0.019), 'wr': np.float64(34.1), 'PF': np.float64(0.97), 'green_days': np.float64(39.7), 'R_day': np.float64(-0.027), 'maxDD': np.float64(-10.2), 'green_months': np.float64(52.9)}, 'HOLDOUT': {'n': 70, 'totR': np.float64(8.6), 'R_trade': np.float64(0.123), 'wr': np.float64(38.6), 'PF': np.float64(1.2), 'green_days': np.float64(48.0), 'R_day': np.float64(0.172), 'maxDD': np.float64(-7.0), 'green_months': np.float64(50.0)}}
lgb_reg|15min|tp2|both|th=0.1	{'IS': {'n': 199, 'totR': np.float64(-3.6), 'R_trade': np.float64(-0.018), 'wr': np.float64(33.7), 'PF': np.float64(0.97), 'green_days': np.float64(43.3), 'R_day': np.float64(-0.028), 'maxDD': np.float64(-20.1), 'green_months': np.float64(51.4)}, 'VAL': {'n': 68, 'totR': np.float64(6.3), 'R_trade': np.float64(0.093), 'wr': np.float64(38.2), 'PF': np.float64(1.15), 'green_days': np.float64(45.7), 'R_day': np.float64(0.137), 'maxDD': np.float64(-8.0), 'green_months': np.float64(60.0)}, 'HOLDOUT': {'n': 54, 'totR': np.float64(3.6), 'R_trade': np.float64(0.067), 'wr': np.float64(37.0), 'PF': np.float64(1.11), 'green_days': np.float64(43.6), 'R_day': np.float64(0.092), 'maxDD': np.float64(-6.0), 'green_months': np.float64(36.4)}}
lgb_reg|15min|tp2|both|th=0.2	{'IS': {'n': 123, 'totR': np.float64(6.9), 'R_trade': np.float64(0.056), 'wr': np.float64(36.6), 'PF': np.float64(1.09), 'green_days': np.float64(45.5), 'R_day': np.float64(0.089), 'maxDD': np.float64(-12.0), 'green_months': np.float64(48.3)}, 'VAL': {'n': 40, 'totR': np.float64(6.5), 'R_trade': np.float64(0.163), 'wr': np.float64(40.0), 'PF': np.float64(1.27), 'green_days': np.float64(50.0), 'R_day': np.float64(0.296), 'maxDD': np.float64(-4.0), 'green_months': np.float64(60.0)}, 'HOLDOUT': {'n': 32, 'totR': np.float64(-14.3), 'R_trade': np.float64(-0.446), 'wr': np.float64(18.8), 'PF': np.float64(0.43), 'green_days': np.float64(21.7), 'R_day': np.float64(-0.62), 'maxDD': np.float64(-15.3), 'green_months': np.float64(0.0)}}
lgb_reg|15min|tp2|both|th=0.3	{'IS': {'n': 74, 'totR': np.float64(3.6), 'R_trade': np.float64(0.049), 'wr': np.float64(36.5), 'PF': np.float64(1.08), 'green_days': np.float64(45.8), 'R_day': np.float64(0.075), 'maxDD': np.float64(-8.3), 'green_months': np.float64(48.1)}, 'VAL': {'n': 27, 'totR': np.float64(10.5), 'R_trade': np.float64(0.388), 'wr': np.float64(48.1), 'PF': np.float64(1.75), 'green_days': np.float64(50.0), 'R_day': np.float64(0.654), 'maxDD': np.float64(-3.0), 'green_months': np.float64(71.4)}, 'HOLDOUT': {'n': 18, 'totR': np.float64(-7.0), 'R_trade': np.float64(-0.39), 'wr': np.float64(22.2), 'PF': np.float64(0.5), 'green_days': np.float64(26.7), 'R_day': np.float64(-0.468), 'maxDD': np.float64(-10.0), 'green_months': np.float64(16.7)}}
lgb_reg|15min|tp2|long|th=0.0	{'IS': {'n': 202, 'totR': np.float64(-27.5), 'R_trade': np.float64(-0.136), 'wr': np.float64(29.7), 'PF': np.float64(0.81), 'green_days': np.float64(39.7), 'R_day': np.float64(-0.237), 'maxDD': np.float64(-35.0), 'green_months': np.float64(30.3)}, 'VAL': {'n': 68, 'totR': np.float64(7.0), 'R_trade': np.float64(0.103), 'wr': np.float64(38.2), 'PF': np.float64(1.17), 'green_days': np.float64(45.5), 'R_day': np.float64(0.16), 'maxDD': np.float64(-11.0), 'green_months': np.float64(57.1)}, 'HOLDOUT': {'n': 55, 'totR': np.float64(20.0), 'R_trade': np.float64(0.364), 'wr': np.float64(45.5), 'PF': np.float64(1.67), 'green_days': np.float64(58.3), 'R_day': np.float64(0.556), 'maxDD': np.float64(-5.0), 'green_months': np.float64(62.5)}}
lgb_reg|15min|tp2|long|th=0.05	{'IS': {'n': 152, 'totR': np.float64(-23.9), 'R_trade': np.float64(-0.157), 'wr': np.float64(29.6), 'PF': np.float64(0.78), 'green_days': np.float64(38.6), 'R_day': np.float64(-0.271), 'maxDD': np.float64(-34.9), 'green_months': np.float64(30.0)}, 'VAL': {'n': 46, 'totR': np.float64(5.5), 'R_trade': np.float64(0.121), 'wr': np.float64(39.1), 'PF': np.float64(1.2), 'green_days': np.float64(42.4), 'R_day': np.float64(0.168), 'maxDD': np.float64(-10.0), 'green_months': np.float64(58.3)}, 'HOLDOUT': {'n': 40, 'totR': np.float64(17.0), 'R_trade': np.float64(0.425), 'wr': np.float64(47.5), 'PF': np.float64(1.81), 'green_days': np.float64(63.0), 'R_day': np.float64(0.63), 'maxDD': np.float64(-4.0), 'green_months': np.float64(85.7)}}
lgb_reg|15min|tp2|long|th=0.1	{'IS': {'n': 110, 'totR': np.float64(-4.3), 'R_trade': np.float64(-0.039), 'wr': np.float64(33.6), 'PF': np.float64(0.94), 'green_days': np.float64(45.2), 'R_day': np.float64(-0.07), 'maxDD': np.float64(-19.3), 'green_months': np.float64(47.8)}, 'VAL': {'n': 32, 'totR': np.float64(-1.5), 'R_trade': np.float64(-0.045), 'wr': np.float64(34.4), 'PF': np.float64(0.93), 'green_days': np.float64(38.1), 'R_day': np.float64(-0.069), 'maxDD': np.float64(-8.0), 'green_months': np.float64(50.0)}, 'HOLDOUT': {'n': 29, 'totR': np.float64(10.0), 'R_trade': np.float64(0.345), 'wr': np.float64(44.8), 'PF': np.float64(1.63), 'green_days': np.float64(55.0), 'R_day': np.float64(0.5), 'maxDD': np.float64(-3.0), 'green_months': np.float64(83.3)}}
lgb_reg|15min|tp2|long|th=0.2	{'IS': {'n': 76, 'totR': np.float64(10.9), 'R_trade': np.float64(0.144), 'wr': np.float64(40.8), 'PF': np.float64(1.24), 'green_days': np.float64(56.1), 'R_day': np.float64(0.266), 'maxDD': np.float64(-9.1), 'green_months': np.float64(52.9)}, 'VAL': {'n': 18, 'totR': np.float64(4.5), 'R_trade': np.float64(0.251), 'wr': np.float64(44.4), 'PF': np.float64(1.45), 'green_days': np.float64(54.5), 'R_day': np.float64(0.411), 'maxDD': np.float64(-3.0), 'green_months': np.float64(40.0)}, 'HOLDOUT': {'n': 16, 'totR': np.float64(-7.0), 'R_trade': np.float64(-0.437), 'wr': np.float64(18.8), 'PF': np.float64(0.46), 'green_days': np.float64(25.0), 'R_day': np.float64(-0.875), 'maxDD': np.float64(-6.0), 'green_months': np.float64(25.0)}}
lgb_reg|15min|tp2|long|th=0.3	{'IS': {'n': 49, 'totR': np.float64(6.8), 'R_trade': np.float64(0.138), 'wr': np.float64(40.8), 'PF': np.float64(1.23), 'green_days': np.float64(55.6), 'R_day': np.float64(0.251), 'maxDD': np.float64(-7.1), 'green_months': np.float64(60.0)}, 'VAL': {'n': 11, 'totR': np.float64(8.5), 'R_trade': np.float64(0.77), 'wr': np.float64(63.6), 'PF': np.float64(3.12), 'green_days': np.float64(62.5), 'R_day': np.float64(1.059), 'maxDD': np.float64(-1.0), 'green_months': np.float64(66.7)}, 'HOLDOUT': {'n': 10, 'totR': np.float64(-7.0), 'R_trade': np.float64(-0.7), 'wr': np.float64(10.0), 'PF': np.float64(0.22), 'green_days': np.float64(14.3), 'R_day': np.float64(-1.0), 'maxDD': np.float64(-6.0), 'green_months': np.float64(0.0)}}
ALWAYS_LONG|15min|tp3	{'IS': {'n': 2945, 'totR': np.float64(-189.4), 'R_trade': np.float64(-0.064), 'wr': np.float64(25.2), 'PF': np.float64(0.91), 'green_days': np.float64(48.3), 'R_day': np.float64(-0.242), 'maxDD': np.float64(-238.8), 'green_months': np.float64(36.1)}, 'VAL': {'n': 1525, 'totR': np.float64(31.9), 'R_trade': np.float64(0.021), 'wr': np.float64(27.3), 'PF': np.float64(1.03), 'green_days': np.float64(50.4), 'R_day': np.float64(0.081), 'maxDD': np.float64(-74.7), 'green_months': np.float64(66.7)}, 'HOLDOUT': {'n': 1353, 'totR': np.float64(114.0), 'R_trade': np.float64(0.084), 'wr': np.float64(29.1), 'PF': np.float64(1.12), 'green_days': np.float64(53.5), 'R_day': np.float64(0.284), 'maxDD': np.float64(-86.0), 'green_months': np.float64(68.4)}}
ALWAYS_SHORT|15min|tp3	{'IS': {'n': 2948, 'totR': np.float64(-101.9), 'R_trade': np.float64(-0.035), 'wr': np.float64(25.7), 'PF': np.float64(0.95), 'green_days': np.float64(46.2), 'R_day': np.float64(-0.129), 'maxDD': np.float64(-133.4), 'green_months': np.float64(47.2)}, 'VAL': {'n': 1590, 'totR': np.float64(-221.1), 'R_trade': np.float64(-0.139), 'wr': np.float64(23.1), 'PF': np.float64(0.82), 'green_days': np.float64(41.2), 'R_day': np.float64(-0.555), 'maxDD': np.float64(-238.8), 'green_months': np.float64(16.7)}, 'HOLDOUT': {'n': 1496, 'totR': np.float64(-176.1), 'R_trade': np.float64(-0.118), 'wr': np.float64(23.3), 'PF': np.float64(0.85), 'green_days': np.float64(41.3), 'R_day': np.float64(-0.431), 'maxDD': np.float64(-259.1), 'green_months': np.float64(31.6)}}
lgb_reg|15min|tp3|both|th=0.0	{'IS': {'n': 117, 'totR': np.float64(-1.9), 'R_trade': np.float64(-0.016), 'wr': np.float64(28.2), 'PF': np.float64(0.98), 'green_days': np.float64(34.9), 'R_day': np.float64(-0.022), 'maxDD': np.float64(-25.6), 'green_months': np.float64(38.7)}, 'VAL': {'n': 53, 'totR': np.float64(-3.3), 'R_trade': np.float64(-0.062), 'wr': np.float64(28.3), 'PF': np.float64(0.91), 'green_days': np.float64(40.5), 'R_day': np.float64(-0.088), 'maxDD': np.float64(-13.7), 'green_months': np.float64(40.0)}, 'HOLDOUT': {'n': 18, 'totR': np.float64(-1.2), 'R_trade': np.float64(-0.066), 'wr': np.float64(27.8), 'PF': np.float64(0.9), 'green_days': np.float64(38.5), 'R_day': np.float64(-0.091), 'maxDD': np.float64(-4.0), 'green_months': np.float64(40.0)}}
lgb_reg|15min|tp3|both|th=0.05	{'IS': {'n': 88, 'totR': np.float64(6.4), 'R_trade': np.float64(0.072), 'wr': np.float64(31.8), 'PF': np.float64(1.11), 'green_days': np.float64(38.2), 'R_day': np.float64(0.094), 'maxDD': np.float64(-10.0), 'green_months': np.float64(44.8)}, 'VAL': {'n': 39, 'totR': np.float64(-2.6), 'R_trade': np.float64(-0.067), 'wr': np.float64(28.2), 'PF': np.float64(0.91), 'green_days': np.float64(39.3), 'R_day': np.float64(-0.093), 'maxDD': np.float64(-9.9), 'green_months': np.float64(30.8)}, 'HOLDOUT': {'n': 11, 'totR': np.float64(1.7), 'R_trade': np.float64(0.157), 'wr': np.float64(36.4), 'PF': np.float64(1.25), 'green_days': np.float64(50.0), 'R_day': np.float64(0.216), 'maxDD': np.float64(-2.0), 'green_months': np.float64(25.0)}}
lgb_reg|15min|tp3|both|th=0.1	{'IS': {'n': 64, 'totR': np.float64(-4.1), 'R_trade': np.float64(-0.064), 'wr': np.float64(29.7), 'PF': np.float64(0.91), 'green_days': np.float64(35.3), 'R_day': np.float64(-0.08), 'maxDD': np.float64(-14.7), 'green_months': np.float64(43.5)}, 'VAL': {'n': 24, 'totR': np.float64(5.7), 'R_trade': np.float64(0.238), 'wr': np.float64(33.3), 'PF': np.float64(1.38), 'green_days': np.float64(50.0), 'R_day': np.float64(0.357), 'maxDD': np.float64(-6.0), 'green_months': np.float64(55.6)}, 'HOLDOUT': {'n': 8, 'totR': np.float64(-0.0), 'R_trade': np.float64(-0.005), 'wr': np.float64(37.5), 'PF': np.float64(0.99), 'green_days': np.float64(50.0), 'R_day': np.float64(-0.007), 'maxDD': np.float64(-4.0), 'green_months': np.float64(0.0)}}
lgb_reg|15min|tp3|both|th=0.2	{'IS': {'n': 33, 'totR': np.float64(2.6), 'R_trade': np.float64(0.079), 'wr': np.float64(30.3), 'PF': np.float64(1.12), 'green_days': np.float64(33.3), 'R_day': np.float64(0.097), 'maxDD': np.float64(-6.0), 'green_months': np.float64(50.0)}, 'VAL': {'n': 10, 'totR': np.float64(1.2), 'R_trade': np.float64(0.118), 'wr': np.float64(30.0), 'PF': np.float64(1.18), 'green_days': np.float64(37.5), 'R_day': np.float64(0.147), 'maxDD': np.float64(-2.0), 'green_months': np.float64(60.0)}, 'HOLDOUT': {'n': 3, 'totR': np.float64(-1.5), 'R_trade': np.float64(-0.496), 'wr': np.float64(33.3), 'PF': np.float64(0.26), 'green_days': np.float64(50.0), 'R_day': np.float64(-0.744), 'maxDD': np.float64(-2.0), 'green_months': np.float64(50.0)}}
lgb_reg|15min|tp3|both|th=0.3	{'IS': {'n': 12, 'totR': np.float64(1.8), 'R_trade': np.float64(0.149), 'wr': np.float64(33.3), 'PF': np.float64(1.22), 'green_days': np.float64(36.4), 'R_day': np.float64(0.162), 'maxDD': np.float64(-7.0), 'green_months': np.float64(44.4)}, 'VAL': {'n': 2, 'totR': np.float64(0.8), 'R_trade': np.float64(0.401), 'wr': np.float64(50.0), 'PF': np.float64(1.8), 'green_days': np.float64(50.0), 'R_day': np.float64(0.401), 'maxDD': np.float64(0.0), 'green_months': np.float64(50.0)}, 'HOLDOUT': {'n': 0, 'totR': 0.0}}
lgb_reg|15min|tp3|long|th=0.0	{'IS': {'n': 67, 'totR': np.float64(-8.7), 'R_trade': np.float64(-0.13), 'wr': np.float64(25.4), 'PF': np.float64(0.82), 'green_days': np.float64(30.0), 'R_day': np.float64(-0.174), 'maxDD': np.float64(-22.7), 'green_months': np.float64(30.4)}, 'VAL': {'n': 31, 'totR': np.float64(-1.1), 'R_trade': np.float64(-0.036), 'wr': np.float64(29.0), 'PF': np.float64(0.95), 'green_days': np.float64(45.0), 'R_day': np.float64(-0.056), 'maxDD': np.float64(-8.7), 'green_months': np.float64(30.0)}, 'HOLDOUT': {'n': 11, 'totR': np.float64(-3.0), 'R_trade': np.float64(-0.273), 'wr': np.float64(18.2), 'PF': np.float64(0.67), 'green_days': np.float64(28.6), 'R_day': np.float64(-0.429), 'maxDD': np.float64(-3.0), 'green_months': np.float64(25.0)}}
lgb_reg|15min|tp3|long|th=0.05	{'IS': {'n': 50, 'totR': np.float64(-4.1), 'R_trade': np.float64(-0.081), 'wr': np.float64(28.0), 'PF': np.float64(0.89), 'green_days': np.float64(32.5), 'R_day': np.float64(-0.102), 'maxDD': np.float64(-10.5), 'green_months': np.float64(36.8)}, 'VAL': {'n': 26, 'totR': np.float64(-3.5), 'R_trade': np.float64(-0.135), 'wr': np.float64(26.9), 'PF': np.float64(0.81), 'green_days': np.float64(38.9), 'R_day': np.float64(-0.196), 'maxDD': np.float64(-8.0), 'green_months': np.float64(20.0)}, 'HOLDOUT': {'n': 7, 'totR': np.float64(1.0), 'R_trade': np.float64(0.143), 'wr': np.float64(28.6), 'PF': np.float64(1.2), 'green_days': np.float64(50.0), 'R_day': np.float64(0.25), 'maxDD': np.float64(-2.0), 'green_months': np.float64(50.0)}}
lgb_reg|15min|tp3|long|th=0.1	{'IS': {'n': 34, 'totR': np.float64(-0.2), 'R_trade': np.float64(-0.005), 'wr': np.float64(35.3), 'PF': np.float64(0.99), 'green_days': np.float64(41.4), 'R_day': np.float64(-0.006), 'maxDD': np.float64(-7.8), 'green_months': np.float64(42.9)}, 'VAL': {'n': 17, 'totR': np.float64(0.7), 'R_trade': np.float64(0.042), 'wr': np.float64(29.4), 'PF': np.float64(1.06), 'green_days': np.float64(45.5), 'R_day': np.float64(0.064), 'maxDD': np.float64(-6.0), 'green_months': np.float64(50.0)}, 'HOLDOUT': {'n': 5, 'totR': np.float64(-1.0), 'R_trade': np.float64(-0.2), 'wr': np.float64(20.0), 'PF': np.float64(0.75), 'green_days': np.float64(33.3), 'R_day': np.float64(-0.333), 'maxDD': np.float64(-3.0), 'green_months': np.float64(0.0)}}
lgb_reg|15min|tp3|long|th=0.2	{'IS': {'n': 18, 'totR': np.float64(1.0), 'R_trade': np.float64(0.056), 'wr': np.float64(33.3), 'PF': np.float64(1.08), 'green_days': np.float64(37.5), 'R_day': np.float64(0.063), 'maxDD': np.float64(-4.0), 'green_months': np.float64(50.0)}, 'VAL': {'n': 7, 'totR': np.float64(4.2), 'R_trade': np.float64(0.597), 'wr': np.float64(42.9), 'PF': np.float64(2.15), 'green_days': np.float64(50.0), 'R_day': np.float64(0.696), 'maxDD': np.float64(-2.0), 'green_months': np.float64(75.0)}, 'HOLDOUT': {'n': 2, 'totR': np.float64(-2.0), 'R_trade': np.float64(-1.0), 'wr': np.float64(0.0), 'PF': np.float64(0.0), 'green_days': np.float64(0.0), 'R_day': np.float64(-2.0), 'maxDD': np.float64(0.0), 'green_months': np.float64(0.0)}}
lgb_reg|15min|tp3|long|th=0.3	{'IS': {'n': 8, 'totR': np.float64(-2.2), 'R_trade': np.float64(-0.277), 'wr': np.float64(25.0), 'PF': np.float64(0.63), 'green_days': np.float64(28.6), 'R_day': np.float64(-0.316), 'maxDD': np.float64(-6.0), 'green_months': np.float64(40.0)}, 'VAL': {'n': 1, 'totR': np.float64(1.8), 'R_trade': np.float64(1.803), 'wr': np.float64(100.0), 'PF': inf, 'green_days': np.float64(100.0), 'R_day': np.float64(1.803), 'maxDD': np.float64(0.0), 'green_months': np.float64(100.0)}, 'HOLDOUT': {'n': 0, 'totR': 0.0}}
ALWAYS_LONG|15min|trail1	{'IS': {'n': 7513, 'totR': np.float64(-454.9), 'R_trade': np.float64(-0.061), 'wr': np.float64(33.9), 'PF': np.float64(0.85), 'green_days': np.float64(44.3), 'R_day': np.float64(-0.551), 'maxDD': np.float64(-529.8), 'green_months': np.float64(25.0)}, 'VAL': {'n': 3725, 'totR': np.float64(-81.6), 'R_trade': np.float64(-0.022), 'wr': np.float64(35.9), 'PF': np.float64(0.95), 'green_days': np.float64(46.9), 'R_day': np.float64(-0.193), 'maxDD': np.float64(-143.1), 'green_months': np.float64(55.6)}, 'HOLDOUT': {'n': 3378, 'totR': np.float64(78.5), 'R_trade': np.float64(0.023), 'wr': np.float64(36.8), 'PF': np.float64(1.06), 'green_days': np.float64(52.6), 'R_day': np.float64(0.185), 'maxDD': np.float64(-65.6), 'green_months': np.float64(57.9)}}
ALWAYS_SHORT|15min|trail1	{'IS': {'n': 7561, 'totR': np.float64(-415.8), 'R_trade': np.float64(-0.055), 'wr': np.float64(34.9), 'PF': np.float64(0.87), 'green_days': np.float64(40.8), 'R_day': np.float64(-0.499), 'maxDD': np.float64(-445.2), 'green_months': np.float64(30.6)}, 'VAL': {'n': 4004, 'totR': np.float64(-358.8), 'R_trade': np.float64(-0.09), 'wr': np.float64(33.8), 'PF': np.float64(0.79), 'green_days': np.float64(37.4), 'R_day': np.float64(-0.85), 'maxDD': np.float64(-367.1), 'green_months': np.float64(5.6)}, 'HOLDOUT': {'n': 3704, 'totR': np.float64(-224.9), 'R_trade': np.float64(-0.061), 'wr': np.float64(34.0), 'PF': np.float64(0.85), 'green_days': np.float64(42.7), 'R_day': np.float64(-0.511), 'maxDD': np.float64(-310.2), 'green_months': np.float64(26.3)}}
lgb_reg|15min|trail1|both|th=0.0	{'IS': {'n': 1035, 'totR': np.float64(-68.8), 'R_trade': np.float64(-0.066), 'wr': np.float64(35.5), 'PF': np.float64(0.84), 'green_days': np.float64(43.1), 'R_day': np.float64(-0.175), 'maxDD': np.float64(-79.6), 'green_months': np.float64(44.4)}, 'VAL': {'n': 347, 'totR': np.float64(9.4), 'R_trade': np.float64(0.027), 'wr': np.float64(38.3), 'PF': np.float64(1.07), 'green_days': np.float64(42.1), 'R_day': np.float64(0.059), 'maxDD': np.float64(-14.4), 'green_months': np.float64(50.0)}, 'HOLDOUT': {'n': 312, 'totR': np.float64(44.7), 'R_trade': np.float64(0.143), 'wr': np.float64(41.0), 'PF': np.float64(1.43), 'green_days': np.float64(48.6), 'R_day': np.float64(0.324), 'maxDD': np.float64(-11.7), 'green_months': np.float64(66.7)}}
lgb_reg|15min|trail1|both|th=0.05	{'IS': {'n': 552, 'totR': np.float64(-55.8), 'R_trade': np.float64(-0.101), 'wr': np.float64(32.6), 'PF': np.float64(0.76), 'green_days': np.float64(38.0), 'R_day': np.float64(-0.236), 'maxDD': np.float64(-61.6), 'green_months': np.float64(33.3)}, 'VAL': {'n': 197, 'totR': np.float64(-8.5), 'R_trade': np.float64(-0.043), 'wr': np.float64(39.6), 'PF': np.float64(0.89), 'green_days': np.float64(38.0), 'R_day': np.float64(-0.085), 'maxDD': np.float64(-17.3), 'green_months': np.float64(33.3)}, 'HOLDOUT': {'n': 176, 'totR': np.float64(30.4), 'R_trade': np.float64(0.173), 'wr': np.float64(45.5), 'PF': np.float64(1.55), 'green_days': np.float64(51.7), 'R_day': np.float64(0.342), 'maxDD': np.float64(-6.2), 'green_months': np.float64(58.8)}}
lgb_reg|15min|trail1|both|th=0.1	{'IS': {'n': 306, 'totR': np.float64(-23.6), 'R_trade': np.float64(-0.077), 'wr': np.float64(32.7), 'PF': np.float64(0.81), 'green_days': np.float64(39.5), 'R_day': np.float64(-0.161), 'maxDD': np.float64(-24.4), 'green_months': np.float64(31.4)}, 'VAL': {'n': 107, 'totR': np.float64(2.9), 'R_trade': np.float64(0.027), 'wr': np.float64(43.9), 'PF': np.float64(1.07), 'green_days': np.float64(49.1), 'R_day': np.float64(0.052), 'maxDD': np.float64(-10.8), 'green_months': np.float64(35.3)}, 'HOLDOUT': {'n': 94, 'totR': np.float64(13.6), 'R_trade': np.float64(0.144), 'wr': np.float64(44.7), 'PF': np.float64(1.42), 'green_days': np.float64(56.6), 'R_day': np.float64(0.256), 'maxDD': np.float64(-7.6), 'green_months': np.float64(68.8)}}
lgb_reg|15min|trail1|both|th=0.2	{'IS': {'n': 79, 'totR': np.float64(12.7), 'R_trade': np.float64(0.161), 'wr': np.float64(36.7), 'PF': np.float64(1.49), 'green_days': np.float64(47.8), 'R_day': np.float64(0.277), 'maxDD': np.float64(-5.2), 'green_months': np.float64(45.8)}, 'VAL': {'n': 33, 'totR': np.float64(0.3), 'R_trade': np.float64(0.009), 'wr': np.float64(39.4), 'PF': np.float64(1.02), 'green_days': np.float64(45.5), 'R_day': np.float64(0.014), 'maxDD': np.float64(-8.6), 'green_months': np.float64(54.5)}, 'HOLDOUT': {'n': 22, 'totR': np.float64(9.1), 'R_trade': np.float64(0.412), 'wr': np.float64(54.5), 'PF': np.float64(2.6), 'green_days': np.float64(45.5), 'R_day': np.float64(0.824), 'maxDD': np.float64(-2.2), 'green_months': np.float64(60.0)}}
lgb_reg|15min|trail1|both|th=0.3	{'IS': {'n': 19, 'totR': np.float64(7.0), 'R_trade': np.float64(0.37), 'wr': np.float64(42.1), 'PF': np.float64(2.51), 'green_days': np.float64(61.5), 'R_day': np.float64(0.541), 'maxDD': np.float64(-1.2), 'green_months': np.float64(62.5)}, 'VAL': {'n': 12, 'totR': np.float64(1.0), 'R_trade': np.float64(0.084), 'wr': np.float64(41.7), 'PF': np.float64(1.24), 'green_days': np.float64(57.1), 'R_day': np.float64(0.143), 'maxDD': np.float64(-1.6), 'green_months': np.float64(75.0)}, 'HOLDOUT': {'n': 1, 'totR': np.float64(4.2), 'R_trade': np.float64(4.2), 'wr': np.float64(100.0), 'PF': inf, 'green_days': np.float64(100.0), 'R_day': np.float64(4.2), 'maxDD': np.float64(0.0), 'green_months': np.float64(100.0)}}
lgb_reg|15min|trail1|long|th=0.0	{'IS': {'n': 457, 'totR': np.float64(-23.5), 'R_trade': np.float64(-0.051), 'wr': np.float64(35.2), 'PF': np.float64(0.87), 'green_days': np.float64(45.4), 'R_day': np.float64(-0.113), 'maxDD': np.float64(-39.7), 'green_months': np.float64(40.0)}, 'VAL': {'n': 171, 'totR': np.float64(22.4), 'R_trade': np.float64(0.131), 'wr': np.float64(43.9), 'PF': np.float64(1.37), 'green_days': np.float64(46.1), 'R_day': np.float64(0.252), 'maxDD': np.float64(-8.8), 'green_months': np.float64(66.7)}, 'HOLDOUT': {'n': 208, 'totR': np.float64(31.2), 'R_trade': np.float64(0.15), 'wr': np.float64(39.4), 'PF': np.float64(1.44), 'green_days': np.float64(45.6), 'R_day': np.float64(0.273), 'maxDD': np.float64(-9.3), 'green_months': np.float64(55.6)}}
lgb_reg|15min|trail1|long|th=0.05	{'IS': {'n': 233, 'totR': np.float64(-5.1), 'R_trade': np.float64(-0.022), 'wr': np.float64(35.6), 'PF': np.float64(0.94), 'green_days': np.float64(42.0), 'R_day': np.float64(-0.045), 'maxDD': np.float64(-13.4), 'green_months': np.float64(41.9)}, 'VAL': {'n': 106, 'totR': np.float64(6.9), 'R_trade': np.float64(0.065), 'wr': np.float64(43.4), 'PF': np.float64(1.18), 'green_days': np.float64(45.2), 'R_day': np.float64(0.112), 'maxDD': np.float64(-6.6), 'green_months': np.float64(50.0)}, 'HOLDOUT': {'n': 111, 'totR': np.float64(23.0), 'R_trade': np.float64(0.207), 'wr': np.float64(43.2), 'PF': np.float64(1.62), 'green_days': np.float64(49.3), 'R_day': np.float64(0.333), 'maxDD': np.float64(-4.8), 'green_months': np.float64(53.3)}}
lgb_reg|15min|trail1|long|th=0.1	{'IS': {'n': 131, 'totR': np.float64(0.9), 'R_trade': np.float64(0.007), 'wr': np.float64(36.6), 'PF': np.float64(1.02), 'green_days': np.float64(41.2), 'R_day': np.float64(0.013), 'maxDD': np.float64(-8.6), 'green_months': np.float64(42.3)}, 'VAL': {'n': 61, 'totR': np.float64(10.4), 'R_trade': np.float64(0.171), 'wr': np.float64(42.6), 'PF': np.float64(1.45), 'green_days': np.float64(48.5), 'R_day': np.float64(0.316), 'maxDD': np.float64(-3.9), 'green_months': np.float64(50.0)}, 'HOLDOUT': {'n': 52, 'totR': np.float64(11.4), 'R_trade': np.float64(0.22), 'wr': np.float64(44.2), 'PF': np.float64(1.59), 'green_days': np.float64(54.1), 'R_day': np.float64(0.309), 'maxDD': np.float64(-6.8), 'green_months': np.float64(78.6)}}
lgb_reg|15min|trail1|long|th=0.2	{'IS': {'n': 43, 'totR': np.float64(7.5), 'R_trade': np.float64(0.175), 'wr': np.float64(41.9), 'PF': np.float64(1.65), 'green_days': np.float64(50.0), 'R_day': np.float64(0.289), 'maxDD': np.float64(-2.4), 'green_months': np.float64(46.2)}, 'VAL': {'n': 23, 'totR': np.float64(1.6), 'R_trade': np.float64(0.068), 'wr': np.float64(39.1), 'PF': np.float64(1.17), 'green_days': np.float64(40.0), 'R_day': np.float64(0.104), 'maxDD': np.float64(-5.4), 'green_months': np.float64(54.5)}, 'HOLDOUT': {'n': 5, 'totR': np.float64(8.5), 'R_trade': np.float64(1.693), 'wr': np.float64(60.0), 'PF': np.float64(8.98), 'green_days': np.float64(60.0), 'R_day': np.float64(1.693), 'maxDD': np.float64(-0.4), 'green_months': np.float64(100.0)}}
lgb_reg|15min|trail1|long|th=0.3	{'IS': {'n': 16, 'totR': np.float64(6.2), 'R_trade': np.float64(0.39), 'wr': np.float64(43.8), 'PF': np.float64(3.07), 'green_days': np.float64(70.0), 'R_day': np.float64(0.625), 'maxDD': np.float64(-0.3), 'green_months': np.float64(80.0)}, 'VAL': {'n': 6, 'totR': np.float64(0.6), 'R_trade': np.float64(0.096), 'wr': np.float64(33.3), 'PF': np.float64(1.31), 'green_days': np.float64(33.3), 'R_day': np.float64(0.192), 'maxDD': np.float64(-0.1), 'green_months': np.float64(50.0)}, 'HOLDOUT': {'n': 1, 'totR': np.float64(4.2), 'R_trade': np.float64(4.2), 'wr': np.float64(100.0), 'PF': inf, 'green_days': np.float64(100.0), 'R_day': np.float64(4.2), 'maxDD': np.float64(0.0), 'green_months': np.float64(100.0)}}
ALWAYS_LONG|15min|trail1_sl2	{'IS': {'n': 7510, 'totR': np.float64(-227.3), 'R_trade': np.float64(-0.03), 'wr': np.float64(33.9), 'PF': np.float64(0.85), 'green_days': np.float64(44.4), 'R_day': np.float64(-0.275), 'maxDD': np.float64(-264.8), 'green_months': np.float64(25.0)}, 'VAL': {'n': 3720, 'totR': np.float64(-37.8), 'R_trade': np.float64(-0.01), 'wr': np.float64(36.0), 'PF': np.float64(0.95), 'green_days': np.float64(47.2), 'R_day': np.float64(-0.089), 'maxDD': np.float64(-69.5), 'green_months': np.float64(55.6)}, 'HOLDOUT': {'n': 3378, 'totR': np.float64(38.7), 'R_trade': np.float64(0.011), 'wr': np.float64(36.8), 'PF': np.float64(1.06), 'green_days': np.float64(52.4), 'R_day': np.float64(0.091), 'maxDD': np.float64(-32.8), 'green_months': np.float64(57.9)}}
ALWAYS_SHORT|15min|trail1_sl2	{'IS': {'n': 7560, 'totR': np.float64(-207.3), 'R_trade': np.float64(-0.027), 'wr': np.float64(34.9), 'PF': np.float64(0.87), 'green_days': np.float64(40.7), 'R_day': np.float64(-0.249), 'maxDD': np.float64(-221.0), 'green_months': np.float64(30.6)}, 'VAL': {'n': 4004, 'totR': np.float64(-182.9), 'R_trade': np.float64(-0.046), 'wr': np.float64(33.9), 'PF': np.float64(0.79), 'green_days': np.float64(37.9), 'R_day': np.float64(-0.433), 'maxDD': np.float64(-187.0), 'green_months': np.float64(5.6)}, 'HOLDOUT': {'n': 3703, 'totR': np.float64(-108.7), 'R_trade': np.float64(-0.029), 'wr': np.float64(34.1), 'PF': np.float64(0.85), 'green_days': np.float64(43.0), 'R_day': np.float64(-0.247), 'maxDD': np.float64(-151.3), 'green_months': np.float64(26.3)}}
lgb_reg|15min|trail1_sl2|both|th=0.0	{'IS': {'n': 3905, 'totR': np.float64(-137.0), 'R_trade': np.float64(-0.035), 'wr': np.float64(34.3), 'PF': np.float64(0.83), 'green_days': np.float64(40.0), 'R_day': np.float64(-0.178), 'maxDD': np.float64(-137.5), 'green_months': np.float64(25.0)}, 'VAL': {'n': 1664, 'totR': np.float64(-40.2), 'R_trade': np.float64(-0.024), 'wr': np.float64(35.9), 'PF': np.float64(0.88), 'green_days': np.float64(45.6), 'R_day': np.float64(-0.111), 'maxDD': np.float64(-47.6), 'green_months': np.float64(38.9)}, 'HOLDOUT': {'n': 1511, 'totR': np.float64(64.1), 'R_trade': np.float64(0.042), 'wr': np.float64(40.4), 'PF': np.float64(1.24), 'green_days': np.float64(52.5), 'R_day': np.float64(0.178), 'maxDD': np.float64(-8.8), 'green_months': np.float64(63.2)}}
lgb_reg|15min|trail1_sl2|both|th=0.05	{'IS': {'n': 1816, 'totR': np.float64(-70.8), 'R_trade': np.float64(-0.039), 'wr': np.float64(34.7), 'PF': np.float64(0.81), 'green_days': np.float64(42.6), 'R_day': np.float64(-0.13), 'maxDD': np.float64(-73.0), 'green_months': np.float64(27.8)}, 'VAL': {'n': 755, 'totR': np.float64(-25.1), 'R_trade': np.float64(-0.033), 'wr': np.float64(34.6), 'PF': np.float64(0.84), 'green_days': np.float64(40.6), 'R_day': np.float64(-0.109), 'maxDD': np.float64(-30.3), 'green_months': np.float64(33.3)}, 'HOLDOUT': {'n': 628, 'totR': np.float64(5.2), 'R_trade': np.float64(0.008), 'wr': np.float64(36.5), 'PF': np.float64(1.04), 'green_days': np.float64(45.0), 'R_day': np.float64(0.024), 'maxDD': np.float64(-13.6), 'green_months': np.float64(44.4)}}
lgb_reg|15min|trail1_sl2|both|th=0.1	{'IS': {'n': 735, 'totR': np.float64(-23.3), 'R_trade': np.float64(-0.032), 'wr': np.float64(35.4), 'PF': np.float64(0.84), 'green_days': np.float64(40.7), 'R_day': np.float64(-0.079), 'maxDD': np.float64(-24.7), 'green_months': np.float64(38.9)}, 'VAL': {'n': 298, 'totR': np.float64(-9.1), 'R_trade': np.float64(-0.031), 'wr': np.float64(38.3), 'PF': np.float64(0.85), 'green_days': np.float64(41.9), 'R_day': np.float64(-0.071), 'maxDD': np.float64(-10.5), 'green_months': np.float64(38.9)}, 'HOLDOUT': {'n': 258, 'totR': np.float64(16.0), 'R_trade': np.float64(0.062), 'wr': np.float64(43.8), 'PF': np.float64(1.37), 'green_days': np.float64(50.0), 'R_day': np.float64(0.129), 'maxDD': np.float64(-5.2), 'green_months': np.float64(72.2)}}
lgb_reg|15min|trail1_sl2|both|th=0.2	{'IS': {'n': 110, 'totR': np.float64(1.9), 'R_trade': np.float64(0.018), 'wr': np.float64(39.1), 'PF': np.float64(1.1), 'green_days': np.float64(45.2), 'R_day': np.float64(0.031), 'maxDD': np.float64(-2.1), 'green_months': np.float64(50.0)}, 'VAL': {'n': 61, 'totR': np.float64(-3.8), 'R_trade': np.float64(-0.062), 'wr': np.float64(36.1), 'PF': np.float64(0.68), 'green_days': np.float64(44.4), 'R_day': np.float64(-0.141), 'maxDD': np.float64(-4.9), 'green_months': np.float64(44.4)}, 'HOLDOUT': {'n': 19, 'totR': np.float64(2.9), 'R_trade': np.float64(0.152), 'wr': np.float64(52.6), 'PF': np.float64(2.14), 'green_days': np.float64(53.3), 'R_day': np.float64(0.193), 'maxDD': np.float64(-0.8), 'green_months': np.float64(66.7)}}
lgb_reg|15min|trail1_sl2|both|th=0.3	{'IS': {'n': 8, 'totR': np.float64(2.2), 'R_trade': np.float64(0.276), 'wr': np.float64(37.5), 'PF': np.float64(2.65), 'green_days': np.float64(50.0), 'R_day': np.float64(0.368), 'maxDD': np.float64(-0.3), 'green_months': np.float64(40.0)}, 'VAL': {'n': 6, 'totR': np.float64(0.0), 'R_trade': np.float64(0.003), 'wr': np.float64(50.0), 'PF': np.float64(1.02), 'green_days': np.float64(50.0), 'R_day': np.float64(0.004), 'maxDD': np.float64(-0.3), 'green_months': np.float64(33.3)}, 'HOLDOUT': {'n': 0, 'totR': 0.0}}
lgb_reg|15min|trail1_sl2|long|th=0.0	{'IS': {'n': 1979, 'totR': np.float64(-50.7), 'R_trade': np.float64(-0.026), 'wr': np.float64(34.3), 'PF': np.float64(0.87), 'green_days': np.float64(43.0), 'R_day': np.float64(-0.087), 'maxDD': np.float64(-62.0), 'green_months': np.float64(30.6)}, 'VAL': {'n': 819, 'totR': np.float64(10.7), 'R_trade': np.float64(0.013), 'wr': np.float64(38.7), 'PF': np.float64(1.07), 'green_days': np.float64(50.9), 'R_day': np.float64(0.039), 'maxDD': np.float64(-19.0), 'green_months': np.float64(66.7)}, 'HOLDOUT': {'n': 1068, 'totR': np.float64(48.6), 'R_trade': np.float64(0.045), 'wr': np.float64(39.0), 'PF': np.float64(1.25), 'green_days': np.float64(50.5), 'R_day': np.float64(0.164), 'maxDD': np.float64(-14.2), 'green_months': np.float64(57.9)}}
lgb_reg|15min|trail1_sl2|long|th=0.05	{'IS': {'n': 809, 'totR': np.float64(-20.7), 'R_trade': np.float64(-0.026), 'wr': np.float64(35.6), 'PF': np.float64(0.87), 'green_days': np.float64(46.9), 'R_day': np.float64(-0.065), 'maxDD': np.float64(-26.3), 'green_months': np.float64(33.3)}, 'VAL': {'n': 347, 'totR': np.float64(-8.5), 'R_trade': np.float64(-0.024), 'wr': np.float64(36.3), 'PF': np.float64(0.88), 'green_days': np.float64(40.5), 'R_day': np.float64(-0.065), 'maxDD': np.float64(-12.2), 'green_months': np.float64(38.9)}, 'HOLDOUT': {'n': 427, 'totR': np.float64(7.5), 'R_trade': np.float64(0.018), 'wr': np.float64(35.4), 'PF': np.float64(1.09), 'green_days': np.float64(43.5), 'R_day': np.float64(0.044), 'maxDD': np.float64(-12.2), 'green_months': np.float64(44.4)}}
lgb_reg|15min|trail1_sl2|long|th=0.1	{'IS': {'n': 276, 'totR': np.float64(-4.3), 'R_trade': np.float64(-0.016), 'wr': np.float64(35.1), 'PF': np.float64(0.92), 'green_days': np.float64(43.9), 'R_day': np.float64(-0.031), 'maxDD': np.float64(-8.5), 'green_months': np.float64(35.3)}, 'VAL': {'n': 137, 'totR': np.float64(-1.5), 'R_trade': np.float64(-0.011), 'wr': np.float64(38.7), 'PF': np.float64(0.94), 'green_days': np.float64(41.5), 'R_day': np.float64(-0.023), 'maxDD': np.float64(-6.0), 'green_months': np.float64(50.0)}, 'HOLDOUT': {'n': 172, 'totR': np.float64(10.0), 'R_trade': np.float64(0.058), 'wr': np.float64(40.7), 'PF': np.float64(1.32), 'green_days': np.float64(46.3), 'R_day': np.float64(0.105), 'maxDD': np.float64(-5.4), 'green_months': np.float64(58.8)}}
lgb_reg|15min|trail1_sl2|long|th=0.2	{'IS': {'n': 35, 'totR': np.float64(2.4), 'R_trade': np.float64(0.068), 'wr': np.float64(42.9), 'PF': np.float64(1.44), 'green_days': np.float64(52.0), 'R_day': np.float64(0.095), 'maxDD': np.float64(-1.7), 'green_months': np.float64(66.7)}, 'VAL': {'n': 32, 'totR': np.float64(-1.6), 'R_trade': np.float64(-0.05), 'wr': np.float64(31.2), 'PF': np.float64(0.76), 'green_days': np.float64(33.3), 'R_day': np.float64(-0.106), 'maxDD': np.float64(-2.4), 'green_months': np.float64(42.9)}, 'HOLDOUT': {'n': 7, 'totR': np.float64(2.9), 'R_trade': np.float64(0.413), 'wr': np.float64(57.1), 'PF': np.float64(5.02), 'green_days': np.float64(57.1), 'R_day': np.float64(0.413), 'maxDD': np.float64(-0.6), 'green_months': np.float64(100.0)}}
ALWAYS_LONG|15min|time60	{'IS': {'n': 18386, 'totR': np.float64(-1198.6), 'R_trade': np.float64(-0.065), 'wr': np.float64(43.5), 'PF': np.float64(0.78), 'green_days': np.float64(34.9), 'R_day': np.float64(-1.306), 'maxDD': np.float64(-1207.0), 'green_months': np.float64(5.6)}, 'VAL': {'n': 9357, 'totR': np.float64(-453.4), 'R_trade': np.float64(-0.048), 'wr': np.float64(45.0), 'PF': np.float64(0.83), 'green_days': np.float64(38.3), 'R_day': np.float64(-0.975), 'maxDD': np.float64(-458.0), 'green_months': np.float64(11.1)}, 'HOLDOUT': {'n': 9097, 'totR': np.float64(-24.7), 'R_trade': np.float64(-0.003), 'wr': np.float64(49.1), 'PF': np.float64(0.99), 'green_days': np.float64(48.7), 'R_day': np.float64(-0.053), 'maxDD': np.float64(-84.3), 'green_months': np.float64(57.9)}}
ALWAYS_SHORT|15min|time60	{'IS': {'n': 18283, 'totR': np.float64(-1184.5), 'R_trade': np.float64(-0.065), 'wr': np.float64(43.4), 'PF': np.float64(0.78), 'green_days': np.float64(32.9), 'R_day': np.float64(-1.292), 'maxDD': np.float64(-1185.2), 'green_months': np.float64(0.0)}, 'VAL': {'n': 9351, 'totR': np.float64(-748.0), 'R_trade': np.float64(-0.08), 'wr': np.float64(40.8), 'PF': np.float64(0.74), 'green_days': np.float64(30.3), 'R_day': np.float64(-1.608), 'maxDD': np.float64(-749.3), 'green_months': np.float64(0.0)}, 'HOLDOUT': {'n': 9002, 'totR': np.float64(-376.9), 'R_trade': np.float64(-0.042), 'wr': np.float64(44.8), 'PF': np.float64(0.85), 'green_days': np.float64(38.6), 'R_day': np.float64(-0.821), 'maxDD': np.float64(-438.4), 'green_months': np.float64(15.8)}}
lgb_reg|15min|time60|both|th=0.0	{'IS': {'n': 1736, 'totR': np.float64(-68.2), 'R_trade': np.float64(-0.039), 'wr': np.float64(47.6), 'PF': np.float64(0.82), 'green_days': np.float64(50.6), 'R_day': np.float64(-0.122), 'maxDD': np.float64(-75.7), 'green_months': np.float64(30.6)}, 'VAL': {'n': 583, 'totR': np.float64(-41.5), 'R_trade': np.float64(-0.071), 'wr': np.float64(45.3), 'PF': np.float64(0.68), 'green_days': np.float64(42.9), 'R_day': np.float64(-0.205), 'maxDD': np.float64(-49.0), 'green_months': np.float64(33.3)}, 'HOLDOUT': {'n': 490, 'totR': np.float64(20.7), 'R_trade': np.float64(0.042), 'wr': np.float64(51.6), 'PF': np.float64(1.21), 'green_days': np.float64(54.3), 'R_day': np.float64(0.118), 'maxDD': np.float64(-9.1), 'green_months': np.float64(57.9)}}
lgb_reg|15min|time60|both|th=0.05	{'IS': {'n': 185, 'totR': np.float64(-14.7), 'R_trade': np.float64(-0.079), 'wr': np.float64(45.9), 'PF': np.float64(0.72), 'green_days': np.float64(45.8), 'R_day': np.float64(-0.137), 'maxDD': np.float64(-17.5), 'green_months': np.float64(29.4)}, 'VAL': {'n': 61, 'totR': np.float64(-5.1), 'R_trade': np.float64(-0.083), 'wr': np.float64(37.7), 'PF': np.float64(0.65), 'green_days': np.float64(39.1), 'R_day': np.float64(-0.221), 'maxDD': np.float64(-8.3), 'green_months': np.float64(36.4)}, 'HOLDOUT': {'n': 19, 'totR': np.float64(6.0), 'R_trade': np.float64(0.317), 'wr': np.float64(73.7), 'PF': np.float64(4.37), 'green_days': np.float64(76.9), 'R_day': np.float64(0.464), 'maxDD': np.float64(-1.2), 'green_months': np.float64(72.7)}}
lgb_reg|15min|time60|both|th=0.1	{'IS': {'n': 19, 'totR': np.float64(-4.0), 'R_trade': np.float64(-0.208), 'wr': np.float64(36.8), 'PF': np.float64(0.41), 'green_days': np.float64(33.3), 'R_day': np.float64(-0.263), 'maxDD': np.float64(-5.6), 'green_months': np.float64(25.0)}, 'VAL': {'n': 9, 'totR': np.float64(-1.5), 'R_trade': np.float64(-0.162), 'wr': np.float64(22.2), 'PF': np.float64(0.3), 'green_days': np.float64(25.0), 'R_day': np.float64(-0.363), 'maxDD': np.float64(-2.1), 'green_months': np.float64(50.0)}, 'HOLDOUT': {'n': 0, 'totR': 0.0}}
lgb_reg|15min|time60|long|th=0.0	{'IS': {'n': 1097, 'totR': np.float64(-45.5), 'R_trade': np.float64(-0.042), 'wr': np.float64(48.7), 'PF': np.float64(0.81), 'green_days': np.float64(49.6), 'R_day': np.float64(-0.107), 'maxDD': np.float64(-52.5), 'green_months': np.float64(36.1)}, 'VAL': {'n': 398, 'totR': np.float64(-20.7), 'R_trade': np.float64(-0.052), 'wr': np.float64(46.5), 'PF': np.float64(0.75), 'green_days': np.float64(45.6), 'R_day': np.float64(-0.141), 'maxDD': np.float64(-26.3), 'green_months': np.float64(44.4)}, 'HOLDOUT': {'n': 318, 'totR': np.float64(15.3), 'R_trade': np.float64(0.048), 'wr': np.float64(53.1), 'PF': np.float64(1.24), 'green_days': np.float64(53.2), 'R_day': np.float64(0.108), 'maxDD': np.float64(-6.5), 'green_months': np.float64(52.6)}}
lgb_reg|15min|time60|long|th=0.05	{'IS': {'n': 111, 'totR': np.float64(-6.7), 'R_trade': np.float64(-0.06), 'wr': np.float64(49.5), 'PF': np.float64(0.75), 'green_days': np.float64(51.3), 'R_day': np.float64(-0.086), 'maxDD': np.float64(-12.9), 'green_months': np.float64(35.5)}, 'VAL': {'n': 49, 'totR': np.float64(-4.2), 'R_trade': np.float64(-0.086), 'wr': np.float64(40.8), 'PF': np.float64(0.62), 'green_days': np.float64(46.7), 'R_day': np.float64(-0.281), 'maxDD': np.float64(-5.8), 'green_months': np.float64(50.0)}, 'HOLDOUT': {'n': 3, 'totR': np.float64(2.1), 'R_trade': np.float64(0.698), 'wr': np.float64(100.0), 'PF': inf, 'green_days': np.float64(100.0), 'R_day': np.float64(0.698), 'maxDD': np.float64(0.0), 'green_months': np.float64(100.0)}}
ALWAYS_LONG|15min|time240	{'IS': {'n': 5143, 'totR': np.float64(-224.6), 'R_trade': np.float64(-0.044), 'wr': np.float64(42.9), 'PF': np.float64(0.89), 'green_days': np.float64(45.3), 'R_day': np.float64(-0.275), 'maxDD': np.float64(-259.7), 'green_months': np.float64(30.6)}, 'VAL': {'n': 2599, 'totR': np.float64(-6.4), 'R_trade': np.float64(-0.002), 'wr': np.float64(46.2), 'PF': np.float64(0.99), 'green_days': np.float64(48.9), 'R_day': np.float64(-0.015), 'maxDD': np.float64(-67.6), 'green_months': np.float64(50.0)}, 'HOLDOUT': {'n': 2498, 'totR': np.float64(84.9), 'R_trade': np.float64(0.034), 'wr': np.float64(50.8), 'PF': np.float64(1.1), 'green_days': np.float64(51.8), 'R_day': np.float64(0.204), 'maxDD': np.float64(-56.2), 'green_months': np.float64(57.9)}}
ALWAYS_SHORT|15min|time240	{'IS': {'n': 5054, 'totR': np.float64(-203.2), 'R_trade': np.float64(-0.04), 'wr': np.float64(43.1), 'PF': np.float64(0.89), 'green_days': np.float64(43.0), 'R_day': np.float64(-0.245), 'maxDD': np.float64(-231.0), 'green_months': np.float64(38.9)}, 'VAL': {'n': 2614, 'totR': np.float64(-225.3), 'R_trade': np.float64(-0.086), 'wr': np.float64(40.7), 'PF': np.float64(0.79), 'green_days': np.float64(38.1), 'R_day': np.float64(-0.54), 'maxDD': np.float64(-234.5), 'green_months': np.float64(11.1)}, 'HOLDOUT': {'n': 2483, 'totR': np.float64(-161.9), 'R_trade': np.float64(-0.065), 'wr': np.float64(42.9), 'PF': np.float64(0.83), 'green_days': np.float64(43.4), 'R_day': np.float64(-0.384), 'maxDD': np.float64(-209.9), 'green_months': np.float64(26.3)}}
lgb_reg|15min|time240|both|th=0.0	{'IS': {'n': 2184, 'totR': np.float64(-54.7), 'R_trade': np.float64(-0.025), 'wr': np.float64(46.5), 'PF': np.float64(0.91), 'green_days': np.float64(46.8), 'R_day': np.float64(-0.073), 'maxDD': np.float64(-60.9), 'green_months': np.float64(36.1)}, 'VAL': {'n': 861, 'totR': np.float64(-4.1), 'R_trade': np.float64(-0.005), 'wr': np.float64(48.4), 'PF': np.float64(0.98), 'green_days': np.float64(50.0), 'R_day': np.float64(-0.011), 'maxDD': np.float64(-27.2), 'green_months': np.float64(44.4)}, 'HOLDOUT': {'n': 776, 'totR': np.float64(61.0), 'R_trade': np.float64(0.079), 'wr': np.float64(53.1), 'PF': np.float64(1.29), 'green_days': np.float64(55.5), 'R_day': np.float64(0.191), 'maxDD': np.float64(-17.5), 'green_months': np.float64(47.4)}}
lgb_reg|15min|time240|both|th=0.05	{'IS': {'n': 1025, 'totR': np.float64(-30.7), 'R_trade': np.float64(-0.03), 'wr': np.float64(48.5), 'PF': np.float64(0.9), 'green_days': np.float64(49.3), 'R_day': np.float64(-0.061), 'maxDD': np.float64(-33.0), 'green_months': np.float64(50.0)}, 'VAL': {'n': 329, 'totR': np.float64(-0.3), 'R_trade': np.float64(-0.001), 'wr': np.float64(49.2), 'PF': np.float64(1.0), 'green_days': np.float64(51.9), 'R_day': np.float64(-0.002), 'maxDD': np.float64(-12.7), 'green_months': np.float64(50.0)}, 'HOLDOUT': {'n': 300, 'totR': np.float64(23.9), 'R_trade': np.float64(0.08), 'wr': np.float64(52.3), 'PF': np.float64(1.29), 'green_days': np.float64(56.4), 'R_day': np.float64(0.153), 'maxDD': np.float64(-9.9), 'green_months': np.float64(50.0)}}
lgb_reg|15min|time240|both|th=0.1	{'IS': {'n': 413, 'totR': np.float64(-0.8), 'R_trade': np.float64(-0.002), 'wr': np.float64(51.1), 'PF': np.float64(0.99), 'green_days': np.float64(52.6), 'R_day': np.float64(-0.003), 'maxDD': np.float64(-11.3), 'green_months': np.float64(52.8)}, 'VAL': {'n': 119, 'totR': np.float64(-0.2), 'R_trade': np.float64(-0.001), 'wr': np.float64(47.9), 'PF': np.float64(1.0), 'green_days': np.float64(48.6), 'R_day': np.float64(-0.002), 'maxDD': np.float64(-9.2), 'green_months': np.float64(55.6)}, 'HOLDOUT': {'n': 94, 'totR': np.float64(5.1), 'R_trade': np.float64(0.054), 'wr': np.float64(50.0), 'PF': np.float64(1.18), 'green_days': np.float64(50.0), 'R_day': np.float64(0.072), 'maxDD': np.float64(-6.0), 'green_months': np.float64(61.1)}}
lgb_reg|15min|time240|both|th=0.2	{'IS': {'n': 62, 'totR': np.float64(3.1), 'R_trade': np.float64(0.05), 'wr': np.float64(50.0), 'PF': np.float64(1.16), 'green_days': np.float64(59.0), 'R_day': np.float64(0.08), 'maxDD': np.float64(-2.3), 'green_months': np.float64(66.7)}, 'VAL': {'n': 16, 'totR': np.float64(-0.4), 'R_trade': np.float64(-0.027), 'wr': np.float64(62.5), 'PF': np.float64(0.9), 'green_days': np.float64(54.5), 'R_day': np.float64(-0.04), 'maxDD': np.float64(-1.6), 'green_months': np.float64(50.0)}, 'HOLDOUT': {'n': 8, 'totR': np.float64(0.9), 'R_trade': np.float64(0.11), 'wr': np.float64(50.0), 'PF': np.float64(1.56), 'green_days': np.float64(57.1), 'R_day': np.float64(0.126), 'maxDD': np.float64(-1.0), 'green_months': np.float64(75.0)}}
lgb_reg|15min|time240|both|th=0.3	{'IS': {'n': 7, 'totR': np.float64(2.0), 'R_trade': np.float64(0.28), 'wr': np.float64(57.1), 'PF': np.float64(1.83), 'green_days': np.float64(80.0), 'R_day': np.float64(0.392), 'maxDD': np.float64(0.0), 'green_months': np.float64(75.0)}, 'VAL': {'n': 4, 'totR': np.float64(-0.7), 'R_trade': np.float64(-0.184), 'wr': np.float64(50.0), 'PF': np.float64(0.63), 'green_days': np.float64(0.0), 'R_day': np.float64(-0.735), 'maxDD': np.float64(0.0), 'green_months': np.float64(0.0)}, 'HOLDOUT': {'n': 0, 'totR': 0.0}}
lgb_reg|15min|time240|long|th=0.0	{'IS': {'n': 1242, 'totR': np.float64(-30.3), 'R_trade': np.float64(-0.024), 'wr': np.float64(47.3), 'PF': np.float64(0.91), 'green_days': np.float64(49.0), 'R_day': np.float64(-0.053), 'maxDD': np.float64(-35.4), 'green_months': np.float64(41.7)}, 'VAL': {'n': 501, 'totR': np.float64(34.7), 'R_trade': np.float64(0.069), 'wr': np.float64(53.3), 'PF': np.float64(1.31), 'green_days': np.float64(55.5), 'R_day': np.float64(0.131), 'maxDD': np.float64(-14.0), 'green_months': np.float64(66.7)}, 'HOLDOUT': {'n': 591, 'totR': np.float64(56.9), 'R_trade': np.float64(0.096), 'wr': np.float64(56.2), 'PF': np.float64(1.37), 'green_days': np.float64(58.0), 'R_day': np.float64(0.206), 'maxDD': np.float64(-16.0), 'green_months': np.float64(63.2)}}
lgb_reg|15min|time240|long|th=0.05	{'IS': {'n': 534, 'totR': np.float64(-14.4), 'R_trade': np.float64(-0.027), 'wr': np.float64(49.3), 'PF': np.float64(0.9), 'green_days': np.float64(52.0), 'R_day': np.float64(-0.048), 'maxDD': np.float64(-23.0), 'green_months': np.float64(52.8)}, 'VAL': {'n': 188, 'totR': np.float64(15.4), 'R_trade': np.float64(0.082), 'wr': np.float64(53.2), 'PF': np.float64(1.36), 'green_days': np.float64(56.8), 'R_day': np.float64(0.131), 'maxDD': np.float64(-8.2), 'green_months': np.float64(66.7)}, 'HOLDOUT': {'n': 215, 'totR': np.float64(27.0), 'R_trade': np.float64(0.125), 'wr': np.float64(58.6), 'PF': np.float64(1.53), 'green_days': np.float64(60.8), 'R_day': np.float64(0.225), 'maxDD': np.float64(-7.8), 'green_months': np.float64(61.1)}}
lgb_reg|15min|time240|long|th=0.1	{'IS': {'n': 198, 'totR': np.float64(4.7), 'R_trade': np.float64(0.024), 'wr': np.float64(52.5), 'PF': np.float64(1.1), 'green_days': np.float64(52.5), 'R_day': np.float64(0.039), 'maxDD': np.float64(-5.6), 'green_months': np.float64(54.5)}, 'VAL': {'n': 72, 'totR': np.float64(3.5), 'R_trade': np.float64(0.049), 'wr': np.float64(47.2), 'PF': np.float64(1.16), 'green_days': np.float64(52.4), 'R_day': np.float64(0.084), 'maxDD': np.float64(-6.4), 'green_months': np.float64(50.0)}, 'HOLDOUT': {'n': 58, 'totR': np.float64(3.5), 'R_trade': np.float64(0.061), 'wr': np.float64(53.4), 'PF': np.float64(1.22), 'green_days': np.float64(54.8), 'R_day': np.float64(0.084), 'maxDD': np.float64(-3.8), 'green_months': np.float64(57.1)}}
lgb_reg|15min|time240|long|th=0.2	{'IS': {'n': 23, 'totR': np.float64(2.9), 'R_trade': np.float64(0.126), 'wr': np.float64(56.5), 'PF': np.float64(1.85), 'green_days': np.float64(61.1), 'R_day': np.float64(0.161), 'maxDD': np.float64(-1.1), 'green_months': np.float64(80.0)}, 'VAL': {'n': 11, 'totR': np.float64(-1.3), 'R_trade': np.float64(-0.114), 'wr': np.float64(54.5), 'PF': np.float64(0.62), 'green_days': np.float64(33.3), 'R_day': np.float64(-0.209), 'maxDD': np.float64(-1.2), 'green_months': np.float64(0.0)}, 'HOLDOUT': {'n': 0, 'totR': 0.0}}
ALWAYS_LONG|15min|tp2_sl0.5	{'IS': {'n': 14258, 'totR': np.float64(-2238.1), 'R_trade': np.float64(-0.157), 'wr': np.float64(28.6), 'PF': np.float64(0.78), 'green_days': np.float64(34.3), 'R_day': np.float64(-2.655), 'maxDD': np.float64(-2254.6), 'green_months': np.float64(2.8)}, 'VAL': {'n': 7366, 'totR': np.float64(-839.3), 'R_trade': np.float64(-0.114), 'wr': np.float64(29.9), 'PF': np.float64(0.84), 'green_days': np.float64(39.5), 'R_day': np.float64(-1.961), 'maxDD': np.float64(-857.7), 'green_months': np.float64(22.2)}, 'HOLDOUT': {'n': 6500, 'totR': np.float64(-139.7), 'R_trade': np.float64(-0.021), 'wr': np.float64(32.8), 'PF': np.float64(0.97), 'green_days': np.float64(49.9), 'R_day': np.float64(-0.313), 'maxDD': np.float64(-174.7), 'green_months': np.float64(47.4)}}
ALWAYS_SHORT|15min|tp2_sl0.5	{'IS': {'n': 14291, 'totR': np.float64(-2021.3), 'R_trade': np.float64(-0.141), 'wr': np.float64(29.1), 'PF': np.float64(0.8), 'green_days': np.float64(32.1), 'R_day': np.float64(-2.386), 'maxDD': np.float64(-2027.5), 'green_months': np.float64(2.8)}, 'VAL': {'n': 7439, 'totR': np.float64(-1227.0), 'R_trade': np.float64(-0.165), 'wr': np.float64(28.1), 'PF': np.float64(0.77), 'green_days': np.float64(30.9), 'R_day': np.float64(-2.853), 'maxDD': np.float64(-1238.0), 'green_months': np.float64(0.0)}, 'HOLDOUT': {'n': 6740, 'totR': np.float64(-583.5), 'R_trade': np.float64(-0.087), 'wr': np.float64(30.6), 'PF': np.float64(0.87), 'green_days': np.float64(41.4), 'R_day': np.float64(-1.291), 'maxDD': np.float64(-703.0), 'green_months': np.float64(21.1)}}
lgb_reg|15min|tp2_sl0.5|both|th=0.0	{'IS': {'n': 45, 'totR': np.float64(8.8), 'R_trade': np.float64(0.195), 'wr': np.float64(42.2), 'PF': np.float64(1.34), 'green_days': np.float64(50.0), 'R_day': np.float64(0.244), 'maxDD': np.float64(-7.6), 'green_months': np.float64(52.4)}, 'VAL': {'n': 42, 'totR': np.float64(0.2), 'R_trade': np.float64(0.005), 'wr': np.float64(35.7), 'PF': np.float64(1.01), 'green_days': np.float64(44.4), 'R_day': np.float64(0.008), 'maxDD': np.float64(-9.1), 'green_months': np.float64(40.0)}, 'HOLDOUT': {'n': 49, 'totR': np.float64(12.8), 'R_trade': np.float64(0.261), 'wr': np.float64(44.9), 'PF': np.float64(1.47), 'green_days': np.float64(59.3), 'R_day': np.float64(0.473), 'maxDD': np.float64(-5.0), 'green_months': np.float64(50.0)}}
lgb_reg|15min|tp2_sl0.5|both|th=0.05	{'IS': {'n': 31, 'totR': np.float64(3.3), 'R_trade': np.float64(0.107), 'wr': np.float64(38.7), 'PF': np.float64(1.19), 'green_days': np.float64(50.0), 'R_day': np.float64(0.139), 'maxDD': np.float64(-5.4), 'green_months': np.float64(52.9)}, 'VAL': {'n': 31, 'totR': np.float64(-4.7), 'R_trade': np.float64(-0.153), 'wr': np.float64(29.0), 'PF': np.float64(0.77), 'green_days': np.float64(33.3), 'R_day': np.float64(-0.264), 'maxDD': np.float64(-8.0), 'green_months': np.float64(37.5)}, 'HOLDOUT': {'n': 37, 'totR': np.float64(8.1), 'R_trade': np.float64(0.218), 'wr': np.float64(43.2), 'PF': np.float64(1.38), 'green_days': np.float64(54.5), 'R_day': np.float64(0.367), 'maxDD': np.float64(-4.0), 'green_months': np.float64(45.5)}}
lgb_reg|15min|tp2_sl0.5|both|th=0.1	{'IS': {'n': 24, 'totR': np.float64(-2.7), 'R_trade': np.float64(-0.112), 'wr': np.float64(33.3), 'PF': np.float64(0.82), 'green_days': np.float64(42.1), 'R_day': np.float64(-0.142), 'maxDD': np.float64(-5.9), 'green_months': np.float64(35.7)}, 'VAL': {'n': 23, 'totR': np.float64(-7.0), 'R_trade': np.float64(-0.302), 'wr': np.float64(26.1), 'PF': np.float64(0.59), 'green_days': np.float64(28.6), 'R_day': np.float64(-0.497), 'maxDD': np.float64(-7.0), 'green_months': np.float64(66.7)}, 'HOLDOUT': {'n': 22, 'totR': np.float64(0.5), 'R_trade': np.float64(0.022), 'wr': np.float64(36.4), 'PF': np.float64(1.03), 'green_days': np.float64(41.7), 'R_day': np.float64(0.041), 'maxDD': np.float64(-3.0), 'green_months': np.float64(57.1)}}
lgb_reg|15min|tp2_sl0.5|both|th=0.2	{'IS': {'n': 9, 'totR': np.float64(6.7), 'R_trade': np.float64(0.742), 'wr': np.float64(66.7), 'PF': np.float64(3.42), 'green_days': np.float64(75.0), 'R_day': np.float64(0.834), 'maxDD': np.float64(-2.8), 'green_months': np.float64(66.7)}, 'VAL': {'n': 13, 'totR': np.float64(-7.0), 'R_trade': np.float64(-0.538), 'wr': np.float64(15.4), 'PF': np.float64(0.36), 'green_days': np.float64(0.0), 'R_day': np.float64(-1.4), 'maxDD': np.float64(-6.0), 'green_months': np.float64(0.0)}, 'HOLDOUT': {'n': 9, 'totR': np.float64(-1.4), 'R_trade': np.float64(-0.153), 'wr': np.float64(33.3), 'PF': np.float64(0.77), 'green_days': np.float64(42.9), 'R_day': np.float64(-0.197), 'maxDD': np.float64(-3.0), 'green_months': np.float64(60.0)}}
lgb_reg|15min|tp2_sl0.5|both|th=0.3	{'IS': {'n': 2, 'totR': np.float64(1.0), 'R_trade': np.float64(0.5), 'wr': np.float64(50.0), 'PF': np.float64(2.0), 'green_days': np.float64(50.0), 'R_day': np.float64(0.5), 'maxDD': np.float64(-1.0), 'green_months': np.float64(50.0)}, 'VAL': {'n': 4, 'totR': np.float64(-1.0), 'R_trade': np.float64(-0.25), 'wr': np.float64(25.0), 'PF': np.float64(0.67), 'green_days': np.float64(0.0), 'R_day': np.float64(-1.0), 'maxDD': np.float64(0.0), 'green_months': np.float64(0.0)}, 'HOLDOUT': {'n': 3, 'totR': np.float64(1.7), 'R_trade': np.float64(0.573), 'wr': np.float64(66.7), 'PF': np.float64(2.72), 'green_days': np.float64(66.7), 'R_day': np.float64(0.573), 'maxDD': np.float64(-1.0), 'green_months': np.float64(66.7)}}
lgb_reg|15min|tp2_sl0.5|long|th=0.0	{'IS': {'n': 35, 'totR': np.float64(6.8), 'R_trade': np.float64(0.194), 'wr': np.float64(42.9), 'PF': np.float64(1.35), 'green_days': np.float64(53.6), 'R_day': np.float64(0.243), 'maxDD': np.float64(-7.6), 'green_months': np.float64(58.8)}, 'VAL': {'n': 36, 'totR': np.float64(1.0), 'R_trade': np.float64(0.027), 'wr': np.float64(36.1), 'PF': np.float64(1.04), 'green_days': np.float64(43.5), 'R_day': np.float64(0.043), 'maxDD': np.float64(-9.1), 'green_months': np.float64(50.0)}, 'HOLDOUT': {'n': 23, 'totR': np.float64(1.2), 'R_trade': np.float64(0.052), 'wr': np.float64(39.1), 'PF': np.float64(1.09), 'green_days': np.float64(50.0), 'R_day': np.float64(0.066), 'maxDD': np.float64(-6.2), 'green_months': np.float64(40.0)}}
lgb_reg|15min|tp2_sl0.5|long|th=0.05	{'IS': {'n': 26, 'totR': np.float64(5.3), 'R_trade': np.float64(0.205), 'wr': np.float64(42.3), 'PF': np.float64(1.39), 'green_days': np.float64(55.0), 'R_day': np.float64(0.266), 'maxDD': np.float64(-3.5), 'green_months': np.float64(57.1)}, 'VAL': {'n': 30, 'totR': np.float64(-6.7), 'R_trade': np.float64(-0.225), 'wr': np.float64(26.7), 'PF': np.float64(0.68), 'green_days': np.float64(29.4), 'R_day': np.float64(-0.397), 'maxDD': np.float64(-8.0), 'green_months': np.float64(37.5)}, 'HOLDOUT': {'n': 15, 'totR': np.float64(4.5), 'R_trade': np.float64(0.299), 'wr': np.float64(46.7), 'PF': np.float64(1.56), 'green_days': np.float64(50.0), 'R_day': np.float64(0.321), 'maxDD': np.float64(-4.0), 'green_months': np.float64(44.4)}}
lgb_reg|15min|tp2_sl0.5|long|th=0.1	{'IS': {'n': 21, 'totR': np.float64(0.3), 'R_trade': np.float64(0.015), 'wr': np.float64(38.1), 'PF': np.float64(1.03), 'green_days': np.float64(47.1), 'R_day': np.float64(0.018), 'maxDD': np.float64(-4.1), 'green_months': np.float64(41.7)}, 'VAL': {'n': 23, 'totR': np.float64(-7.0), 'R_trade': np.float64(-0.302), 'wr': np.float64(26.1), 'PF': np.float64(0.59), 'green_days': np.float64(28.6), 'R_day': np.float64(-0.497), 'maxDD': np.float64(-7.0), 'green_months': np.float64(66.7)}, 'HOLDOUT': {'n': 8, 'totR': np.float64(-0.5), 'R_trade': np.float64(-0.064), 'wr': np.float64(37.5), 'PF': np.float64(0.9), 'green_days': np.float64(37.5), 'R_day': np.float64(-0.064), 'maxDD': np.float64(-3.0), 'green_months': np.float64(50.0)}}
lgb_reg|15min|tp2_sl0.5|long|th=0.2	{'IS': {'n': 9, 'totR': np.float64(6.7), 'R_trade': np.float64(0.742), 'wr': np.float64(66.7), 'PF': np.float64(3.42), 'green_days': np.float64(75.0), 'R_day': np.float64(0.834), 'maxDD': np.float64(-2.8), 'green_months': np.float64(66.7)}, 'VAL': {'n': 13, 'totR': np.float64(-7.0), 'R_trade': np.float64(-0.538), 'wr': np.float64(15.4), 'PF': np.float64(0.36), 'green_days': np.float64(0.0), 'R_day': np.float64(-1.4), 'maxDD': np.float64(-6.0), 'green_months': np.float64(0.0)}, 'HOLDOUT': {'n': 5, 'totR': np.float64(-0.4), 'R_trade': np.float64(-0.075), 'wr': np.float64(40.0), 'PF': np.float64(0.87), 'green_days': np.float64(40.0), 'R_day': np.float64(-0.075), 'maxDD': np.float64(-3.0), 'green_months': np.float64(50.0)}}
lgb_reg|15min|tp2_sl0.5|long|th=0.3	{'IS': {'n': 2, 'totR': np.float64(1.0), 'R_trade': np.float64(0.5), 'wr': np.float64(50.0), 'PF': np.float64(2.0), 'green_days': np.float64(50.0), 'R_day': np.float64(0.5), 'maxDD': np.float64(-1.0), 'green_months': np.float64(50.0)}, 'VAL': {'n': 4, 'totR': np.float64(-1.0), 'R_trade': np.float64(-0.25), 'wr': np.float64(25.0), 'PF': np.float64(0.67), 'green_days': np.float64(0.0), 'R_day': np.float64(-1.0), 'maxDD': np.float64(0.0), 'green_months': np.float64(0.0)}, 'HOLDOUT': {'n': 3, 'totR': np.float64(1.7), 'R_trade': np.float64(0.573), 'wr': np.float64(66.7), 'PF': np.float64(2.72), 'green_days': np.float64(66.7), 'R_day': np.float64(0.573), 'maxDD': np.float64(-1.0), 'green_months': np.float64(66.7)}}
