name,fam,params,IS_sr,IS_ret,IS_dd,IS_gd,IS_expo,VAL_sr,VAL_ret,VAL_dd,VAL_gd,VAL_expo,turn
tsmom_sign_4h_LS,1_tsmom,"{""t"": ""sign"", ""h"": ""4h"", ""m"": ""LS""}",-3.174,-32.51,-98.49,40.7,100.0,-2.561,-25.88,-38.65,44.3,100.0,2032.9
tsmom_ra_4h_LS,1_tsmom,"{""t"": ""ra"", ""h"": ""4h"", ""m"": ""LS""}",-2.941,-37.14,-112.6,33.8,100.0,-2.489,-30.39,-47.86,36.9,100.0,2475.8
tsmom_sign_8h_LS,1_tsmom,"{""t"": ""sign"", ""h"": ""8h"", ""m"": ""LS""}",-1.742,-18.16,-56.97,42.6,100.0,-1.538,-15.41,-25.67,43.0,100.0,1418.8
tsmom_ra_8h_LS,1_tsmom,"{""t"": ""ra"", ""h"": ""8h"", ""m"": ""LS""}",-1.778,-23.7,-73.05,33.2,100.0,-1.517,-18.54,-32.62,35.1,100.0,1741.3
tsmom_sign_12h_LS,1_tsmom,"{""t"": ""sign"", ""h"": ""12h"", ""m"": ""LS""}",-0.922,-9.83,-38.19,45.2,100.0,-1.538,-16.62,-29.7,43.5,100.0,1148.9
tsmom_ra_12h_LS,1_tsmom,"{""t"": ""ra"", ""h"": ""12h"", ""m"": ""LS""}",-1.36,-18.42,-58.86,33.5,100.0,-0.684,-8.69,-18.16,36.9,100.0,1403.0
tsmom_sign_1d_LS,1_tsmom,"{""t"": ""sign"", ""h"": ""1d"", ""m"": ""LS""}",-1.032,-11.12,-42.17,45.5,100.0,0.095,1.03,-10.22,49.4,100.0,753.2
tsmom_ra_1d_LS,1_tsmom,"{""t"": ""ra"", ""h"": ""1d"", ""m"": ""LS""}",-0.625,-8.43,-36.75,34.2,100.0,0.235,3.01,-12.41,39.7,100.0,935.6
tsmom_sign_2d_LS,1_tsmom,"{""t"": ""sign"", ""h"": ""2d"", ""m"": ""LS""}",-0.574,-5.77,-35.77,47.2,100.0,0.99,10.42,-7.02,50.4,100.0,506.4
tsmom_ra_2d_LS,1_tsmom,"{""t"": ""ra"", ""h"": ""2d"", ""m"": ""LS""}",-0.679,-8.86,-47.57,36.0,100.0,0.224,3.01,-13.54,38.4,100.0,631.8
tsmom_sign_3d_LS,1_tsmom,"{""t"": ""sign"", ""h"": ""3d"", ""m"": ""LS""}",-1.078,-11.31,-44.34,44.9,100.0,0.795,8.76,-9.42,49.1,100.0,426.2
tsmom_ra_3d_LS,1_tsmom,"{""t"": ""ra"", ""h"": ""3d"", ""m"": ""LS""}",-0.768,-9.83,-46.73,34.9,100.0,0.962,13.19,-11.81,42.5,100.0,506.8
tsmom_sign_5d_LS,1_tsmom,"{""t"": ""sign"", ""h"": ""5d"", ""m"": ""LS""}",-0.323,-3.24,-28.63,47.6,100.0,0.332,3.6,-12.14,48.6,100.0,311.9
tsmom_ra_5d_LS,1_tsmom,"{""t"": ""ra"", ""h"": ""5d"", ""m"": ""LS""}",-0.042,-0.53,-21.61,37.4,100.0,1.002,15.56,-14.47,41.0,100.0,362.3
tsmom_sign_10d_LS,1_tsmom,"{""t"": ""sign"", ""h"": ""10d"", ""m"": ""LS""}",0.043,0.43,-20.56,48.6,100.0,-0.136,-1.48,-14.38,47.1,100.0,233.2
tsmom_ra_10d_LS,1_tsmom,"{""t"": ""ra"", ""h"": ""10d"", ""m"": ""LS""}",0.134,1.54,-21.39,41.2,100.0,0.313,4.51,-13.6,41.2,100.0,227.8
tsmom_sign_20d_LS,1_tsmom,"{""t"": ""sign"", ""h"": ""20d"", ""m"": ""LS""}",0.015,0.16,-22.26,48.1,100.0,-0.436,-4.76,-13.06,46.6,100.0,158.8
tsmom_ra_20d_LS,1_tsmom,"{""t"": ""ra"", ""h"": ""20d"", ""m"": ""LS""}",-0.224,-2.62,-33.39,44.6,100.0,0.039,0.51,-13.28,41.5,100.0,138.0
tsmom_sign_40d_LS,1_tsmom,"{""t"": ""sign"", ""h"": ""40d"", ""m"": ""LS""}",-0.002,-0.02,-27.06,50.1,100.0,0.345,3.68,-15.79,49.6,100.0,114.7
tsmom_ra_40d_LS,1_tsmom,"{""t"": ""ra"", ""h"": ""40d"", ""m"": ""LS""}",0.016,0.21,-21.08,43.8,100.0,0.823,12.1,-12.25,46.8,100.0,92.3
tsmom_sign_60d_LS,1_tsmom,"{""t"": ""sign"", ""h"": ""60d"", ""m"": ""LS""}",0.12,1.23,-17.65,50.1,100.0,0.862,9.5,-10.14,56.5,100.0,68.1
tsmom_ra_60d_LS,1_tsmom,"{""t"": ""ra"", ""h"": ""60d"", ""m"": ""LS""}",-0.025,-0.3,-31.41,46.4,100.0,0.518,7.67,-10.28,52.2,100.0,70.2
tsmom_sign_120d_LS,1_tsmom,"{""t"": ""sign"", ""h"": ""120d"", ""m"": ""LS""}",-0.276,-2.77,-26.26,49.6,100.0,0.206,2.23,-20.61,53.4,100.0,65.0
tsmom_ra_120d_LS,1_tsmom,"{""t"": ""ra"", ""h"": ""120d"", ""m"": ""LS""}",-0.057,-0.68,-31.71,47.3,100.0,0.91,15.24,-15.06,51.7,100.0,40.7
tsmom_sign_4h_LF,1_tsmom,"{""t"": ""sign"", ""h"": ""4h"", ""m"": ""LF""}",-2.125,-15.1,-49.89,36.1,99.9,-0.584,-4.57,-10.56,43.3,99.5,1016.0
tsmom_ra_4h_LF,1_tsmom,"{""t"": ""ra"", ""h"": ""4h"", ""m"": ""LF""}",-2.156,-17.79,-58.57,28.8,99.9,-0.82,-7.92,-13.76,35.1,99.2,1251.3
tsmom_sign_8h_LF,1_tsmom,"{""t"": ""sign"", ""h"": ""8h"", ""m"": ""LF""}",-1.148,-7.83,-32.19,36.7,98.6,0.093,0.72,-8.13,41.2,97.2,709.3
tsmom_ra_8h_LF,1_tsmom,"{""t"": ""ra"", ""h"": ""8h"", ""m"": ""LF""}",-1.663,-13.15,-43.71,28.2,98.3,-0.48,-4.95,-13.24,26.7,97.2,877.4
tsmom_sign_12h_LF,1_tsmom,"{""t"": ""sign"", ""h"": ""12h"", ""m"": ""LF""}",-0.543,-3.69,-24.97,36.2,95.3,0.012,0.1,-10.32,36.6,96.9,574.6
tsmom_ra_12h_LF,1_tsmom,"{""t"": ""ra"", ""h"": ""12h"", ""m"": ""LF""}",-1.299,-10.07,-38.61,28.1,94.3,-0.052,-0.53,-10.35,28.8,95.9,710.6
tsmom_sign_1d_LF,1_tsmom,"{""t"": ""sign"", ""h"": ""1d"", ""m"": ""LF""}",-0.61,-4.36,-26.47,35.7,89.8,1.009,8.83,-7.41,41.7,90.3,376.5
tsmom_ra_1d_LF,1_tsmom,"{""t"": ""ra"", ""h"": ""1d"", ""m"": ""LF""}",-0.478,-3.94,-27.33,27.3,87.5,0.747,7.85,-11.66,32.8,87.8,479.8
tsmom_sign_2d_LF,1_tsmom,"{""t"": ""sign"", ""h"": ""2d"", ""m"": ""LF""}",-0.232,-1.62,-18.1,34.1,80.0,1.579,13.58,-4.99,38.2,80.7,253.7
tsmom_ra_2d_LF,1_tsmom,"{""t"": ""ra"", ""h"": ""2d"", ""m"": ""LF""}",-0.409,-3.45,-24.91,27.2,77.6,0.833,9.42,-9.99,28.8,77.6,324.2
tsmom_sign_3d_LF,1_tsmom,"{""t"": ""sign"", ""h"": ""3d"", ""m"": ""LF""}",-0.596,-4.33,-22.68,31.4,72.8,1.4,12.66,-6.46,37.2,77.1,213.2
tsmom_ra_3d_LF,1_tsmom,"{""t"": ""ra"", ""h"": ""3d"", ""m"": ""LF""}",-0.438,-3.8,-28.35,24.7,70.4,1.517,17.59,-7.06,32.6,74.3,260.1
tsmom_sign_5d_LF,1_tsmom,"{""t"": ""sign"", ""h"": ""5d"", ""m"": ""LF""}",-0.035,-0.25,-18.98,31.0,69.1,1.159,10.18,-7.86,34.4,72.8,156.0
tsmom_ra_5d_LF,1_tsmom,"{""t"": ""ra"", ""h"": ""5d"", ""m"": ""LF""}",0.036,0.32,-22.23,23.5,65.4,1.179,15.63,-10.57,29.3,70.0,191.7
tsmom_sign_10d_LF,1_tsmom,"{""t"": ""sign"", ""h"": ""10d"", ""m"": ""LF""}",0.196,1.46,-14.87,30.7,63.9,0.832,7.44,-6.95,34.9,72.0,116.9
tsmom_ra_10d_LF,1_tsmom,"{""t"": ""ra"", ""h"": ""10d"", ""m"": ""LF""}",0.575,4.99,-12.3,24.4,60.1,1.17,14.76,-9.22,29.3,67.9,119.7
tsmom_sign_20d_LF,1_tsmom,"{""t"": ""sign"", ""h"": ""20d"", ""m"": ""LF""}",0.173,1.32,-17.76,27.9,57.8,0.667,6.01,-6.54,37.2,76.8,79.8
tsmom_ra_20d_LF,1_tsmom,"{""t"": ""ra"", ""h"": ""20d"", ""m"": ""LF""}",0.164,1.53,-20.15,25.0,55.4,0.678,7.97,-7.66,34.1,74.3,72.2
tsmom_sign_40d_LF,1_tsmom,"{""t"": ""sign"", ""h"": ""40d"", ""m"": ""LF""}",0.171,1.21,-18.83,27.8,56.6,1.098,10.27,-9.79,38.2,74.6,57.6
tsmom_ra_40d_LF,1_tsmom,"{""t"": ""ra"", ""h"": ""40d"", ""m"": ""LF""}",0.335,3.18,-17.07,24.1,54.1,0.872,12.1,-10.53,35.9,72.0,46.6
tsmom_sign_60d_LF,1_tsmom,"{""t"": ""sign"", ""h"": ""60d"", ""m"": ""LF""}",0.266,1.92,-13.3,29.8,58.7,1.331,13.0,-6.2,45.8,81.9,34.3
tsmom_ra_60d_LF,1_tsmom,"{""t"": ""ra"", ""h"": ""60d"", ""m"": ""LF""}",0.222,2.09,-19.66,27.0,56.1,0.864,12.18,-9.12,43.3,80.7,38.8
tsmom_sign_120d_LF,1_tsmom,"{""t"": ""sign"", ""h"": ""120d"", ""m"": ""LF""}",-0.023,-0.18,-18.73,31.5,63.0,0.912,9.18,-10.1,49.4,91.6,32.8
tsmom_ra_120d_LF,1_tsmom,"{""t"": ""ra"", ""h"": ""120d"", ""m"": ""LF""}",0.112,1.13,-24.63,29.3,60.7,1.194,19.8,-11.53,48.6,90.3,25.5
tsmomblend_sign_intra_LS,1_tsmom,"{""t"": ""sign"", ""g"": ""intra"", ""m"": ""LS""}",-1.586,-20.44,-69.75,36.0,100.0,-0.447,-6.02,-21.45,37.4,100.0,1470.1
tsmomblend_sign_intra_LF,1_tsmom,"{""t"": ""sign"", ""g"": ""intra"", ""m"": ""LF""}",-1.019,-8.62,-36.7,27.2,90.8,0.544,5.95,-10.31,32.6,91.3,756.7
tsmomblend_ra_intra_LS,1_tsmom,"{""t"": ""ra"", ""g"": ""intra"", ""m"": ""LS""}",-1.044,-14.43,-54.7,33.7,100.0,-0.09,-1.26,-18.91,34.6,100.0,1197.0
tsmomblend_ra_intra_LF,1_tsmom,"{""t"": ""ra"", ""g"": ""intra"", ""m"": ""LF""}",-0.616,-5.35,-32.32,23.6,86.9,0.665,7.76,-12.24,28.2,87.3,609.6
tsmomblend_sign_short_LS,1_tsmom,"{""t"": ""sign"", ""g"": ""short"", ""m"": ""LS""}",-0.772,-9.23,-38.09,40.3,100.0,0.604,7.52,-11.72,45.5,100.0,730.9
tsmomblend_sign_short_LF,1_tsmom,"{""t"": ""sign"", ""g"": ""short"", ""m"": ""LF""}",-0.477,-3.92,-25.51,30.2,80.9,1.302,13.61,-8.7,35.1,83.0,372.4
tsmomblend_ra_short_LS,1_tsmom,"{""t"": ""ra"", ""g"": ""short"", ""m"": ""LS""}",-0.469,-6.33,-32.89,35.2,100.0,0.664,9.71,-15.88,37.2,100.0,643.5
tsmomblend_ra_short_LF,1_tsmom,"{""t"": ""ra"", ""g"": ""short"", ""m"": ""LF""}",-0.156,-1.39,-23.96,24.2,75.3,1.095,13.73,-13.14,28.2,79.1,331.8
tsmomblend_sign_med_LS,1_tsmom,"{""t"": ""sign"", ""g"": ""med"", ""m"": ""LS""}",0.012,0.15,-32.6,44.8,100.0,-0.11,-1.38,-13.96,44.8,100.0,238.0
tsmomblend_sign_med_LF,1_tsmom,"{""t"": ""sign"", ""g"": ""med"", ""m"": ""LF""}",0.37,3.21,-20.55,26.4,59.1,0.787,8.66,-8.67,37.2,79.4,118.2
tsmomblend_ra_med_LS,1_tsmom,"{""t"": ""ra"", ""g"": ""med"", ""m"": ""LS""}",0.031,0.39,-26.37,42.0,100.0,0.432,6.35,-12.89,42.2,100.0,141.4
tsmomblend_ra_med_LF,1_tsmom,"{""t"": ""ra"", ""g"": ""med"", ""m"": ""LF""}",0.504,4.85,-15.8,24.2,53.8,0.871,11.81,-10.03,33.6,76.1,72.1
tsmomblend_sign_long_LS,1_tsmom,"{""t"": ""sign"", ""g"": ""long"", ""m"": ""LS""}",-0.086,-1.04,-28.67,37.0,76.9,0.639,9.42,-15.51,45.8,84.0,95.1
tsmomblend_sign_long_LF,1_tsmom,"{""t"": ""sign"", ""g"": ""long"", ""m"": ""LF""}",0.259,2.36,-16.95,23.1,46.6,1.291,17.89,-8.7,43.3,77.4,56.2
tsmomblend_ra_long_LS,1_tsmom,"{""t"": ""ra"", ""g"": ""long"", ""m"": ""LS""}",-0.047,-0.58,-33.48,47.3,100.0,0.734,12.34,-12.97,52.9,100.0,52.0
tsmomblend_ra_long_LF,1_tsmom,"{""t"": ""ra"", ""g"": ""long"", ""m"": ""LF""}",0.211,2.14,-21.92,27.9,57.0,1.087,17.84,-11.05,47.1,88.5,31.9
tsmomblend_sign_daily_all_LS,1_tsmom,"{""t"": ""sign"", ""g"": ""daily_all"", ""m"": ""LS""}",-0.394,-5.29,-40.54,38.5,99.2,0.457,6.77,-15.36,39.7,99.7,531.9
tsmomblend_sign_daily_all_LF,1_tsmom,"{""t"": ""sign"", ""g"": ""daily_all"", ""m"": ""LF""}",0.088,0.84,-21.06,24.7,63.3,0.725,10.17,-12.75,34.9,82.2,286.1
tsmomblend_ra_daily_all_LS,1_tsmom,"{""t"": ""ra"", ""g"": ""daily_all"", ""m"": ""LS""}",-0.174,-2.29,-30.66,36.6,100.0,0.689,10.59,-14.39,38.7,100.0,337.7
tsmomblend_ra_daily_all_LF,1_tsmom,"{""t"": ""ra"", ""g"": ""daily_all"", ""m"": ""LF""}",0.208,1.99,-19.21,24.7,66.2,0.786,11.47,-12.57,34.1,86.8,190.1
tsmomblend_sign_all_LS,1_tsmom,"{""t"": ""sign"", ""g"": ""all"", ""m"": ""LS""}",-1.091,-14.51,-58.12,34.7,100.0,-0.118,-1.68,-18.44,38.7,100.0,1128.5
tsmomblend_sign_all_LF,1_tsmom,"{""t"": ""sign"", ""g"": ""all"", ""m"": ""LF""}",-0.437,-3.96,-28.54,24.6,79.2,0.398,5.23,-13.97,33.8,88.3,614.1
tsmomblend_ra_all_LS,1_tsmom,"{""t"": ""ra"", ""g"": ""all"", ""m"": ""LS""}",-0.705,-9.41,-45.14,33.3,100.0,0.3,4.41,-18.11,36.6,100.0,854.6
tsmomblend_ra_all_LF,1_tsmom,"{""t"": ""ra"", ""g"": ""all"", ""m"": ""LF""}",-0.202,-1.85,-26.75,24.5,80.4,0.61,8.37,-13.89,32.1,90.3,465.3
ewmac_4_16_LS,1_ewmac,"{""fast"": 4, ""m"": ""LS""}",-0.373,-5.04,-25.55,34.2,100.0,0.128,1.56,-12.42,37.2,100.0,777.6
ewmac_4_16_LF,1_ewmac,"{""fast"": 4, ""m"": ""LF""}",-0.415,-3.32,-24.24,24.6,87.6,0.394,3.93,-10.19,27.5,91.1,396.4
ewmac_8_32_LS,1_ewmac,"{""fast"": 8, ""m"": ""LS""}",-0.103,-1.32,-22.88,34.3,100.0,0.999,12.84,-10.89,37.4,100.0,379.2
ewmac_8_32_LF,1_ewmac,"{""fast"": 8, ""m"": ""LF""}",0.059,0.49,-18.09,24.6,75.5,1.197,12.76,-8.94,28.5,78.4,194.1
ewmac_16_64_LS,1_ewmac,"{""fast"": 16, ""m"": ""LS""}",-0.139,-1.83,-24.65,38.1,100.0,1.36,19.1,-11.59,41.0,100.0,191.2
ewmac_16_64_LF,1_ewmac,"{""fast"": 16, ""m"": ""LF""}",-0.024,-0.22,-19.38,23.1,63.4,1.38,16.85,-9.21,30.3,69.0,99.4
ewmac_32_128_LS,1_ewmac,"{""fast"": 32, ""m"": ""LS""}",-0.017,-0.22,-18.85,42.9,100.0,1.046,16.15,-11.99,47.1,100.0,99.0
ewmac_32_128_LF,1_ewmac,"{""fast"": 32, ""m"": ""LF""}",0.131,1.23,-19.61,25.5,58.7,1.314,17.69,-7.97,33.6,64.6,52.5
ewmac_64_256_LS,1_ewmac,"{""fast"": 64, ""m"": ""LS""}",0.042,0.51,-30.17,47.6,100.0,0.744,10.75,-12.18,47.6,100.0,52.2
ewmac_64_256_LF,1_ewmac,"{""fast"": 64, ""m"": ""LF""}",0.332,3.2,-21.67,26.1,52.6,1.193,15.42,-7.83,33.6,65.4,28.3
ewmac_128_512_LS,1_ewmac,"{""fast"": 128, ""m"": ""LS""}",0.136,1.57,-27.02,48.5,100.0,0.371,5.24,-11.04,47.8,100.0,29.1
ewmac_128_512_LF,1_ewmac,"{""fast"": 128, ""m"": ""LF""}",0.48,4.61,-17.89,24.0,49.5,1.003,13.06,-8.13,37.2,69.5,15.3
ewmac_256_1024_LS,1_ewmac,"{""fast"": 256, ""m"": ""LS""}",0.095,1.12,-27.24,50.6,100.0,0.493,7.57,-14.08,52.7,100.0,16.4
ewmac_256_1024_LF,1_ewmac,"{""fast"": 256, ""m"": ""LF""}",0.432,4.21,-18.75,26.1,49.0,1.008,14.39,-11.09,41.7,75.1,9.1
ewmac_512_2048_LS,1_ewmac,"{""fast"": 512, ""m"": ""LS""}",-0.011,-0.13,-28.37,50.8,100.0,0.995,16.44,-12.31,56.2,100.0,9.8
ewmac_512_2048_LF,1_ewmac,"{""fast"": 512, ""m"": ""LF""}",0.231,2.2,-20.57,28.6,54.1,1.326,21.19,-12.31,49.9,87.5,6.1
ewmac_1024_4096_LS,1_ewmac,"{""fast"": 1024, ""m"": ""LS""}",-0.241,-2.86,-34.22,50.3,100.0,1.335,23.64,-12.26,54.5,100.0,7.0
ewmac_1024_4096_LF,1_ewmac,"{""fast"": 1024, ""m"": ""LF""}",0.022,0.23,-24.88,32.3,62.5,1.331,23.59,-12.26,53.9,98.2,4.7
ewmacblend_fast_LS,1_ewmac,"{""g"": ""fast"", ""m"": ""LS""}",-0.135,-1.82,-20.59,34.6,100.0,1.102,15.65,-13.4,37.7,100.0,372.2
ewmacblend_fast_LF,1_ewmac,"{""g"": ""fast"", ""m"": ""LF""}",0.083,0.74,-18.85,23.2,72.4,1.308,15.94,-10.17,28.5,75.3,192.8
ewmacblend_slow_LS,1_ewmac,"{""g"": ""slow"", ""m"": ""LS""}",-0.05,-0.61,-31.27,50.9,100.0,0.887,15.02,-12.45,53.4,100.0,15.9
ewmacblend_slow_LF,1_ewmac,"{""g"": ""slow"", ""m"": ""LF""}",0.192,1.93,-23.7,29.5,56.8,1.164,19.09,-12.45,50.1,90.8,9.5
ewmacblend_mid_LS,1_ewmac,"{""g"": ""mid"", ""m"": ""LS""}",0.084,1.04,-30.38,46.8,100.0,0.785,11.53,-11.98,46.1,100.0,48.9
ewmacblend_mid_LF,1_ewmac,"{""g"": ""mid"", ""m"": ""LF""}",0.45,4.5,-21.82,25.1,51.0,1.056,14.4,-9.41,35.4,70.2,26.6
ewmacblend_carver_LS,1_ewmac,"{""g"": ""carver"", ""m"": ""LS""}",-0.043,-0.53,-33.47,47.7,100.0,0.875,14.53,-12.05,53.2,100.0,23.6
ewmacblend_carver_LF,1_ewmac,"{""g"": ""carver"", ""m"": ""LF""}",0.214,2.21,-24.88,27.6,55.4,1.067,17.1,-11.89,48.3,89.3,14.0
ewmacblend_all_LS,1_ewmac,"{""g"": ""all"", ""m"": ""LS""}",-0.093,-1.2,-28.86,38.5,100.0,1.238,19.45,-13.27,43.8,100.0,192.8
ewmacblend_all_LF,1_ewmac,"{""g"": ""all"", ""m"": ""LF""}",0.237,2.32,-21.32,25.3,65.6,1.177,17.81,-12.05,38.4,89.6,110.3
kf_slope_ql0.0_qs1e-07_LS,2_kalman,"{""ql"": 0.0, ""qs"": 1e-07, ""kind"": ""slope"", ""m"": ""LS""}",0.044,0.52,-29.03,46.6,100.0,1.031,16.41,-12.43,48.6,100.0,60.3
kf_slope_ql0.0_qs1e-07_LF,2_kalman,"{""ql"": 0.0, ""qs"": 1e-07, ""kind"": ""slope"", ""m"": ""LF""}",0.373,3.46,-18.28,27.4,56.0,1.394,19.33,-7.5,32.8,60.8,32.5
kf_tstat_ql0.0_qs1e-07_LS,2_kalman,"{""ql"": 0.0, ""qs"": 1e-07, ""kind"": ""tstat"", ""m"": ""LS""}",0.044,0.52,-29.03,46.6,100.0,1.031,16.41,-12.43,48.6,100.0,60.3
kf_tstat_ql0.0_qs1e-07_LF,2_kalman,"{""ql"": 0.0, ""qs"": 1e-07, ""kind"": ""tstat"", ""m"": ""LF""}",0.373,3.46,-18.28,27.4,56.0,1.394,19.33,-7.5,32.8,60.8,32.5
kf_slope_ql0.0_qs1e-06_LS,2_kalman,"{""ql"": 0.0, ""qs"": 1e-06, ""kind"": ""slope"", ""m"": ""LS""}",-0.112,-1.41,-19.85,44.9,100.0,1.17,17.91,-12.21,48.6,100.0,105.4
kf_slope_ql0.0_qs1e-06_LF,2_kalman,"{""ql"": 0.0, ""qs"": 1e-06, ""kind"": ""slope"", ""m"": ""LF""}",-0.027,-0.25,-18.82,26.4,58.5,1.208,16.0,-8.51,33.3,63.6,55.5
kf_tstat_ql0.0_qs1e-06_LS,2_kalman,"{""ql"": 0.0, ""qs"": 1e-06, ""kind"": ""tstat"", ""m"": ""LS""}",-0.112,-1.41,-19.85,44.9,100.0,1.17,17.91,-12.21,48.6,100.0,105.4
kf_tstat_ql0.0_qs1e-06_LF,2_kalman,"{""ql"": 0.0, ""qs"": 1e-06, ""kind"": ""tstat"", ""m"": ""LF""}",-0.027,-0.25,-18.82,26.4,58.5,1.208,16.0,-8.51,33.3,63.6,55.5
kf_slope_ql0.0_qs1e-05_LS,2_kalman,"{""ql"": 0.0, ""qs"": 1e-05, ""kind"": ""slope"", ""m"": ""LS""}",-0.335,-4.38,-34.09,40.2,100.0,1.052,13.63,-10.48,42.5,100.0,183.3
kf_slope_ql0.0_qs1e-05_LF,2_kalman,"{""ql"": 0.0, ""qs"": 1e-05, ""kind"": ""slope"", ""m"": ""LF""}",-0.23,-2.03,-20.9,24.1,64.9,1.152,12.78,-8.96,30.8,68.2,94.3
kf_tstat_ql0.0_qs1e-05_LS,2_kalman,"{""ql"": 0.0, ""qs"": 1e-05, ""kind"": ""tstat"", ""m"": ""LS""}",-0.335,-4.38,-34.09,40.2,100.0,1.052,13.63,-10.48,42.5,100.0,183.3
kf_tstat_ql0.0_qs1e-05_LF,2_kalman,"{""ql"": 0.0, ""qs"": 1e-05, ""kind"": ""tstat"", ""m"": ""LF""}",-0.23,-2.03,-20.9,24.1,64.9,1.152,12.78,-8.96,30.8,68.2,94.3
kf_slope_ql0.0_qs0.0001_LS,2_kalman,"{""ql"": 0.0, ""qs"": 0.0001, ""kind"": ""slope"", ""m"": ""LS""}",0.052,0.64,-20.99,37.9,100.0,0.871,10.97,-9.48,39.2,100.0,320.1
kf_slope_ql0.0_qs0.0001_LF,2_kalman,"{""ql"": 0.0, ""qs"": 0.0001, ""kind"": ""slope"", ""m"": ""LF""}",0.195,1.56,-16.12,26.8,76.1,0.863,9.03,-9.44,31.0,78.1,165.2
kf_tstat_ql0.0_qs0.0001_LS,2_kalman,"{""ql"": 0.0, ""qs"": 0.0001, ""kind"": ""tstat"", ""m"": ""LS""}",0.052,0.64,-20.99,37.9,100.0,0.871,10.97,-9.48,39.2,100.0,320.1
kf_tstat_ql0.0_qs0.0001_LF,2_kalman,"{""ql"": 0.0, ""qs"": 0.0001, ""kind"": ""tstat"", ""m"": ""LF""}",0.195,1.56,-16.12,26.8,76.1,0.863,9.03,-9.44,31.0,78.1,165.2
kf_slope_ql0.0_qs0.001_LS,2_kalman,"{""ql"": 0.0, ""qs"": 0.001, ""kind"": ""slope"", ""m"": ""LS""}",-0.16,-2.09,-18.16,35.8,100.0,0.56,6.71,-9.92,38.7,100.0,575.0
kf_slope_ql0.0_qs0.001_LF,2_kalman,"{""ql"": 0.0, ""qs"": 0.001, ""kind"": ""slope"", ""m"": ""LF""}",-0.329,-2.55,-21.93,26.0,85.6,0.599,5.84,-8.63,28.0,90.1,297.0
kf_tstat_ql0.0_qs0.001_LS,2_kalman,"{""ql"": 0.0, ""qs"": 0.001, ""kind"": ""tstat"", ""m"": ""LS""}",-0.16,-2.09,-18.16,35.8,100.0,0.56,6.71,-9.92,38.7,100.0,575.0
kf_tstat_ql0.0_qs0.001_LF,2_kalman,"{""ql"": 0.0, ""qs"": 0.001, ""kind"": ""tstat"", ""m"": ""LF""}",-0.329,-2.55,-21.93,26.0,85.6,0.599,5.84,-8.63,28.0,90.1,297.0
kf_slope_ql0.0_qs0.01_LS,2_kalman,"{""ql"": 0.0, ""qs"": 0.01, ""kind"": ""slope"", ""m"": ""LS""}",-0.828,-11.08,-38.46,34.8,100.0,-0.831,-9.79,-19.4,36.6,100.0,1029.3
kf_slope_ql0.0_qs0.01_LF,2_kalman,"{""ql"": 0.0, ""qs"": 0.01, ""kind"": ""slope"", ""m"": ""LF""}",-1.02,-7.92,-31.13,27.3,94.0,-0.118,-1.12,-10.24,27.7,95.7,520.6
kf_tstat_ql0.0_qs0.01_LS,2_kalman,"{""ql"": 0.0, ""qs"": 0.01, ""kind"": ""tstat"", ""m"": ""LS""}",-0.828,-11.08,-38.46,34.8,100.0,-0.831,-9.79,-19.4,36.6,100.0,1029.3
kf_tstat_ql0.0_qs0.01_LF,2_kalman,"{""ql"": 0.0, ""qs"": 0.01, ""kind"": ""tstat"", ""m"": ""LF""}",-1.02,-7.92,-31.13,27.3,94.0,-0.118,-1.12,-10.24,27.7,95.7,520.6
kf_slope_ql0.1_qs1e-07_LS,2_kalman,"{""ql"": 0.1, ""qs"": 1e-07, ""kind"": ""slope"", ""m"": ""LS""}",-0.045,-0.55,-27.99,46.8,100.0,0.88,14.82,-11.22,51.4,100.0,36.3
kf_slope_ql0.1_qs1e-07_LF,2_kalman,"{""ql"": 0.1, ""qs"": 1e-07, ""kind"": ""slope"", ""m"": ""LF""}",0.239,2.45,-20.33,27.8,57.7,0.986,15.96,-11.11,46.8,89.1,22.0
kf_tstat_ql0.1_qs1e-07_LS,2_kalman,"{""ql"": 0.1, ""qs"": 1e-07, ""kind"": ""tstat"", ""m"": ""LS""}",-0.045,-0.55,-27.99,46.8,100.0,0.88,14.82,-11.22,51.4,100.0,36.2
kf_tstat_ql0.1_qs1e-07_LF,2_kalman,"{""ql"": 0.1, ""qs"": 1e-07, ""kind"": ""tstat"", ""m"": ""LF""}",0.239,2.45,-20.33,27.8,57.7,0.986,15.96,-11.11,46.8,89.1,21.9
kf_slope_ql0.1_qs1e-06_LS,2_kalman,"{""ql"": 0.1, ""qs"": 1e-06, ""kind"": ""slope"", ""m"": ""LS""}",0.095,1.18,-25.58,44.1,100.0,0.812,11.68,-11.63,44.0,100.0,70.5
kf_slope_ql0.1_qs1e-06_LF,2_kalman,"{""ql"": 0.1, ""qs"": 1e-06, ""kind"": ""slope"", ""m"": ""LF""}",0.506,4.99,-17.35,25.3,52.0,1.097,14.6,-9.56,34.1,71.5,37.5
kf_tstat_ql0.1_qs1e-06_LS,2_kalman,"{""ql"": 0.1, ""qs"": 1e-06, ""kind"": ""tstat"", ""m"": ""LS""}",0.095,1.18,-25.58,44.1,100.0,0.812,11.68,-11.63,44.0,100.0,70.5
kf_tstat_ql0.1_qs1e-06_LF,2_kalman,"{""ql"": 0.1, ""qs"": 1e-06, ""kind"": ""tstat"", ""m"": ""LF""}",0.506,4.99,-17.35,25.3,52.0,1.097,14.6,-9.56,34.1,71.5,37.4
kf_slope_ql0.1_qs1e-05_LS,2_kalman,"{""ql"": 0.1, ""qs"": 1e-05, ""kind"": ""slope"", ""m"": ""LS""}",0.104,1.34,-17.78,39.7,100.0,1.026,15.4,-13.51,41.7,100.0,143.4
kf_slope_ql0.1_qs1e-05_LF,2_kalman,"{""ql"": 0.1, ""qs"": 1e-05, ""kind"": ""slope"", ""m"": ""LF""}",0.348,3.23,-17.02,24.4,61.1,1.293,17.12,-9.55,30.5,67.4,77.3
kf_tstat_ql0.1_qs1e-05_LS,2_kalman,"{""ql"": 0.1, ""qs"": 1e-05, ""kind"": ""tstat"", ""m"": ""LS""}",0.104,1.34,-17.78,39.7,100.0,1.026,15.4,-13.51,41.7,100.0,143.4
kf_tstat_ql0.1_qs1e-05_LF,2_kalman,"{""ql"": 0.1, ""qs"": 1e-05, ""kind"": ""tstat"", ""m"": ""LF""}",0.348,3.23,-17.02,24.4,61.1,1.293,17.12,-9.55,30.5,67.4,77.3
kf_slope_ql0.1_qs0.0001_LS,2_kalman,"{""ql"": 0.1, ""qs"": 0.0001, ""kind"": ""slope"", ""m"": ""LS""}",-0.079,-1.03,-22.21,35.1,100.0,1.268,17.62,-12.91,38.2,100.0,284.6
kf_slope_ql0.1_qs0.0001_LF,2_kalman,"{""ql"": 0.1, ""qs"": 0.0001, ""kind"": ""slope"", ""m"": ""LF""}",0.078,0.67,-19.44,23.5,69.8,1.343,16.03,-10.12,28.2,72.5,148.4
kf_tstat_ql0.1_qs0.0001_LS,2_kalman,"{""ql"": 0.1, ""qs"": 0.0001, ""kind"": ""tstat"", ""m"": ""LS""}",-0.079,-1.03,-22.21,35.1,100.0,1.268,17.62,-12.91,38.2,100.0,284.6
kf_tstat_ql0.1_qs0.0001_LF,2_kalman,"{""ql"": 0.1, ""qs"": 0.0001, ""kind"": ""tstat"", ""m"": ""LF""}",0.078,0.67,-19.44,23.5,69.8,1.343,16.03,-10.12,28.2,72.5,148.4
kf_slope_ql0.1_qs0.001_LS,2_kalman,"{""ql"": 0.1, ""qs"": 0.001, ""kind"": ""slope"", ""m"": ""LS""}",-0.113,-1.48,-18.26,33.0,100.0,0.609,7.56,-10.69,36.4,100.0,542.2
kf_slope_ql0.1_qs0.001_LF,2_kalman,"{""ql"": 0.1, ""qs"": 0.001, ""kind"": ""slope"", ""m"": ""LF""}",-0.034,-0.27,-18.33,24.4,82.7,0.795,8.07,-8.95,27.7,86.3,278.4
kf_tstat_ql0.1_qs0.001_LS,2_kalman,"{""ql"": 0.1, ""qs"": 0.001, ""kind"": ""tstat"", ""m"": ""LS""}",-0.113,-1.48,-18.26,33.0,100.0,0.609,7.56,-10.69,36.4,100.0,542.2
kf_tstat_ql0.1_qs0.001_LF,2_kalman,"{""ql"": 0.1, ""qs"": 0.001, ""kind"": ""tstat"", ""m"": ""LF""}",-0.034,-0.27,-18.33,24.4,82.7,0.795,8.07,-8.95,27.7,86.3,278.4
kf_slope_ql0.1_qs0.01_LS,2_kalman,"{""ql"": 0.1, ""qs"": 0.01, ""kind"": ""slope"", ""m"": ""LS""}",-0.771,-10.42,-38.67,34.1,100.0,-0.593,-7.06,-16.21,36.9,100.0,1007.2
kf_slope_ql0.1_qs0.01_LF,2_kalman,"{""ql"": 0.1, ""qs"": 0.01, ""kind"": ""slope"", ""m"": ""LF""}",-1.001,-7.87,-32.49,26.5,93.2,0.015,0.14,-10.06,27.2,95.2,509.8
kf_tstat_ql0.1_qs0.01_LS,2_kalman,"{""ql"": 0.1, ""qs"": 0.01, ""kind"": ""tstat"", ""m"": ""LS""}",-0.771,-10.42,-38.67,34.1,100.0,-0.593,-7.06,-16.21,36.9,100.0,1007.2
kf_tstat_ql0.1_qs0.01_LF,2_kalman,"{""ql"": 0.1, ""qs"": 0.01, ""kind"": ""tstat"", ""m"": ""LF""}",-1.001,-7.87,-32.49,26.5,93.2,0.015,0.14,-10.06,27.2,95.2,509.8
kf_slope_ql1.0_qs1e-07_LS,2_kalman,"{""ql"": 1.0, ""qs"": 1e-07, ""kind"": ""slope"", ""m"": ""LS""}",-0.297,-3.52,-33.59,47.4,100.0,1.285,23.52,-12.35,56.0,100.0,24.1
kf_slope_ql1.0_qs1e-07_LF,2_kalman,"{""ql"": 1.0, ""qs"": 1e-07, ""kind"": ""slope"", ""m"": ""LF""}",-0.132,-1.49,-27.48,37.0,76.0,1.324,24.11,-12.35,53.7,97.2,16.7
kf_tstat_ql1.0_qs1e-07_LS,2_kalman,"{""ql"": 1.0, ""qs"": 1e-07, ""kind"": ""tstat"", ""m"": ""LS""}",-0.297,-3.52,-33.59,47.4,100.0,1.285,23.52,-12.35,56.0,100.0,23.5
kf_tstat_ql1.0_qs1e-07_LF,2_kalman,"{""ql"": 1.0, ""qs"": 1e-07, ""kind"": ""tstat"", ""m"": ""LF""}",-0.132,-1.49,-27.48,37.0,76.0,1.324,24.11,-12.35,53.7,97.2,16.3
kf_slope_ql1.0_qs1e-06_LS,2_kalman,"{""ql"": 1.0, ""qs"": 1e-06, ""kind"": ""slope"", ""m"": ""LS""}",-0.04,-0.49,-28.37,45.0,100.0,0.92,15.5,-10.68,50.4,100.0,50.1
kf_slope_ql1.0_qs1e-06_LF,2_kalman,"{""ql"": 1.0, ""qs"": 1e-06, ""kind"": ""slope"", ""m"": ""LF""}",0.28,2.86,-19.71,27.3,58.4,1.012,16.41,-10.45,46.3,89.1,30.0
kf_tstat_ql1.0_qs1e-06_LS,2_kalman,"{""ql"": 1.0, ""qs"": 1e-06, ""kind"": ""tstat"", ""m"": ""LS""}",-0.04,-0.49,-28.37,45.0,100.0,0.92,15.5,-10.68,50.4,100.0,50.0
kf_tstat_ql1.0_qs1e-06_LF,2_kalman,"{""ql"": 1.0, ""qs"": 1e-06, ""kind"": ""tstat"", ""m"": ""LF""}",0.28,2.86,-19.71,27.3,58.4,1.012,16.41,-10.45,46.3,89.1,29.9
kf_slope_ql1.0_qs1e-05_LS,2_kalman,"{""ql"": 1.0, ""qs"": 1e-05, ""kind"": ""slope"", ""m"": ""LS""}",0.087,1.08,-26.08,42.5,100.0,0.83,12.05,-12.32,41.7,100.0,104.6
kf_slope_ql1.0_qs1e-05_LF,2_kalman,"{""ql"": 1.0, ""qs"": 1e-05, ""kind"": ""slope"", ""m"": ""LF""}",0.532,5.18,-16.73,24.6,53.2,1.125,15.13,-9.91,33.3,74.3,54.7
kf_tstat_ql1.0_qs1e-05_LS,2_kalman,"{""ql"": 1.0, ""qs"": 1e-05, ""kind"": ""tstat"", ""m"": ""LS""}",0.087,1.08,-26.08,42.5,100.0,0.83,12.05,-12.32,41.7,100.0,104.5
kf_tstat_ql1.0_qs1e-05_LF,2_kalman,"{""ql"": 1.0, ""qs"": 1e-05, ""kind"": ""tstat"", ""m"": ""LF""}",0.532,5.18,-16.73,24.6,53.2,1.125,15.13,-9.91,33.3,74.3,54.7
kf_slope_ql1.0_qs0.0001_LS,2_kalman,"{""ql"": 1.0, ""qs"": 0.0001, ""kind"": ""slope"", ""m"": ""LS""}",0.102,1.31,-17.38,36.6,100.0,0.932,14.05,-14.26,37.4,100.0,226.3
kf_slope_ql1.0_qs0.0001_LF,2_kalman,"{""ql"": 1.0, ""qs"": 0.0001, ""kind"": ""slope"", ""m"": ""LF""}",0.341,3.1,-17.35,22.6,64.0,1.23,16.36,-10.41,27.2,71.2,120.2
kf_tstat_ql1.0_qs0.0001_LS,2_kalman,"{""ql"": 1.0, ""qs"": 0.0001, ""kind"": ""tstat"", ""m"": ""LS""}",0.102,1.31,-17.38,36.6,100.0,0.932,14.05,-14.26,37.4,100.0,226.3
kf_tstat_ql1.0_qs0.0001_LF,2_kalman,"{""ql"": 1.0, ""qs"": 0.0001, ""kind"": ""tstat"", ""m"": ""LF""}",0.341,3.1,-17.35,22.6,64.0,1.23,16.36,-10.41,27.2,71.2,120.2
kf_slope_ql1.0_qs0.001_LS,2_kalman,"{""ql"": 1.0, ""qs"": 0.001, ""kind"": ""slope"", ""m"": ""LS""}",-0.205,-2.69,-24.17,33.5,100.0,0.941,12.96,-13.62,34.9,100.0,466.3
kf_slope_ql1.0_qs0.001_LF,2_kalman,"{""ql"": 1.0, ""qs"": 0.001, ""kind"": ""slope"", ""m"": ""LF""}",-0.024,-0.2,-21.37,23.5,74.2,1.252,14.53,-9.84,26.2,77.6,239.7
kf_tstat_ql1.0_qs0.001_LS,2_kalman,"{""ql"": 1.0, ""qs"": 0.001, ""kind"": ""tstat"", ""m"": ""LS""}",-0.205,-2.69,-24.17,33.5,100.0,0.941,12.96,-13.62,34.9,100.0,466.3
kf_tstat_ql1.0_qs0.001_LF,2_kalman,"{""ql"": 1.0, ""qs"": 0.001, ""kind"": ""tstat"", ""m"": ""LF""}",-0.024,-0.2,-21.37,23.5,74.2,1.252,14.53,-9.84,26.2,77.6,239.7
kf_slope_ql1.0_qs0.01_LS,2_kalman,"{""ql"": 1.0, ""qs"": 0.01, ""kind"": ""slope"", ""m"": ""LS""}",-0.593,-8.04,-33.32,33.5,100.0,-0.021,-0.26,-12.93,36.1,100.0,905.2
kf_slope_ql1.0_qs0.01_LF,2_kalman,"{""ql"": 1.0, ""qs"": 0.01, ""kind"": ""slope"", ""m"": ""LF""}",-0.532,-4.3,-26.48,23.6,88.0,0.307,3.15,-10.55,26.7,90.3,461.1
kf_tstat_ql1.0_qs0.01_LS,2_kalman,"{""ql"": 1.0, ""qs"": 0.01, ""kind"": ""tstat"", ""m"": ""LS""}",-0.593,-8.04,-33.32,33.5,100.0,-0.021,-0.26,-12.93,36.1,100.0,905.2
kf_tstat_ql1.0_qs0.01_LF,2_kalman,"{""ql"": 1.0, ""qs"": 0.01, ""kind"": ""tstat"", ""m"": ""LF""}",-0.532,-4.3,-26.48,23.6,88.0,0.307,3.15,-10.55,26.7,90.3,461.1
kf_mle_slope_LS,2_kalman,"{""ql"": 223508721.45204243, ""qs"": 6.246238844945239e-07, ""kind"": ""slope"", ""m"": ""LS"", ""mle"": true}",0.097,1.0,-18.55,52.2,100.0,1.431,23.12,-11.38,55.2,100.0,1.8
kf_mle_slope_LF,2_kalman,"{""ql"": 223508721.45204243, ""qs"": 6.246238844945239e-07, ""kind"": ""slope"", ""m"": ""LF"", ""mle"": true}",0.097,1.0,-18.55,52.2,100.0,1.431,23.12,-11.38,55.2,100.0,1.6
kf_mle_tstat_LS,2_kalman,"{""ql"": 223508721.45204243, ""qs"": 6.246238844945239e-07, ""kind"": ""tstat"", ""m"": ""LS"", ""mle"": true}",0.096,0.99,-18.56,52.2,100.0,1.423,22.93,-11.43,55.2,100.0,1.8
kf_mle_tstat_LF,2_kalman,"{""ql"": 223508721.45204243, ""qs"": 6.246238844945239e-07, ""kind"": ""tstat"", ""m"": ""LF"", ""mle"": true}",0.096,0.99,-18.56,52.2,100.0,1.423,22.93,-11.43,55.2,100.0,1.6
ou_L12_z1.5_0.0_none_LS,3_mr,"{""L"": 12, ""zin"": 1.5, ""zout"": 0.0, ""gate"": ""none"", ""m"": ""LS""}",-0.985,-7.49,-28.73,51.8,90.1,-2.142,-14.45,-27.75,47.3,91.1,322.0
ou_L12_z1.5_0.0_none_LF,3_mr,"{""L"": 12, ""zin"": 1.5, ""zout"": 0.0, ""gate"": ""none"", ""m"": ""LF""}",-0.707,-4.29,-17.85,35.6,58.9,-1.217,-5.63,-12.31,32.1,54.5,158.7
ou_L12_z1.5_0.0_vr120_LS,3_mr,"{""L"": 12, ""zin"": 1.5, ""zout"": 0.0, ""gate"": ""vr120"", ""m"": ""LS""}",-0.981,-6.54,-24.56,36.1,64.8,-1.004,-4.94,-12.75,33.8,62.3,219.1
ou_L12_z1.5_0.0_vr120_LF,3_mr,"{""L"": 12, ""zin"": 1.5, ""zout"": 0.0, ""gate"": ""vr120"", ""m"": ""LF""}",-0.784,-4.36,-16.9,24.7,41.8,-0.366,-1.21,-6.83,23.2,38.2,106.4
ou_L12_z1.5_0.0_hurst120_LS,3_mr,"{""L"": 12, ""zin"": 1.5, ""zout"": 0.0, ""gate"": ""hurst120"", ""m"": ""LS""}",-0.777,-5.14,-22.29,41.3,72.8,-1.899,-10.75,-21.5,39.2,75.1,244.9
ou_L12_z1.5_0.0_hurst120_LF,3_mr,"{""L"": 12, ""zin"": 1.5, ""zout"": 0.0, ""gate"": ""hurst120"", ""m"": ""LF""}",-0.442,-2.36,-14.62,29.0,47.7,-1.173,-4.79,-11.23,25.4,43.3,122.1
ou_L12_z1.5_0.0_adf120_LS,3_mr,"{""L"": 12, ""zin"": 1.5, ""zout"": 0.0, ""gate"": ""adf120"", ""m"": ""LS""}",-0.354,-1.65,-10.97,18.1,30.6,0.59,1.96,-5.16,19.8,33.8,90.6
ou_L12_z1.5_0.0_adf120_LF,3_mr,"{""L"": 12, ""zin"": 1.5, ""zout"": 0.0, ""gate"": ""adf120"", ""m"": ""LF""}",-0.324,-1.32,-9.4,12.4,19.6,1.115,2.43,-1.49,13.2,20.4,43.7
ou_L12_z1.5_0.0_hl120_LS,3_mr,"{""L"": 12, ""zin"": 1.5, ""zout"": 0.0, ""gate"": ""hl120"", ""m"": ""LS""}",-0.846,-5.53,-22.96,39.5,68.4,-1.743,-9.62,-19.37,36.1,71.2,232.3
ou_L12_z1.5_0.0_hl120_LF,3_mr,"{""L"": 12, ""zin"": 1.5, ""zout"": 0.0, ""gate"": ""hl120"", ""m"": ""LF""}",-0.471,-2.56,-13.95,26.9,43.8,-0.75,-2.8,-7.58,24.7,42.5,114.9
ou_L12_z1.5_0.0_vr480_LS,3_mr,"{""L"": 12, ""zin"": 1.5, ""zout"": 0.0, ""gate"": ""vr480"", ""m"": ""LS""}",-1.253,-8.0,-27.32,32.7,58.8,-1.453,-7.05,-17.23,27.5,51.1,199.8
ou_L12_z1.5_0.0_vr480_LF,3_mr,"{""L"": 12, ""zin"": 1.5, ""zout"": 0.0, ""gate"": ""vr480"", ""m"": ""LF""}",-0.866,-4.71,-17.69,22.7,38.5,-1.385,-5.23,-12.68,19.3,32.1,99.8
ou_L12_z1.5_0.0_hurst480_LS,3_mr,"{""L"": 12, ""zin"": 1.5, ""zout"": 0.0, ""gate"": ""hurst480"", ""m"": ""LS""}",-1.257,-8.16,-28.98,36.0,63.5,-1.227,-5.79,-15.78,31.8,57.0,206.3
ou_L12_z1.5_0.0_hurst480_LF,3_mr,"{""L"": 12, ""zin"": 1.5, ""zout"": 0.0, ""gate"": ""hurst480"", ""m"": ""LF""}",-0.869,-4.83,-18.65,23.9,39.8,-0.783,-2.87,-8.85,21.9,35.1,102.0
ou_L12_z1.5_0.0_adf480_LS,3_mr,"{""L"": 12, ""zin"": 1.5, ""zout"": 0.0, ""gate"": ""adf480"", ""m"": ""LS""}",-1.007,-7.58,-28.99,50.8,88.4,-2.03,-12.84,-25.32,43.8,84.5,308.0
ou_L12_z1.5_0.0_adf480_LF,3_mr,"{""L"": 12, ""zin"": 1.5, ""zout"": 0.0, ""gate"": ""adf480"", ""m"": ""LF""}",-0.735,-4.43,-18.26,34.6,57.3,-1.229,-5.31,-11.63,28.8,49.1,151.4
ou_L12_z1.5_0.0_hl480_LS,3_mr,"{""L"": 12, ""zin"": 1.5, ""zout"": 0.0, ""gate"": ""hl480"", ""m"": ""LS""}",-1.414,-7.35,-27.13,18.4,35.1,-0.361,-1.27,-7.79,17.0,30.0,92.0
ou_L12_z1.5_0.0_hl480_LF,3_mr,"{""L"": 12, ""zin"": 1.5, ""zout"": 0.0, ""gate"": ""hl480"", ""m"": ""LF""}",-0.941,-4.15,-15.57,12.4,21.9,0.087,0.21,-3.95,11.7,17.3,45.8
ou_L12_z1.5_0.5_none_LS,3_mr,"{""L"": 12, ""zin"": 1.5, ""zout"": 0.5, ""gate"": ""none"", ""m"": ""LS""}",-0.69,-4.52,-18.23,47.8,86.0,-1.56,-9.49,-21.16,45.3,86.8,372.1
ou_L12_z1.5_0.5_none_LF,3_mr,"{""L"": 12, ""zin"": 1.5, ""zout"": 0.5, ""gate"": ""none"", ""m"": ""LF""}",-0.782,-4.06,-15.91,30.6,54.8,-0.669,-2.64,-7.6,29.8,50.9,183.8
ou_L12_z2.0_0.0_none_LS,3_mr,"{""L"": 12, ""zin"": 2.0, ""zout"": 0.0, ""gate"": ""none"", ""m"": ""LS""}",-1.131,-7.71,-26.85,44.3,77.6,-1.6,-10.35,-19.9,42.2,76.8,215.1
ou_L12_z2.0_0.0_none_LF,3_mr,"{""L"": 12, ""zin"": 2.0, ""zout"": 0.0, ""gate"": ""none"", ""m"": ""LF""}",-0.726,-4.13,-16.2,27.4,45.7,-1.247,-5.05,-10.37,24.2,42.0,104.4
ou_L12_z2.0_0.0_vr120_LS,3_mr,"{""L"": 12, ""zin"": 2.0, ""zout"": 0.0, ""gate"": ""vr120"", ""m"": ""LS""}",-1.091,-6.63,-22.51,30.9,56.1,-0.016,-0.07,-5.66,30.8,51.4,149.8
ou_L12_z2.0_0.0_vr120_LF,3_mr,"{""L"": 12, ""zin"": 2.0, ""zout"": 0.0, ""gate"": ""vr120"", ""m"": ""LF""}",-0.7,-3.65,-13.97,19.1,32.7,0.348,0.95,-4.13,18.6,29.8,72.1
ou_L12_z2.0_0.0_hurst120_LS,3_mr,"{""L"": 12, ""zin"": 2.0, ""zout"": 0.0, ""gate"": ""hurst120"", ""m"": ""LS""}",-1.102,-6.31,-22.17,33.4,60.5,-0.997,-4.95,-11.84,35.6,60.8,163.3
ou_L12_z2.0_0.0_hurst120_LF,3_mr,"{""L"": 12, ""zin"": 2.0, ""zout"": 0.0, ""gate"": ""hurst120"", ""m"": ""LF""}",-0.618,-2.87,-12.13,20.9,35.6,-0.498,-1.74,-5.65,20.4,32.8,79.7
ou_L12_z2.0_0.0_adf120_LS,3_mr,"{""L"": 12, ""zin"": 2.0, ""zout"": 0.0, ""gate"": ""adf120"", ""m"": ""LS""}",-0.341,-1.35,-9.02,14.5,25.5,0.781,2.12,-4.57,15.5,24.4,59.6
ou_L12_z2.0_0.0_adf120_LF,3_mr,"{""L"": 12, ""zin"": 2.0, ""zout"": 0.0, ""gate"": ""adf120"", ""m"": ""LF""}",-0.42,-1.44,-7.6,8.2,13.8,1.15,1.66,-1.08,9.2,13.5,28.0
ou_L12_z2.0_0.0_hl120_LS,3_mr,"{""L"": 12, ""zin"": 2.0, ""zout"": 0.0, ""gate"": ""hl120"", ""m"": ""LS""}",-0.851,-5.07,-20.88,33.0,57.8,-0.779,-3.64,-9.77,32.1,57.8,155.6
ou_L12_z2.0_0.0_hl120_LF,3_mr,"{""L"": 12, ""zin"": 2.0, ""zout"": 0.0, ""gate"": ""hl120"", ""m"": ""LF""}",-0.352,-1.79,-12.33,20.8,33.5,-0.144,-0.41,-4.14,18.1,30.3,75.4
ou_L12_z2.0_0.0_vr480_LS,3_mr,"{""L"": 12, ""zin"": 2.0, ""zout"": 0.0, ""gate"": ""vr480"", ""m"": ""LS""}",-1.333,-7.96,-25.71,28.2,51.4,-1.127,-4.94,-11.28,24.7,43.8,135.8
ou_L12_z2.0_0.0_vr480_LF,3_mr,"{""L"": 12, ""zin"": 2.0, ""zout"": 0.0, ""gate"": ""vr480"", ""m"": ""LF""}",-0.985,-5.11,-18.11,17.2,30.4,-1.6,-5.47,-11.21,15.0,26.0,66.3
ou_L12_z2.0_0.0_hurst480_LS,3_mr,"{""L"": 12, ""zin"": 2.0, ""zout"": 0.0, ""gate"": ""hurst480"", ""m"": ""LS""}",-1.393,-8.37,-27.76,30.0,54.5,-1.236,-5.16,-11.44,26.2,45.0,137.7
ou_L12_z2.0_0.0_hurst480_LF,3_mr,"{""L"": 12, ""zin"": 2.0, ""zout"": 0.0, ""gate"": ""hurst480"", ""m"": ""LF""}",-0.972,-5.08,-18.66,17.3,30.5,-1.118,-3.59,-8.71,15.5,25.4,67.3
ou_L12_z2.0_0.0_adf480_LS,3_mr,"{""L"": 12, ""zin"": 2.0, ""zout"": 0.0, ""gate"": ""adf480"", ""m"": ""LS""}",-1.195,-8.13,-28.1,43.5,76.4,-1.631,-9.89,-19.21,37.7,70.0,205.6
ou_L12_z2.0_0.0_adf480_LF,3_mr,"{""L"": 12, ""zin"": 2.0, ""zout"": 0.0, ""gate"": ""adf480"", ""m"": ""LF""}",-0.8,-4.53,-17.39,26.8,44.8,-1.291,-4.89,-10.13,21.1,36.9,99.4
ou_L12_z2.0_0.0_hl480_LS,3_mr,"{""L"": 12, ""zin"": 2.0, ""zout"": 0.0, ""gate"": ""hl480"", ""m"": ""LS""}",-1.549,-7.43,-25.61,15.1,30.1,-0.498,-1.49,-6.94,14.8,24.9,62.5
ou_L12_z2.0_0.0_hl480_LF,3_mr,"{""L"": 12, ""zin"": 2.0, ""zout"": 0.0, ""gate"": ""hl480"", ""m"": ""LF""}",-1.032,-4.36,-15.48,9.4,17.0,-0.026,-0.05,-3.16,8.9,12.7,30.5
ou_L12_z2.0_0.5_none_LS,3_mr,"{""L"": 12, ""zin"": 2.0, ""zout"": 0.5, ""gate"": ""none"", ""m"": ""LS""}",-0.796,-4.63,-17.7,39.3,72.4,-1.023,-5.93,-13.31,39.9,72.3,235.2
ou_L12_z2.0_0.5_none_LF,3_mr,"{""L"": 12, ""zin"": 2.0, ""zout"": 0.5, ""gate"": ""none"", ""m"": ""LF""}",-0.604,-2.92,-13.25,23.9,41.6,-0.389,-1.29,-6.62,22.4,38.9,113.9
ou_L12_z2.5_0.0_none_LS,3_mr,"{""L"": 12, ""zin"": 2.5, ""zout"": 0.0, ""gate"": ""none"", ""m"": ""LS""}",-0.685,-3.84,-16.12,33.8,56.5,-1.527,-8.85,-18.04,33.6,59.8,141.2
ou_L12_z2.5_0.0_none_LF,3_mr,"{""L"": 12, ""zin"": 2.5, ""zout"": 0.0, ""gate"": ""none"", ""m"": ""LF""}",-0.509,-2.34,-11.74,18.4,31.0,-1.201,-4.32,-11.03,16.5,29.0,67.3
ou_L12_z2.5_0.0_vr120_LS,3_mr,"{""L"": 12, ""zin"": 2.5, ""zout"": 0.0, ""gate"": ""vr120"", ""m"": ""LS""}",-0.758,-3.77,-16.76,23.1,39.9,-0.328,-1.24,-6.97,23.7,40.5,98.8
ou_L12_z2.5_0.0_vr120_LF,3_mr,"{""L"": 12, ""zin"": 2.5, ""zout"": 0.0, ""gate"": ""vr120"", ""m"": ""LF""}",-0.48,-2.0,-11.08,12.9,21.9,0.517,1.26,-3.41,13.2,21.6,47.4
ou_L12_z2.5_0.0_hurst120_LS,3_mr,"{""L"": 12, ""zin"": 2.5, ""zout"": 0.0, ""gate"": ""hurst120"", ""m"": ""LS""}",-0.758,-3.75,-15.22,25.6,43.5,-1.166,-5.09,-11.84,27.2,46.6,106.0
ou_L12_z2.5_0.0_hurst120_LF,3_mr,"{""L"": 12, ""zin"": 2.5, ""zout"": 0.0, ""gate"": ""hurst120"", ""m"": ""LF""}",-0.47,-1.94,-9.39,14.5,24.9,-0.8,-2.58,-7.66,14.2,23.9,51.5
ou_L12_z2.5_0.0_adf120_LS,3_mr,"{""L"": 12, ""zin"": 2.5, ""zout"": 0.0, ""gate"": ""adf120"", ""m"": ""LS""}",-0.213,-0.75,-7.75,11.2,18.2,0.811,1.98,-4.54,12.7,20.1,40.4
ou_L12_z2.5_0.0_adf120_LF,3_mr,"{""L"": 12, ""zin"": 2.5, ""zout"": 0.0, ""gate"": ""adf120"", ""m"": ""LF""}",-0.259,-0.83,-6.32,5.7,9.9,1.305,1.87,-1.81,6.6,9.7,19.5
ou_L12_z2.5_0.0_hl120_LS,3_mr,"{""L"": 12, ""zin"": 2.5, ""zout"": 0.0, ""gate"": ""hl120"", ""m"": ""LS""}",-0.541,-2.63,-17.38,25.6,41.7,-1.177,-4.92,-11.59,25.2,44.5,102.5
ou_L12_z2.5_0.0_hl120_LF,3_mr,"{""L"": 12, ""zin"": 2.5, ""zout"": 0.0, ""gate"": ""hl120"", ""m"": ""LF""}",-0.326,-1.35,-11.54,14.0,22.8,-0.221,-0.57,-5.42,12.5,20.9,47.8
ou_L12_z2.5_0.0_vr480_LS,3_mr,"{""L"": 12, ""zin"": 2.5, ""zout"": 0.0, ""gate"": ""vr480"", ""m"": ""LS""}",-0.809,-3.92,-16.37,22.2,37.8,-1.581,-6.28,-12.94,17.3,33.1,89.2
ou_L12_z2.5_0.0_vr480_LF,3_mr,"{""L"": 12, ""zin"": 2.5, ""zout"": 0.0, ""gate"": ""vr480"", ""m"": ""LF""}",-0.793,-3.29,-12.59,11.6,21.0,-1.597,-5.04,-11.07,9.7,17.8,43.9
ou_L12_z2.5_0.0_hurst480_LS,3_mr,"{""L"": 12, ""zin"": 2.5, ""zout"": 0.0, ""gate"": ""hurst480"", ""m"": ""LS""}",-0.996,-4.89,-17.74,23.0,39.7,-1.455,-5.58,-11.08,18.8,34.1,90.0
ou_L12_z2.5_0.0_hurst480_LF,3_mr,"{""L"": 12, ""zin"": 2.5, ""zout"": 0.0, ""gate"": ""hurst480"", ""m"": ""LF""}",-0.723,-3.04,-12.14,12.2,21.7,-1.39,-4.11,-8.96,9.7,17.8,44.4
ou_L12_z2.5_0.0_adf480_LS,3_mr,"{""L"": 12, ""zin"": 2.5, ""zout"": 0.0, ""gate"": ""adf480"", ""m"": ""LS""}",-0.743,-4.15,-17.06,33.4,55.9,-1.385,-7.59,-15.72,30.3,54.2,135.0
ou_L12_z2.5_0.0_adf480_LF,3_mr,"{""L"": 12, ""zin"": 2.5, ""zout"": 0.0, ""gate"": ""adf480"", ""m"": ""LF""}",-0.578,-2.65,-11.7,18.0,30.5,-1.217,-4.04,-9.84,15.0,26.7,64.2
ou_L12_z2.5_0.0_hl480_LS,3_mr,"{""L"": 12, ""zin"": 2.5, ""zout"": 0.0, ""gate"": ""hl480"", ""m"": ""LS""}",-1.065,-4.31,-17.01,12.4,23.0,-0.99,-2.72,-7.14,10.9,19.8,42.1
ou_L12_z2.5_0.0_hl480_LF,3_mr,"{""L"": 12, ""zin"": 2.5, ""zout"": 0.0, ""gate"": ""hl480"", ""m"": ""LF""}",-0.884,-3.12,-11.23,6.6,12.6,-0.597,-1.1,-4.24,5.6,9.2,20.6
ou_L12_z2.5_0.5_none_LS,3_mr,"{""L"": 12, ""zin"": 2.5, ""zout"": 0.5, ""gate"": ""none"", ""m"": ""LS""}",-0.305,-1.5,-13.3,29.0,52.2,-1.082,-5.41,-12.11,28.8,55.5,148.3
ou_L12_z2.5_0.5_none_LF,3_mr,"{""L"": 12, ""zin"": 2.5, ""zout"": 0.5, ""gate"": ""none"", ""m"": ""LF""}",-0.303,-1.24,-10.97,15.1,28.3,-0.557,-1.51,-5.1,13.7,26.5,70.6
ou_L24_z1.5_0.0_none_LS,3_mr,"{""L"": 24, ""zin"": 1.5, ""zout"": 0.0, ""gate"": ""none"", ""m"": ""LS""}",-0.624,-4.8,-20.33,47.6,80.5,-1.395,-10.26,-23.46,47.1,81.2,194.6
ou_L24_z1.5_0.0_none_LF,3_mr,"{""L"": 24, ""zin"": 1.5, ""zout"": 0.0, ""gate"": ""none"", ""m"": ""LF""}",-0.163,-1.0,-10.24,30.1,48.2,-0.189,-0.8,-8.25,26.5,41.5,97.0
ou_L24_z1.5_0.0_vr120_LS,3_mr,"{""L"": 24, ""zin"": 1.5, ""zout"": 0.0, ""gate"": ""vr120"", ""m"": ""LS""}",-0.891,-6.0,-22.4,34.6,60.7,-0.588,-3.38,-11.8,34.9,59.8,140.7
ou_L24_z1.5_0.0_vr120_LF,3_mr,"{""L"": 24, ""zin"": 1.5, ""zout"": 0.0, ""gate"": ""vr120"", ""m"": ""LF""}",-0.484,-2.69,-12.25,22.1,36.0,0.957,2.89,-2.71,20.6,31.0,68.3
ou_L24_z1.5_0.0_hurst120_LS,3_mr,"{""L"": 24, ""zin"": 1.5, ""zout"": 0.0, ""gate"": ""hurst120"", ""m"": ""LS""}",-0.614,-4.16,-17.42,39.9,67.3,-1.091,-6.68,-17.08,40.7,69.2,158.7
ou_L24_z1.5_0.0_hurst120_LF,3_mr,"{""L"": 24, ""zin"": 1.5, ""zout"": 0.0, ""gate"": ""hurst120"", ""m"": ""LF""}",-0.074,-0.41,-8.11,25.9,41.3,-0.116,-0.46,-6.64,23.4,36.6,79.6
ou_L24_z1.5_0.0_adf120_LS,3_mr,"{""L"": 24, ""zin"": 1.5, ""zout"": 0.0, ""gate"": ""adf120"", ""m"": ""LS""}",-0.501,-2.58,-13.31,19.0,31.9,0.188,0.71,-6.73,20.4,34.4,65.4
ou_L24_z1.5_0.0_adf120_LF,3_mr,"{""L"": 24, ""zin"": 1.5, ""zout"": 0.0, ""gate"": ""adf120"", ""m"": ""LF""}",-0.115,-0.48,-7.81,10.2,17.0,1.682,3.41,-1.15,12.2,18.6,31.6
ou_L24_z1.5_0.0_hl120_LS,3_mr,"{""L"": 24, ""zin"": 1.5, ""zout"": 0.0, ""gate"": ""hl120"", ""m"": ""LS""}",-0.652,-4.94,-20.78,47.1,79.5,-1.292,-9.44,-22.22,47.1,80.7,191.5
ou_L24_z1.5_0.0_hl120_LF,3_mr,"{""L"": 24, ""zin"": 1.5, ""zout"": 0.0, ""gate"": ""hl120"", ""m"": ""LF""}",-0.159,-0.97,-10.16,30.0,47.7,-0.055,-0.23,-7.4,26.5,41.0,95.4
ou_L24_z1.5_0.0_vr480_LS,3_mr,"{""L"": 24, ""zin"": 1.5, ""zout"": 0.0, ""gate"": ""vr480"", ""m"": ""LS""}",-1.088,-7.13,-26.18,30.9,54.2,-0.393,-2.06,-10.38,29.8,48.1,127.4
ou_L24_z1.5_0.0_vr480_LF,3_mr,"{""L"": 24, ""zin"": 1.5, ""zout"": 0.0, ""gate"": ""vr480"", ""m"": ""LF""}",-0.723,-3.94,-16.61,19.1,32.0,-0.704,-2.49,-9.64,17.0,27.0,63.1
ou_L24_z1.5_0.0_hurst480_LS,3_mr,"{""L"": 24, ""zin"": 1.5, ""zout"": 0.0, ""gate"": ""hurst480"", ""m"": ""LS""}",-1.233,-8.18,-29.27,33.3,58.9,-1.064,-5.47,-14.89,31.0,52.2,131.3
ou_L24_z1.5_0.0_hurst480_LF,3_mr,"{""L"": 24, ""zin"": 1.5, ""zout"": 0.0, ""gate"": ""hurst480"", ""m"": ""LF""}",-0.808,-4.5,-18.84,19.6,33.7,-0.488,-1.74,-8.23,17.6,27.5,64.4
ou_L24_z1.5_0.0_adf480_LS,3_mr,"{""L"": 24, ""zin"": 1.5, ""zout"": 0.0, ""gate"": ""adf480"", ""m"": ""LS""}",-0.675,-5.13,-21.33,47.1,79.6,-1.396,-9.72,-22.65,43.8,75.6,187.5
ou_L24_z1.5_0.0_adf480_LF,3_mr,"{""L"": 24, ""zin"": 1.5, ""zout"": 0.0, ""gate"": ""adf480"", ""m"": ""LF""}",-0.245,-1.49,-11.73,29.5,47.4,-0.423,-1.69,-8.87,23.7,37.9,93.0
ou_L24_z1.5_0.0_hl480_LS,3_mr,"{""L"": 24, ""zin"": 1.5, ""zout"": 0.0, ""gate"": ""hl480"", ""m"": ""LS""}",-0.73,-5.6,-22.67,47.2,80.1,-1.267,-8.93,-21.45,45.3,78.1,189.6
ou_L24_z1.5_0.0_hl480_LF,3_mr,"{""L"": 24, ""zin"": 1.5, ""zout"": 0.0, ""gate"": ""hl480"", ""m"": ""LF""}",-0.275,-1.68,-12.1,29.7,47.7,-0.342,-1.42,-9.1,25.7,40.5,94.5
ou_L24_z1.5_0.5_none_LS,3_mr,"{""L"": 24, ""zin"": 1.5, ""zout"": 0.5, ""gate"": ""none"", ""m"": ""LS""}",-0.818,-5.78,-22.07,44.9,76.1,-1.399,-8.82,-18.42,44.3,78.4,232.1
ou_L24_z1.5_0.5_none_LF,3_mr,"{""L"": 24, ""zin"": 1.5, ""zout"": 0.5, ""gate"": ""none"", ""m"": ""LF""}",-0.485,-2.79,-14.96,27.9,45.5,-0.868,-3.37,-10.43,23.7,39.9,114.8
ou_L24_z2.0_0.0_none_LS,3_mr,"{""L"": 24, ""zin"": 2.0, ""zout"": 0.0, ""gate"": ""none"", ""m"": ""LS""}",-0.53,-3.48,-17.04,36.7,63.1,-1.168,-7.83,-17.27,38.4,66.9,129.7
ou_L24_z2.0_0.0_none_LF,3_mr,"{""L"": 24, ""zin"": 2.0, ""zout"": 0.0, ""gate"": ""none"", ""m"": ""LF""}",0.009,0.05,-10.58,22.2,36.4,-0.184,-0.7,-6.99,21.1,33.3,63.4
ou_L24_z2.0_0.0_vr120_LS,3_mr,"{""L"": 24, ""zin"": 2.0, ""zout"": 0.0, ""gate"": ""vr120"", ""m"": ""LS""}",-0.468,-2.76,-18.5,27.4,47.7,-0.388,-1.99,-8.53,29.5,49.6,95.8
ou_L24_z2.0_0.0_vr120_LF,3_mr,"{""L"": 24, ""zin"": 2.0, ""zout"": 0.0, ""gate"": ""vr120"", ""m"": ""LF""}",-0.156,-0.76,-12.19,16.1,26.7,1.026,2.81,-2.32,16.5,24.9,46.2
ou_L24_z2.0_0.0_hurst120_LS,3_mr,"{""L"": 24, ""zin"": 2.0, ""zout"": 0.0, ""gate"": ""hurst120"", ""m"": ""LS""}",-0.671,-4.02,-18.35,30.5,53.3,-0.924,-5.07,-12.57,32.3,55.7,106.3
ou_L24_z2.0_0.0_hurst120_LF,3_mr,"{""L"": 24, ""zin"": 2.0, ""zout"": 0.0, ""gate"": ""hurst120"", ""m"": ""LF""}",-0.152,-0.74,-9.09,18.5,31.0,-0.307,-1.1,-6.46,18.1,28.2,52.0
ou_L24_z2.0_0.0_adf120_LS,3_mr,"{""L"": 24, ""zin"": 2.0, ""zout"": 0.0, ""gate"": ""adf120"", ""m"": ""LS""}",-0.355,-1.58,-10.89,13.3,24.1,0.631,2.19,-6.74,18.1,28.8,44.3
ou_L24_z2.0_0.0_adf120_LF,3_mr,"{""L"": 24, ""zin"": 2.0, ""zout"": 0.0, ""gate"": ""adf120"", ""m"": ""LF""}",-0.399,-1.54,-9.55,7.1,13.1,1.848,2.98,-1.27,9.7,13.7,21.5
ou_L24_z2.0_0.0_hl120_LS,3_mr,"{""L"": 24, ""zin"": 2.0, ""zout"": 0.0, ""gate"": ""hl120"", ""m"": ""LS""}",-0.639,-4.15,-18.4,35.6,61.7,-1.088,-7.26,-16.82,38.4,66.4,127.0
ou_L24_z2.0_0.0_hl120_LF,3_mr,"{""L"": 24, ""zin"": 2.0, ""zout"": 0.0, ""gate"": ""hl120"", ""m"": ""LF""}",-0.039,-0.21,-9.72,21.3,35.1,-0.106,-0.41,-6.54,21.1,32.8,61.7
ou_L24_z2.0_0.0_vr480_LS,3_mr,"{""L"": 24, ""zin"": 2.0, ""zout"": 0.0, ""gate"": ""vr480"", ""m"": ""LS""}",-0.797,-4.55,-19.84,24.2,43.1,-0.593,-2.82,-8.46,24.4,40.5,84.1
ou_L24_z2.0_0.0_vr480_LF,3_mr,"{""L"": 24, ""zin"": 2.0, ""zout"": 0.0, ""gate"": ""vr480"", ""m"": ""LF""}",-0.441,-2.11,-12.2,13.6,24.0,-0.794,-2.54,-7.89,13.2,21.6,40.6
ou_L24_z2.0_0.0_hurst480_LS,3_mr,"{""L"": 24, ""zin"": 2.0, ""zout"": 0.0, ""gate"": ""hurst480"", ""m"": ""LS""}",-0.8,-4.65,-19.17,26.3,45.7,-0.995,-4.53,-10.97,23.9,41.7,85.7
ou_L24_z2.0_0.0_hurst480_LF,3_mr,"{""L"": 24, ""zin"": 2.0, ""zout"": 0.0, ""gate"": ""hurst480"", ""m"": ""LF""}",-0.41,-1.99,-12.17,14.9,25.3,-0.589,-1.87,-7.56,13.0,21.4,41.0
ou_L24_z2.0_0.0_adf480_LS,3_mr,"{""L"": 24, ""zin"": 2.0, ""zout"": 0.0, ""gate"": ""adf480"", ""m"": ""LS""}",-0.585,-3.83,-18.01,36.2,62.6,-1.151,-7.32,-15.77,35.6,62.6,124.9
ou_L24_z2.0_0.0_adf480_LF,3_mr,"{""L"": 24, ""zin"": 2.0, ""zout"": 0.0, ""gate"": ""adf480"", ""m"": ""LF""}",-0.037,-0.2,-10.26,21.8,35.8,-0.348,-1.25,-7.08,18.6,30.3,60.8
ou_L24_z2.0_0.0_hl480_LS,3_mr,"{""L"": 24, ""zin"": 2.0, ""zout"": 0.0, ""gate"": ""hl480"", ""m"": ""LS""}",-0.605,-3.94,-18.8,36.0,62.2,-1.015,-6.55,-15.24,37.7,65.1,126.0
ou_L24_z2.0_0.0_hl480_LF,3_mr,"{""L"": 24, ""zin"": 2.0, ""zout"": 0.0, ""gate"": ""hl480"", ""m"": ""LF""}",-0.128,-0.67,-10.58,21.6,35.7,-0.203,-0.77,-6.99,20.9,32.8,61.9
ou_L24_z2.0_0.5_none_LS,3_mr,"{""L"": 24, ""zin"": 2.0, ""zout"": 0.5, ""gate"": ""none"", ""m"": ""LS""}",-0.692,-4.2,-17.81,35.3,59.8,-0.549,-3.24,-11.18,35.9,62.1,144.5
ou_L24_z2.0_0.5_none_LF,3_mr,"{""L"": 24, ""zin"": 2.0, ""zout"": 0.5, ""gate"": ""none"", ""m"": ""LF""}",-0.303,-1.49,-12.08,20.7,34.2,-0.643,-2.23,-8.02,18.8,30.8,69.6
ou_L24_z2.5_0.0_none_LS,3_mr,"{""L"": 24, ""zin"": 2.5, ""zout"": 0.0, ""gate"": ""none"", ""m"": ""LS""}",-0.766,-4.3,-14.04,26.5,46.2,-0.512,-2.95,-10.26,31.3,51.4,86.1
ou_L24_z2.5_0.0_none_LF,3_mr,"{""L"": 24, ""zin"": 2.5, ""zout"": 0.0, ""gate"": ""none"", ""m"": ""LF""}",-0.06,-0.27,-8.31,15.6,25.9,0.315,1.05,-4.2,16.3,24.2,40.9
ou_L24_z2.5_0.0_vr120_LS,3_mr,"{""L"": 24, ""zin"": 2.5, ""zout"": 0.0, ""gate"": ""vr120"", ""m"": ""LS""}",-0.623,-3.18,-12.53,19.9,34.8,0.449,1.87,-6.35,24.9,39.2,65.4
ou_L24_z2.5_0.0_vr120_LF,3_mr,"{""L"": 24, ""zin"": 2.5, ""zout"": 0.0, ""gate"": ""vr120"", ""m"": ""LF""}",-0.027,-0.11,-7.38,11.9,19.4,2.002,4.65,-0.86,13.2,18.3,31.3
ou_L24_z2.5_0.0_hurst120_LS,3_mr,"{""L"": 24, ""zin"": 2.5, ""zout"": 0.0, ""gate"": ""hurst120"", ""m"": ""LS""}",-0.772,-3.97,-13.56,21.9,38.6,-0.668,-3.1,-9.9,25.4,42.5,70.5
ou_L24_z2.5_0.0_hurst120_LF,3_mr,"{""L"": 24, ""zin"": 2.5, ""zout"": 0.0, ""gate"": ""hurst120"", ""m"": ""LF""}",-0.189,-0.78,-6.64,13.0,22.1,0.1,0.31,-4.42,13.2,20.1,33.8
ou_L24_z2.5_0.0_adf120_LS,3_mr,"{""L"": 24, ""zin"": 2.5, ""zout"": 0.0, ""gate"": ""adf120"", ""m"": ""LS""}",-0.517,-1.93,-8.53,9.7,17.2,0.177,0.54,-6.63,12.2,19.8,29.3
ou_L24_z2.5_0.0_adf120_LF,3_mr,"{""L"": 24, ""zin"": 2.5, ""zout"": 0.0, ""gate"": ""adf120"", ""m"": ""LF""}",-0.478,-1.5,-7.12,4.8,8.9,1.426,2.21,-1.49,6.1,8.9,13.8
ou_L24_z2.5_0.0_hl120_LS,3_mr,"{""L"": 24, ""zin"": 2.5, ""zout"": 0.0, ""gate"": ""hl120"", ""m"": ""LS""}",-0.85,-4.72,-15.31,25.8,45.2,-0.429,-2.46,-9.52,31.0,50.6,84.1
ou_L24_z2.5_0.0_hl120_LF,3_mr,"{""L"": 24, ""zin"": 2.5, ""zout"": 0.0, ""gate"": ""hl120"", ""m"": ""LF""}",-0.156,-0.69,-7.99,14.8,24.7,0.403,1.35,-3.75,16.3,23.7,39.4
ou_L24_z2.5_0.0_vr480_LS,3_mr,"{""L"": 24, ""zin"": 2.5, ""zout"": 0.0, ""gate"": ""vr480"", ""m"": ""LS""}",-1.052,-5.18,-16.68,17.2,31.4,-0.01,-0.04,-4.68,18.1,28.8,56.8
ou_L24_z2.5_0.0_vr480_LF,3_mr,"{""L"": 24, ""zin"": 2.5, ""zout"": 0.0, ""gate"": ""vr480"", ""m"": ""LF""}",-0.543,-2.22,-9.83,9.7,17.3,-0.633,-1.59,-6.03,9.2,14.8,27.3
ou_L24_z2.5_0.0_hurst480_LS,3_mr,"{""L"": 24, ""zin"": 2.5, ""zout"": 0.0, ""gate"": ""hurst480"", ""m"": ""LS""}",-1.002,-4.97,-16.16,18.4,33.4,-0.701,-2.53,-7.43,17.8,29.8,56.8
ou_L24_z2.5_0.0_hurst480_LF,3_mr,"{""L"": 24, ""zin"": 2.5, ""zout"": 0.0, ""gate"": ""hurst480"", ""m"": ""LF""}",-0.503,-2.06,-9.76,10.2,18.0,-0.046,-0.1,-2.86,9.4,14.2,27.2
ou_L24_z2.5_0.0_adf480_LS,3_mr,"{""L"": 24, ""zin"": 2.5, ""zout"": 0.0, ""gate"": ""adf480"", ""m"": ""LS""}",-0.833,-4.67,-15.15,26.1,45.8,-0.563,-3.1,-9.4,29.3,48.1,83.0
ou_L24_z2.5_0.0_adf480_LF,3_mr,"{""L"": 24, ""zin"": 2.5, ""zout"": 0.0, ""gate"": ""adf480"", ""m"": ""LF""}",-0.143,-0.64,-8.37,15.2,25.4,0.261,0.8,-3.34,15.0,22.4,39.8
ou_L24_z2.5_0.0_hl480_LS,3_mr,"{""L"": 24, ""zin"": 2.5, ""zout"": 0.0, ""gate"": ""hl480"", ""m"": ""LS""}",-0.853,-4.76,-15.42,25.9,45.4,-0.43,-2.39,-9.56,30.3,49.6,83.7
ou_L24_z2.5_0.0_hl480_LF,3_mr,"{""L"": 24, ""zin"": 2.5, ""zout"": 0.0, ""gate"": ""hl480"", ""m"": ""LF""}",-0.199,-0.89,-8.31,15.2,25.5,0.299,0.99,-4.2,16.0,23.7,40.2
ou_L24_z2.5_0.5_none_LS,3_mr,"{""L"": 24, ""zin"": 2.5, ""zout"": 0.5, ""gate"": ""none"", ""m"": ""LS""}",-0.901,-4.65,-14.77,24.2,42.9,-0.085,-0.43,-5.92,29.3,46.3,91.0
ou_L24_z2.5_0.5_none_LF,3_mr,"{""L"": 24, ""zin"": 2.5, ""zout"": 0.5, ""gate"": ""none"", ""m"": ""LF""}",-0.301,-1.26,-10.35,13.6,23.6,0.154,0.45,-4.06,14.2,21.9,42.6
ou_L48_z1.5_0.0_none_LS,3_mr,"{""L"": 48, ""zin"": 1.5, ""zout"": 0.0, ""gate"": ""none"", ""m"": ""LS""}",-0.417,-3.18,-18.07,38.5,69.3,-2.202,-16.68,-27.33,38.9,74.8,110.1
ou_L48_z1.5_0.0_none_LF,3_mr,"{""L"": 48, ""zin"": 1.5, ""zout"": 0.0, ""gate"": ""none"", ""m"": ""LF""}",-0.25,-1.44,-12.48,22.2,38.3,-0.74,-3.31,-7.2,20.6,35.6,52.7
ou_L48_z1.5_0.0_vr120_LS,3_mr,"{""L"": 48, ""zin"": 1.5, ""zout"": 0.0, ""gate"": ""vr120"", ""m"": ""LS""}",-0.784,-5.25,-23.27,28.4,52.7,-1.622,-9.68,-16.75,29.8,57.0,79.9
ou_L48_z1.5_0.0_vr120_LF,3_mr,"{""L"": 48, ""zin"": 1.5, ""zout"": 0.0, ""gate"": ""vr120"", ""m"": ""LF""}",-0.513,-2.7,-15.17,16.8,29.5,0.276,0.95,-3.41,16.5,27.7,38.8
ou_L48_z1.5_0.0_hurst120_LS,3_mr,"{""L"": 48, ""zin"": 1.5, ""zout"": 0.0, ""gate"": ""hurst120"", ""m"": ""LS""}",-0.321,-2.19,-16.64,31.9,57.0,-2.077,-13.51,-22.07,32.8,63.1,91.5
ou_L48_z1.5_0.0_hurst120_LF,3_mr,"{""L"": 48, ""zin"": 1.5, ""zout"": 0.0, ""gate"": ""hurst120"", ""m"": ""LF""}",-0.204,-1.08,-10.1,19.4,33.0,-0.748,-3.2,-6.9,17.8,31.0,45.2
ou_L48_z1.5_0.0_adf120_LS,3_mr,"{""L"": 48, ""zin"": 1.5, ""zout"": 0.0, ""gate"": ""adf120"", ""m"": ""LS""}",0.017,0.08,-10.37,14.4,25.1,-0.257,-1.11,-8.53,18.3,32.1,38.0
ou_L48_z1.5_0.0_adf120_LF,3_mr,"{""L"": 48, ""zin"": 1.5, ""zout"": 0.0, ""gate"": ""adf120"", ""m"": ""LF""}",-0.168,-0.66,-6.89,8.4,14.2,1.071,2.61,-2.04,9.4,14.8,18.5
ou_L48_z1.5_0.0_hl120_LS,3_mr,"{""L"": 48, ""zin"": 1.5, ""zout"": 0.0, ""gate"": ""hl120"", ""m"": ""LS""}",-0.417,-3.18,-18.07,38.5,69.3,-2.151,-16.26,-26.69,38.9,74.6,110.1
ou_L48_z1.5_0.0_hl120_LF,3_mr,"{""L"": 48, ""zin"": 1.5, ""zout"": 0.0, ""gate"": ""hl120"", ""m"": ""LF""}",-0.25,-1.44,-12.48,22.2,38.3,-0.74,-3.31,-7.2,20.6,35.6,52.7
ou_L48_z1.5_0.0_vr480_LS,3_mr,"{""L"": 48, ""zin"": 1.5, ""zout"": 0.0, ""gate"": ""vr480"", ""m"": ""LS""}",-0.792,-5.28,-22.86,26.4,50.0,-2.112,-11.22,-18.03,23.2,46.1,74.2
ou_L48_z1.5_0.0_vr480_LF,3_mr,"{""L"": 48, ""zin"": 1.5, ""zout"": 0.0, ""gate"": ""vr480"", ""m"": ""LF""}",-0.68,-3.6,-16.33,15.6,28.1,-1.222,-4.54,-8.35,12.0,23.7,36.2
ou_L48_z1.5_0.0_hurst480_LS,3_mr,"{""L"": 48, ""zin"": 1.5, ""zout"": 0.0, ""gate"": ""hurst480"", ""m"": ""LS""}",-0.712,-4.9,-21.4,29.0,53.8,-1.926,-10.6,-17.78,24.4,47.6,79.3
ou_L48_z1.5_0.0_hurst480_LF,3_mr,"{""L"": 48, ""zin"": 1.5, ""zout"": 0.0, ""gate"": ""hurst480"", ""m"": ""LF""}",-0.502,-2.7,-14.21,17.1,30.0,-0.787,-2.86,-7.68,12.7,23.7,38.1
ou_L48_z1.5_0.0_adf480_LS,3_mr,"{""L"": 48, ""zin"": 1.5, ""zout"": 0.0, ""gate"": ""adf480"", ""m"": ""LS""}",-0.449,-3.38,-19.45,38.0,68.6,-1.902,-13.73,-22.87,36.1,69.0,107.4
ou_L48_z1.5_0.0_adf480_LF,3_mr,"{""L"": 48, ""zin"": 1.5, ""zout"": 0.0, ""gate"": ""adf480"", ""m"": ""LF""}",-0.332,-1.89,-13.87,21.7,37.6,-0.662,-2.81,-6.6,19.1,33.3,51.8
ou_L48_z1.5_0.0_hl480_LS,3_mr,"{""L"": 48, ""zin"": 1.5, ""zout"": 0.0, ""gate"": ""hl480"", ""m"": ""LS""}",-0.417,-3.18,-18.07,38.5,69.3,-2.202,-16.68,-27.33,38.9,74.8,110.1
ou_L48_z1.5_0.0_hl480_LF,3_mr,"{""L"": 48, ""zin"": 1.5, ""zout"": 0.0, ""gate"": ""hl480"", ""m"": ""LF""}",-0.25,-1.44,-12.48,22.2,38.3,-0.74,-3.31,-7.2,20.6,35.6,52.7
ou_L48_z1.5_0.5_none_LS,3_mr,"{""L"": 48, ""zin"": 1.5, ""zout"": 0.5, ""gate"": ""none"", ""m"": ""LS""}",-0.635,-4.41,-19.82,36.9,63.8,-1.828,-12.32,-22.46,37.7,68.2,132.7
ou_L48_z1.5_0.5_none_LF,3_mr,"{""L"": 48, ""zin"": 1.5, ""zout"": 0.5, ""gate"": ""none"", ""m"": ""LF""}",-0.405,-2.17,-13.84,20.9,34.4,-0.608,-2.29,-8.74,19.6,31.0,64.4
ou_L48_z2.0_0.0_none_LS,3_mr,"{""L"": 48, ""zin"": 2.0, ""zout"": 0.0, ""gate"": ""none"", ""m"": ""LS""}",-0.354,-2.34,-12.49,28.1,50.6,-1.648,-11.32,-20.06,31.6,59.3,73.9
ou_L48_z2.0_0.0_none_LF,3_mr,"{""L"": 48, ""zin"": 2.0, ""zout"": 0.0, ""gate"": ""none"", ""m"": ""LF""}",-0.293,-1.43,-11.47,15.2,26.1,-0.592,-2.36,-5.93,15.5,26.2,35.1
ou_L48_z2.0_0.0_vr120_LS,3_mr,"{""L"": 48, ""zin"": 2.0, ""zout"": 0.0, ""gate"": ""vr120"", ""m"": ""LS""}",-0.683,-3.9,-16.66,20.0,37.1,-1.308,-6.73,-12.44,24.4,45.3,53.6
ou_L48_z2.0_0.0_vr120_LF,3_mr,"{""L"": 48, ""zin"": 2.0, ""zout"": 0.0, ""gate"": ""vr120"", ""m"": ""LF""}",-0.682,-3.03,-14.25,11.1,19.8,0.46,1.32,-2.94,12.0,19.8,25.4
ou_L48_z2.0_0.0_hurst120_LS,3_mr,"{""L"": 48, ""zin"": 2.0, ""zout"": 0.0, ""gate"": ""hurst120"", ""m"": ""LS""}",-0.175,-1.0,-12.32,22.2,40.3,-1.714,-9.91,-17.93,26.7,49.4,61.0
ou_L48_z2.0_0.0_hurst120_LF,3_mr,"{""L"": 48, ""zin"": 2.0, ""zout"": 0.0, ""gate"": ""hurst120"", ""m"": ""LF""}",-0.266,-1.16,-10.22,12.1,21.2,-0.449,-1.73,-6.17,13.7,22.6,29.1
ou_L48_z2.0_0.0_adf120_LS,3_mr,"{""L"": 48, ""zin"": 2.0, ""zout"": 0.0, ""gate"": ""adf120"", ""m"": ""LS""}",-0.042,-0.17,-7.05,8.9,16.1,-0.372,-1.39,-8.48,15.3,24.9,24.3
ou_L48_z2.0_0.0_adf120_LF,3_mr,"{""L"": 48, ""zin"": 2.0, ""zout"": 0.0, ""gate"": ""adf120"", ""m"": ""LF""}",-0.078,-0.24,-5.43,5.2,8.7,1.042,2.13,-1.62,7.1,10.7,12.1
ou_L48_z2.0_0.0_hl120_LS,3_mr,"{""L"": 48, ""zin"": 2.0, ""zout"": 0.0, ""gate"": ""hl120"", ""m"": ""LS""}",-0.354,-2.34,-12.49,28.1,50.6,-1.556,-10.61,-18.98,31.0,58.3,73.8
ou_L48_z2.0_0.0_hl120_LF,3_mr,"{""L"": 48, ""zin"": 2.0, ""zout"": 0.0, ""gate"": ""hl120"", ""m"": ""LF""}",-0.293,-1.43,-11.47,15.2,26.1,-0.592,-2.36,-5.93,15.5,26.2,35.1
ou_L48_z2.0_0.0_vr480_LS,3_mr,"{""L"": 48, ""zin"": 2.0, ""zout"": 0.0, ""gate"": ""vr480"", ""m"": ""LS""}",-0.768,-4.39,-16.12,19.0,36.0,-1.621,-7.44,-13.59,18.8,36.1,49.9
ou_L48_z2.0_0.0_vr480_LF,3_mr,"{""L"": 48, ""zin"": 2.0, ""zout"": 0.0, ""gate"": ""vr480"", ""m"": ""LF""}",-0.681,-2.99,-12.05,10.3,18.4,-1.049,-3.45,-7.31,9.4,17.6,23.8
ou_L48_z2.0_0.0_hurst480_LS,3_mr,"{""L"": 48, ""zin"": 2.0, ""zout"": 0.0, ""gate"": ""hurst480"", ""m"": ""LS""}",-0.479,-2.84,-13.87,21.2,39.4,-1.584,-7.59,-14.51,18.8,36.4,52.9
ou_L48_z2.0_0.0_hurst480_LF,3_mr,"{""L"": 48, ""zin"": 2.0, ""zout"": 0.0, ""gate"": ""hurst480"", ""m"": ""LF""}",-0.498,-2.25,-12.25,11.5,20.2,-0.696,-2.21,-6.5,9.4,16.8,25.0
ou_L48_z2.0_0.0_adf480_LS,3_mr,"{""L"": 48, ""zin"": 2.0, ""zout"": 0.0, ""gate"": ""adf480"", ""m"": ""LS""}",-0.361,-2.34,-12.75,28.1,50.5,-1.451,-9.53,-17.35,29.5,55.0,72.2
ou_L48_z2.0_0.0_adf480_LF,3_mr,"{""L"": 48, ""zin"": 2.0, ""zout"": 0.0, ""gate"": ""adf480"", ""m"": ""LF""}",-0.368,-1.78,-11.47,15.1,26.0,-0.646,-2.42,-6.02,14.0,23.9,34.4
ou_L48_z2.0_0.0_hl480_LS,3_mr,"{""L"": 48, ""zin"": 2.0, ""zout"": 0.0, ""gate"": ""hl480"", ""m"": ""LS""}",-0.354,-2.34,-12.49,28.1,50.6,-1.648,-11.32,-20.06,31.6,59.3,73.9
ou_L48_z2.0_0.0_hl480_LF,3_mr,"{""L"": 48, ""zin"": 2.0, ""zout"": 0.0, ""gate"": ""hl480"", ""m"": ""LF""}",-0.293,-1.43,-11.47,15.2,26.1,-0.592,-2.36,-5.93,15.5,26.2,35.1
ou_L48_z2.0_0.5_none_LS,3_mr,"{""L"": 48, ""zin"": 2.0, ""zout"": 0.5, ""gate"": ""none"", ""m"": ""LS""}",-0.581,-3.42,-14.63,26.3,45.5,-1.382,-8.57,-16.52,29.5,53.2,83.1
ou_L48_z2.0_0.5_none_LF,3_mr,"{""L"": 48, ""zin"": 2.0, ""zout"": 0.5, ""gate"": ""none"", ""m"": ""LF""}",-0.322,-1.45,-9.59,14.0,23.0,-0.265,-0.91,-6.19,14.0,21.9,39.9
ou_L48_z2.5_0.0_none_LS,3_mr,"{""L"": 48, ""zin"": 2.5, ""zout"": 0.0, ""gate"": ""none"", ""m"": ""LS""}",-0.586,-3.39,-16.04,18.6,33.8,-0.941,-5.64,-11.45,24.7,43.5,47.5
ou_L48_z2.5_0.0_none_LF,3_mr,"{""L"": 48, ""zin"": 2.5, ""zout"": 0.0, ""gate"": ""none"", ""m"": ""LF""}",-0.3,-1.31,-10.79,10.1,16.7,-0.073,-0.22,-4.26,10.7,17.6,20.9
ou_L48_z2.5_0.0_vr120_LS,3_mr,"{""L"": 48, ""zin"": 2.5, ""zout"": 0.0, ""gate"": ""vr120"", ""m"": ""LS""}",-0.685,-3.61,-16.07,13.5,24.7,-0.254,-1.15,-6.42,20.1,33.3,35.3
ou_L48_z2.5_0.0_vr120_LF,3_mr,"{""L"": 48, ""zin"": 2.5, ""zout"": 0.0, ""gate"": ""vr120"", ""m"": ""LF""}",-0.532,-2.2,-11.11,7.8,13.1,1.611,3.38,-1.51,8.7,12.5,16.3
ou_L48_z2.5_0.0_hurst120_LS,3_mr,"{""L"": 48, ""zin"": 2.5, ""zout"": 0.0, ""gate"": ""hurst120"", ""m"": ""LS""}",-0.32,-1.68,-12.25,15.4,26.9,-1.068,-5.14,-11.72,19.6,34.6,39.5
ou_L48_z2.5_0.0_hurst120_LF,3_mr,"{""L"": 48, ""zin"": 2.5, ""zout"": 0.0, ""gate"": ""hurst120"", ""m"": ""LF""}",-0.309,-1.24,-8.3,8.3,13.8,-0.122,-0.34,-4.26,7.9,13.2,17.3
ou_L48_z2.5_0.0_adf120_LS,3_mr,"{""L"": 48, ""zin"": 2.5, ""zout"": 0.0, ""gate"": ""adf120"", ""m"": ""LS""}",0.051,0.2,-4.8,6.4,11.1,-0.229,-0.72,-7.91,10.7,17.0,16.2
ou_L48_z2.5_0.0_adf120_LF,3_mr,"{""L"": 48, ""zin"": 2.5, ""zout"": 0.0, ""gate"": ""adf120"", ""m"": ""LF""}",-0.342,-1.02,-5.62,3.3,5.7,0.742,0.9,-0.73,3.3,5.3,7.5
ou_L48_z2.5_0.0_hl120_LS,3_mr,"{""L"": 48, ""zin"": 2.5, ""zout"": 0.0, ""gate"": ""hl120"", ""m"": ""LS""}",-0.586,-3.39,-16.04,18.6,33.8,-0.877,-5.2,-10.78,23.7,41.7,47.2
ou_L48_z2.5_0.0_hl120_LF,3_mr,"{""L"": 48, ""zin"": 2.5, ""zout"": 0.0, ""gate"": ""hl120"", ""m"": ""LF""}",-0.3,-1.31,-10.79,10.1,16.7,-0.164,-0.48,-4.26,10.2,16.8,20.8
ou_L48_z2.5_0.0_vr480_LS,3_mr,"{""L"": 48, ""zin"": 2.5, ""zout"": 0.0, ""gate"": ""vr480"", ""m"": ""LS""}",-0.63,-3.28,-14.88,14.0,25.4,-0.368,-1.39,-7.89,17.0,28.5,33.4
ou_L48_z2.5_0.0_vr480_LF,3_mr,"{""L"": 48, ""zin"": 2.5, ""zout"": 0.0, ""gate"": ""vr480"", ""m"": ""LF""}",-0.396,-1.61,-10.18,7.7,12.5,-0.396,-0.97,-4.26,7.4,13.0,14.7
ou_L48_z2.5_0.0_hurst480_LS,3_mr,"{""L"": 48, ""zin"": 2.5, ""zout"": 0.0, ""gate"": ""hurst480"", ""m"": ""LS""}",-0.659,-3.53,-15.29,15.3,28.2,-0.526,-1.95,-7.42,14.0,23.7,34.4
ou_L48_z2.5_0.0_hurst480_LF,3_mr,"{""L"": 48, ""zin"": 2.5, ""zout"": 0.0, ""gate"": ""hurst480"", ""m"": ""LF""}",-0.417,-1.72,-9.59,8.3,14.2,0.423,0.87,-1.92,6.6,10.4,15.9
ou_L48_z2.5_0.0_adf480_LS,3_mr,"{""L"": 48, ""zin"": 2.5, ""zout"": 0.0, ""gate"": ""adf480"", ""m"": ""LS""}",-0.65,-3.74,-16.66,18.5,33.7,-0.833,-4.8,-10.17,22.4,39.2,45.9
ou_L48_z2.5_0.0_adf480_LF,3_mr,"{""L"": 48, ""zin"": 2.5, ""zout"": 0.0, ""gate"": ""adf480"", ""m"": ""LF""}",-0.382,-1.66,-10.79,9.8,16.5,-0.26,-0.73,-4.26,9.2,15.3,20.3
ou_L48_z2.5_0.0_hl480_LS,3_mr,"{""L"": 48, ""zin"": 2.5, ""zout"": 0.0, ""gate"": ""hl480"", ""m"": ""LS""}",-0.586,-3.39,-16.04,18.6,33.8,-0.941,-5.64,-11.45,24.7,43.5,47.5
ou_L48_z2.5_0.0_hl480_LF,3_mr,"{""L"": 48, ""zin"": 2.5, ""zout"": 0.0, ""gate"": ""hl480"", ""m"": ""LF""}",-0.3,-1.31,-10.79,10.1,16.7,-0.073,-0.22,-4.26,10.7,17.6,20.9
ou_L48_z2.5_0.5_none_LS,3_mr,"{""L"": 48, ""zin"": 2.5, ""zout"": 0.5, ""gate"": ""none"", ""m"": ""LS""}",-0.832,-4.29,-18.52,17.1,30.7,-0.398,-2.14,-7.66,23.4,38.7,51.6
ou_L48_z2.5_0.5_none_LF,3_mr,"{""L"": 48, ""zin"": 2.5, ""zout"": 0.5, ""gate"": ""none"", ""m"": ""LF""}",-0.405,-1.6,-9.87,9.2,14.8,0.56,1.47,-2.72,9.9,14.5,22.8
ou_L120_z1.5_0.0_none_LS,3_mr,"{""L"": 120, ""zin"": 1.5, ""zout"": 0.0, ""gate"": ""none"", ""m"": ""LS""}",-0.632,-4.9,-20.58,27.9,52.9,-0.752,-6.18,-15.12,31.8,60.6,48.5
ou_L120_z1.5_0.0_none_LF,3_mr,"{""L"": 120, ""zin"": 1.5, ""zout"": 0.0, ""gate"": ""none"", ""m"": ""LF""}",-0.484,-2.74,-13.61,15.3,27.6,-0.004,-0.02,-7.34,12.0,22.6,22.3
ou_L120_z1.5_0.0_vr120_LS,3_mr,"{""L"": 120, ""zin"": 1.5, ""zout"": 0.0, ""gate"": ""vr120"", ""m"": ""LS""}",-0.606,-4.1,-18.92,20.3,39.0,-0.19,-1.22,-8.32,24.7,44.8,36.0
ou_L120_z1.5_0.0_vr120_LF,3_mr,"{""L"": 120, ""zin"": 1.5, ""zout"": 0.0, ""gate"": ""vr120"", ""m"": ""LF""}",-0.483,-2.47,-12.75,11.7,21.3,0.71,2.33,-3.8,9.2,16.0,16.9
ou_L120_z1.5_0.0_hurst120_LS,3_mr,"{""L"": 120, ""zin"": 1.5, ""zout"": 0.0, ""gate"": ""hurst120"", ""m"": ""LS""}",-0.457,-3.35,-20.08,24.7,46.4,-0.896,-7.25,-15.76,28.0,56.0,43.4
ou_L120_z1.5_0.0_hurst120_LF,3_mr,"{""L"": 120, ""zin"": 1.5, ""zout"": 0.0, ""gate"": ""hurst120"", ""m"": ""LF""}",-0.438,-2.4,-12.23,13.6,24.9,-0.092,-0.39,-7.34,10.7,21.6,20.1
ou_L120_z1.5_0.0_adf120_LS,3_mr,"{""L"": 120, ""zin"": 1.5, ""zout"": 0.0, ""gate"": ""adf120"", ""m"": ""LS""}",0.144,0.72,-6.48,10.6,19.4,-0.228,-1.37,-9.76,14.2,25.7,19.3
ou_L120_z1.5_0.0_adf120_LF,3_mr,"{""L"": 120, ""zin"": 1.5, ""zout"": 0.0, ""gate"": ""adf120"", ""m"": ""LF""}",0.009,0.03,-5.14,5.7,10.5,1.333,2.22,-0.63,4.3,7.1,9.2
ou_L120_z1.5_0.0_hl120_LS,3_mr,"{""L"": 120, ""zin"": 1.5, ""zout"": 0.0, ""gate"": ""hl120"", ""m"": ""LS""}",-0.632,-4.9,-20.58,27.9,52.9,-0.752,-6.18,-15.12,31.8,60.6,48.5
ou_L120_z1.5_0.0_hl120_LF,3_mr,"{""L"": 120, ""zin"": 1.5, ""zout"": 0.0, ""gate"": ""hl120"", ""m"": ""LF""}",-0.484,-2.74,-13.61,15.3,27.6,-0.004,-0.02,-7.34,12.0,22.6,22.3
ou_L120_z1.5_0.0_vr480_LS,3_mr,"{""L"": 120, ""zin"": 1.5, ""zout"": 0.0, ""gate"": ""vr480"", ""m"": ""LS""}",-0.857,-6.02,-20.13,20.9,40.9,-0.582,-3.36,-10.42,22.6,41.7,36.2
ou_L120_z1.5_0.0_vr480_LF,3_mr,"{""L"": 120, ""zin"": 1.5, ""zout"": 0.0, ""gate"": ""vr480"", ""m"": ""LF""}",-0.496,-2.62,-11.15,12.1,21.9,-0.212,-0.85,-7.34,9.4,18.6,17.4
ou_L120_z1.5_0.0_hurst480_LS,3_mr,"{""L"": 120, ""zin"": 1.5, ""zout"": 0.0, ""gate"": ""hurst480"", ""m"": ""LS""}",-0.702,-5.12,-20.87,23.1,44.9,-0.975,-7.02,-12.6,22.4,43.5,38.4
ou_L120_z1.5_0.0_hurst480_LF,3_mr,"{""L"": 120, ""zin"": 1.5, ""zout"": 0.0, ""gate"": ""hurst480"", ""m"": ""LF""}",-0.389,-2.09,-11.27,13.1,23.9,-0.594,-2.33,-7.34,8.1,16.8,17.6
ou_L120_z1.5_0.0_adf480_LS,3_mr,"{""L"": 120, ""zin"": 1.5, ""zout"": 0.0, ""gate"": ""adf480"", ""m"": ""LS""}",-0.632,-4.9,-20.58,27.9,52.9,-0.7,-5.39,-10.92,28.8,53.9,47.4
ou_L120_z1.5_0.0_adf480_LF,3_mr,"{""L"": 120, ""zin"": 1.5, ""zout"": 0.0, ""gate"": ""adf480"", ""m"": ""LF""}",-0.484,-2.74,-13.61,15.3,27.6,-0.289,-1.19,-7.34,9.9,19.6,21.8
ou_L120_z1.5_0.0_hl480_LS,3_mr,"{""L"": 120, ""zin"": 1.5, ""zout"": 0.0, ""gate"": ""hl480"", ""m"": ""LS""}",-0.632,-4.9,-20.58,27.9,52.9,-0.752,-6.18,-15.12,31.8,60.6,48.5
ou_L120_z1.5_0.0_hl480_LF,3_mr,"{""L"": 120, ""zin"": 1.5, ""zout"": 0.0, ""gate"": ""hl480"", ""m"": ""LF""}",-0.484,-2.74,-13.61,15.3,27.6,-0.004,-0.02,-7.34,12.0,22.6,22.3
ou_L120_z1.5_0.5_none_LS,3_mr,"{""L"": 120, ""zin"": 1.5, ""zout"": 0.5, ""gate"": ""none"", ""m"": ""LS""}",-0.371,-2.65,-17.55,26.5,48.2,-1.131,-8.02,-15.64,27.0,49.9,61.1
ou_L120_z1.5_0.5_none_LF,3_mr,"{""L"": 120, ""zin"": 1.5, ""zout"": 0.5, ""gate"": ""none"", ""m"": ""LF""}",-0.504,-2.61,-12.06,13.1,23.7,-0.224,-0.79,-5.54,10.2,17.3,28.5
ou_L120_z2.0_0.0_none_LS,3_mr,"{""L"": 120, ""zin"": 2.0, ""zout"": 0.0, ""gate"": ""none"", ""m"": ""LS""}",-0.811,-5.39,-19.42,20.5,41.2,-0.534,-3.95,-11.96,21.9,42.5,31.4
ou_L120_z2.0_0.0_none_LF,3_mr,"{""L"": 120, ""zin"": 2.0, ""zout"": 0.0, ""gate"": ""none"", ""m"": ""LF""}",-0.143,-0.68,-7.94,12.1,21.7,0.279,1.12,-5.27,7.9,14.0,14.4
ou_L120_z2.0_0.0_vr120_LS,3_mr,"{""L"": 120, ""zin"": 2.0, ""zout"": 0.0, ""gate"": ""vr120"", ""m"": ""LS""}",-0.581,-3.37,-16.46,14.8,29.6,-0.422,-2.17,-6.09,14.5,28.0,21.1
ou_L120_z2.0_0.0_vr120_LF,3_mr,"{""L"": 120, ""zin"": 2.0, ""zout"": 0.0, ""gate"": ""vr120"", ""m"": ""LF""}",-0.162,-0.7,-7.52,9.4,16.5,0.308,0.76,-3.8,3.6,6.1,9.9
ou_L120_z2.0_0.0_hurst120_LS,3_mr,"{""L"": 120, ""zin"": 2.0, ""zout"": 0.0, ""gate"": ""hurst120"", ""m"": ""LS""}",-0.498,-3.12,-16.26,18.8,36.1,-1.116,-7.94,-15.45,17.0,36.1,26.1
ou_L120_z2.0_0.0_hurst120_LF,3_mr,"{""L"": 120, ""zin"": 2.0, ""zout"": 0.0, ""gate"": ""hurst120"", ""m"": ""LF""}",-0.074,-0.34,-7.57,10.7,18.6,-0.351,-1.31,-5.27,5.1,10.2,11.6
ou_L120_z2.0_0.0_adf120_LS,3_mr,"{""L"": 120, ""zin"": 2.0, ""zout"": 0.0, ""gate"": ""adf120"", ""m"": ""LS""}",0.143,0.63,-4.47,7.5,14.5,0.203,0.73,-7.93,8.9,15.8,11.8
ou_L120_z2.0_0.0_adf120_LF,3_mr,"{""L"": 120, ""zin"": 2.0, ""zout"": 0.0, ""gate"": ""adf120"", ""m"": ""LF""}",-0.051,-0.17,-4.44,4.0,7.4,1.42,2.4,-0.63,3.1,4.3,6.1
ou_L120_z2.0_0.0_hl120_LS,3_mr,"{""L"": 120, ""zin"": 2.0, ""zout"": 0.0, ""gate"": ""hl120"", ""m"": ""LS""}",-0.811,-5.39,-19.42,20.5,41.2,-0.534,-3.95,-11.96,21.9,42.5,31.4
ou_L120_z2.0_0.0_hl120_LF,3_mr,"{""L"": 120, ""zin"": 2.0, ""zout"": 0.0, ""gate"": ""hl120"", ""m"": ""LF""}",-0.143,-0.68,-7.94,12.1,21.7,0.279,1.12,-5.27,7.9,14.0,14.4
ou_L120_z2.0_0.0_vr480_LS,3_mr,"{""L"": 120, ""zin"": 2.0, ""zout"": 0.0, ""gate"": ""vr480"", ""m"": ""LS""}",-0.783,-4.67,-16.98,15.9,32.3,-0.318,-1.61,-7.7,15.5,29.0,22.7
ou_L120_z2.0_0.0_vr480_LF,3_mr,"{""L"": 120, ""zin"": 2.0, ""zout"": 0.0, ""gate"": ""vr480"", ""m"": ""LF""}",-0.165,-0.71,-8.65,9.4,16.7,-0.257,-0.92,-5.27,5.6,10.7,10.8
ou_L120_z2.0_0.0_hurst480_LS,3_mr,"{""L"": 120, ""zin"": 2.0, ""zout"": 0.0, ""gate"": ""hurst480"", ""m"": ""LS""}",-0.654,-4.16,-17.26,18.0,36.2,-0.551,-3.64,-8.0,14.0,27.7,24.5
ou_L120_z2.0_0.0_hurst480_LF,3_mr,"{""L"": 120, ""zin"": 2.0, ""zout"": 0.0, ""gate"": ""hurst480"", ""m"": ""LF""}",-0.132,-0.6,-8.47,10.1,18.4,-0.726,-2.54,-5.27,4.1,8.7,11.2
ou_L120_z2.0_0.0_adf480_LS,3_mr,"{""L"": 120, ""zin"": 2.0, ""zout"": 0.0, ""gate"": ""adf480"", ""m"": ""LS""}",-0.811,-5.39,-19.42,20.5,41.2,-0.492,-3.47,-8.57,18.6,36.1,30.3
ou_L120_z2.0_0.0_adf480_LF,3_mr,"{""L"": 120, ""zin"": 2.0, ""zout"": 0.0, ""gate"": ""adf480"", ""m"": ""LF""}",-0.143,-0.68,-7.94,12.1,21.7,-0.172,-0.65,-5.27,5.6,10.9,14.0
ou_L120_z2.0_0.0_hl480_LS,3_mr,"{""L"": 120, ""zin"": 2.0, ""zout"": 0.0, ""gate"": ""hl480"", ""m"": ""LS""}",-0.811,-5.39,-19.42,20.5,41.2,-0.534,-3.95,-11.96,21.9,42.5,31.4
ou_L120_z2.0_0.0_hl480_LF,3_mr,"{""L"": 120, ""zin"": 2.0, ""zout"": 0.0, ""gate"": ""hl480"", ""m"": ""LF""}",-0.143,-0.68,-7.94,12.1,21.7,0.279,1.12,-5.27,7.9,14.0,14.4
ou_L120_z2.0_0.5_none_LS,3_mr,"{""L"": 120, ""zin"": 2.0, ""zout"": 0.5, ""gate"": ""none"", ""m"": ""LS""}",-0.581,-3.57,-15.09,18.5,35.5,-0.793,-5.07,-11.61,17.6,34.9,35.7
ou_L120_z2.0_0.5_none_LF,3_mr,"{""L"": 120, ""zin"": 2.0, ""zout"": 0.5, ""gate"": ""none"", ""m"": ""LF""}",-0.143,-0.61,-8.39,10.6,18.5,0.059,0.19,-5.27,6.4,11.2,16.9
ou_L120_z2.5_0.0_none_LS,3_mr,"{""L"": 120, ""zin"": 2.5, ""zout"": 0.0, ""gate"": ""none"", ""m"": ""LS""}",-0.868,-5.28,-19.42,15.8,32.0,-1.138,-7.25,-13.23,11.7,26.5,18.3
ou_L120_z2.5_0.0_none_LF,3_mr,"{""L"": 120, ""zin"": 2.5, ""zout"": 0.0, ""gate"": ""none"", ""m"": ""LF""}",-0.063,-0.27,-7.15,9.6,16.8,-0.312,-1.0,-4.52,3.8,8.4,8.3
ou_L120_z2.5_0.0_vr120_LS,3_mr,"{""L"": 120, ""zin"": 2.5, ""zout"": 0.0, ""gate"": ""vr120"", ""m"": ""LS""}",-0.612,-3.36,-14.15,12.0,24.7,-1.064,-4.47,-8.13,9.7,19.8,13.5
ou_L120_z2.5_0.0_vr120_LF,3_mr,"{""L"": 120, ""zin"": 2.5, ""zout"": 0.0, ""gate"": ""vr120"", ""m"": ""LF""}",-0.23,-0.94,-7.15,7.5,13.6,-0.015,-0.03,-3.8,2.3,4.1,5.9
ou_L120_z2.5_0.0_hurst120_LS,3_mr,"{""L"": 120, ""zin"": 2.5, ""zout"": 0.0, ""gate"": ""hurst120"", ""m"": ""LS""}",-0.688,-3.94,-15.33,14.2,28.1,-1.462,-9.16,-15.17,9.7,23.9,16.3
ou_L120_z2.5_0.0_hurst120_LF,3_mr,"{""L"": 120, ""zin"": 2.5, ""zout"": 0.0, ""gate"": ""hurst120"", ""m"": ""LF""}",-0.173,-0.72,-7.15,8.3,14.5,-0.693,-2.14,-4.52,2.5,6.6,7.2
ou_L120_z2.5_0.0_adf120_LS,3_mr,"{""L"": 120, ""zin"": 2.5, ""zout"": 0.0, ""gate"": ""adf120"", ""m"": ""LS""}",-0.242,-0.95,-5.67,4.3,8.3,-1.2,-3.17,-7.35,3.6,7.6,5.9
ou_L120_z2.5_0.0_adf120_LF,3_mr,"{""L"": 120, ""zin"": 2.5, ""zout"": 0.0, ""gate"": ""adf120"", ""m"": ""LF""}",-0.38,-1.14,-4.71,2.3,4.0,0.808,0.31,-0.18,0.8,1.0,2.9
ou_L120_z2.5_0.0_hl120_LS,3_mr,"{""L"": 120, ""zin"": 2.5, ""zout"": 0.0, ""gate"": ""hl120"", ""m"": ""LS""}",-0.868,-5.28,-19.42,15.8,32.0,-1.138,-7.25,-13.23,11.7,26.5,18.2
ou_L120_z2.5_0.0_hl120_LF,3_mr,"{""L"": 120, ""zin"": 2.5, ""zout"": 0.0, ""gate"": ""hl120"", ""m"": ""LF""}",-0.063,-0.27,-7.15,9.6,16.8,-0.312,-1.0,-4.52,3.8,8.4,8.3
ou_L120_z2.5_0.0_vr480_LS,3_mr,"{""L"": 120, ""zin"": 2.5, ""zout"": 0.0, ""gate"": ""vr480"", ""m"": ""LS""}",-0.997,-5.51,-18.67,12.5,25.9,-0.58,-2.2,-4.64,7.6,15.0,13.9
ou_L120_z2.5_0.0_vr480_LF,3_mr,"{""L"": 120, ""zin"": 2.5, ""zout"": 0.0, ""gate"": ""vr480"", ""m"": ""LF""}",-0.296,-1.17,-8.03,7.4,13.3,-0.78,-2.4,-4.57,2.5,6.6,6.6
ou_L120_z2.5_0.0_hurst480_LS,3_mr,"{""L"": 120, ""zin"": 2.5, ""zout"": 0.0, ""gate"": ""hurst480"", ""m"": ""LS""}",-0.88,-4.99,-18.48,13.0,26.9,-0.789,-4.67,-8.37,8.1,18.8,14.9
ou_L120_z2.5_0.0_hurst480_LF,3_mr,"{""L"": 120, ""zin"": 2.5, ""zout"": 0.0, ""gate"": ""hurst480"", ""m"": ""LF""}",-0.378,-1.55,-7.61,7.4,13.6,-0.464,-1.41,-3.84,2.5,6.4,6.9
ou_L120_z2.5_0.0_adf480_LS,3_mr,"{""L"": 120, ""zin"": 2.5, ""zout"": 0.0, ""gate"": ""adf480"", ""m"": ""LS""}",-0.868,-5.28,-19.42,15.8,32.0,-0.942,-5.82,-11.06,9.7,21.9,17.9
ou_L120_z2.5_0.0_adf480_LF,3_mr,"{""L"": 120, ""zin"": 2.5, ""zout"": 0.0, ""gate"": ""adf480"", ""m"": ""LF""}",-0.063,-0.27,-7.15,9.6,16.8,-0.475,-1.51,-4.52,3.1,7.4,8.2
ou_L120_z2.5_0.0_hl480_LS,3_mr,"{""L"": 120, ""zin"": 2.5, ""zout"": 0.0, ""gate"": ""hl480"", ""m"": ""LS""}",-0.868,-5.28,-19.42,15.8,32.0,-1.138,-7.25,-13.23,11.7,26.5,18.3
ou_L120_z2.5_0.0_hl480_LF,3_mr,"{""L"": 120, ""zin"": 2.5, ""zout"": 0.0, ""gate"": ""hl480"", ""m"": ""LF""}",-0.063,-0.27,-7.15,9.6,16.8,-0.312,-1.0,-4.52,3.8,8.4,8.3
ou_L120_z2.5_0.5_none_LS,3_mr,"{""L"": 120, ""zin"": 2.5, ""zout"": 0.5, ""gate"": ""none"", ""m"": ""LS""}",-0.747,-4.2,-15.97,13.3,26.7,-1.412,-7.75,-13.98,9.7,22.4,19.8
ou_L120_z2.5_0.5_none_LF,3_mr,"{""L"": 120, ""zin"": 2.5, ""zout"": 0.5, ""gate"": ""none"", ""m"": ""LF""}",-0.225,-0.87,-7.11,7.8,14.0,-0.327,-0.8,-4.52,3.3,7.1,9.2
ou_L240_z1.5_0.0_none_LS,3_mr,"{""L"": 240, ""zin"": 1.5, ""zout"": 0.0, ""gate"": ""none"", ""m"": ""LS""}",-0.59,-4.29,-17.23,27.8,54.5,-0.875,-7.47,-18.87,27.5,55.2,25.5
ou_L240_z1.5_0.0_none_LF,3_mr,"{""L"": 240, ""zin"": 1.5, ""zout"": 0.0, ""gate"": ""none"", ""m"": ""LF""}",0.037,0.19,-7.06,15.1,27.8,0.566,2.29,-5.27,9.7,16.0,11.2
ou_L240_z1.5_0.0_vr120_LS,3_mr,"{""L"": 240, ""zin"": 1.5, ""zout"": 0.0, ""gate"": ""vr120"", ""m"": ""LS""}",-0.7,-4.66,-18.62,21.4,42.1,-0.899,-6.23,-16.77,19.1,41.2,18.7
ou_L240_z1.5_0.0_vr120_LF,3_mr,"{""L"": 240, ""zin"": 1.5, ""zout"": 0.0, ""gate"": ""vr120"", ""m"": ""LF""}",-0.294,-1.37,-9.8,12.4,22.6,0.779,2.24,-3.8,4.8,7.9,8.3
ou_L240_z1.5_0.0_hurst120_LS,3_mr,"{""L"": 240, ""zin"": 1.5, ""zout"": 0.0, ""gate"": ""hurst120"", ""m"": ""LS""}",-0.357,-2.52,-12.18,26.9,50.6,-1.11,-9.36,-21.85,24.9,51.7,23.9
ou_L240_z1.5_0.0_hurst120_LF,3_mr,"{""L"": 240, ""zin"": 1.5, ""zout"": 0.0, ""gate"": ""hurst120"", ""m"": ""LF""}",0.174,0.83,-6.57,14.4,25.3,0.026,0.1,-5.27,7.6,13.2,10.4
ou_L240_z1.5_0.0_adf120_LS,3_mr,"{""L"": 240, ""zin"": 1.5, ""zout"": 0.0, ""gate"": ""adf120"", ""m"": ""LS""}",0.378,1.88,-7.3,13.0,24.2,-0.512,-2.85,-14.44,17.0,32.6,12.6
ou_L240_z1.5_0.0_adf120_LF,3_mr,"{""L"": 240, ""zin"": 1.5, ""zout"": 0.0, ""gate"": ""adf120"", ""m"": ""LF""}",0.406,1.44,-4.44,6.8,12.0,1.843,3.13,-0.78,4.8,6.4,6.1
ou_L240_z1.5_0.0_hl120_LS,3_mr,"{""L"": 240, ""zin"": 1.5, ""zout"": 0.0, ""gate"": ""hl120"", ""m"": ""LS""}",-0.59,-4.29,-17.23,27.8,54.5,-0.875,-7.47,-18.87,27.5,55.2,25.5
ou_L240_z1.5_0.0_hl120_LF,3_mr,"{""L"": 240, ""zin"": 1.5, ""zout"": 0.0, ""gate"": ""hl120"", ""m"": ""LF""}",0.037,0.19,-7.06,15.1,27.8,0.566,2.29,-5.27,9.7,16.0,11.2
ou_L240_z1.5_0.0_vr480_LS,3_mr,"{""L"": 240, ""zin"": 1.5, ""zout"": 0.0, ""gate"": ""vr480"", ""m"": ""LS""}",-0.701,-4.65,-16.76,22.1,43.6,-0.524,-3.0,-9.0,17.0,33.1,18.8
ou_L240_z1.5_0.0_vr480_LF,3_mr,"{""L"": 240, ""zin"": 1.5, ""zout"": 0.0, ""gate"": ""vr480"", ""m"": ""LF""}",0.085,0.39,-7.08,11.9,21.3,-0.074,-0.27,-5.27,6.4,11.5,8.7
ou_L240_z1.5_0.0_hurst480_LS,3_mr,"{""L"": 240, ""zin"": 1.5, ""zout"": 0.0, ""gate"": ""hurst480"", ""m"": ""LS""}",-0.646,-4.45,-17.7,24.6,48.3,-1.575,-10.27,-20.4,19.6,41.2,20.2
ou_L240_z1.5_0.0_hurst480_LF,3_mr,"{""L"": 240, ""zin"": 1.5, ""zout"": 0.0, ""gate"": ""hurst480"", ""m"": ""LF""}",-0.042,-0.2,-8.63,13.3,24.4,-0.38,-1.4,-5.27,6.1,11.5,8.8
ou_L240_z1.5_0.0_adf480_LS,3_mr,"{""L"": 240, ""zin"": 1.5, ""zout"": 0.0, ""gate"": ""adf480"", ""m"": ""LS""}",-0.531,-3.69,-15.41,27.7,54.3,-0.835,-6.74,-17.35,25.4,50.9,24.8
ou_L240_z1.5_0.0_adf480_LF,3_mr,"{""L"": 240, ""zin"": 1.5, ""zout"": 0.0, ""gate"": ""adf480"", ""m"": ""LF""}",0.176,0.79,-5.24,14.9,27.7,0.184,0.72,-5.27,8.1,14.5,10.9
ou_L240_z1.5_0.0_hl480_LS,3_mr,"{""L"": 240, ""zin"": 1.5, ""zout"": 0.0, ""gate"": ""hl480"", ""m"": ""LS""}",-0.59,-4.29,-17.23,27.8,54.5,-0.875,-7.47,-18.87,27.5,55.2,25.5
ou_L240_z1.5_0.0_hl480_LF,3_mr,"{""L"": 240, ""zin"": 1.5, ""zout"": 0.0, ""gate"": ""hl480"", ""m"": ""LF""}",0.037,0.19,-7.06,15.1,27.8,0.566,2.29,-5.27,9.7,16.0,11.2
ou_L240_z1.5_0.5_none_LS,3_mr,"{""L"": 240, ""zin"": 1.5, ""zout"": 0.5, ""gate"": ""none"", ""m"": ""LS""}",-0.345,-2.28,-13.44,23.2,45.2,-0.935,-7.15,-14.7,22.1,45.3,33.2
ou_L240_z1.5_0.5_none_LF,3_mr,"{""L"": 240, ""zin"": 1.5, ""zout"": 0.5, ""gate"": ""none"", ""m"": ""LF""}",0.272,1.22,-7.05,12.5,22.7,-0.099,-0.38,-6.03,6.6,12.7,14.3
ou_L240_z2.0_0.0_none_LS,3_mr,"{""L"": 240, ""zin"": 2.0, ""zout"": 0.0, ""gate"": ""none"", ""m"": ""LS""}",-0.607,-3.87,-16.48,20.0,38.8,-1.21,-8.58,-16.01,17.3,38.2,15.5
ou_L240_z2.0_0.0_none_LF,3_mr,"{""L"": 240, ""zin"": 2.0, ""zout"": 0.0, ""gate"": ""none"", ""m"": ""LF""}",-0.081,-0.36,-8.99,11.1,19.4,-0.561,-1.76,-4.52,2.5,6.1,6.8
ou_L240_z2.0_0.0_vr120_LS,3_mr,"{""L"": 240, ""zin"": 2.0, ""zout"": 0.0, ""gate"": ""vr120"", ""m"": ""LS""}",-0.653,-3.89,-15.8,15.9,32.0,-0.895,-5.29,-12.9,13.0,28.8,12.0
ou_L240_z2.0_0.0_vr120_LF,3_mr,"{""L"": 240, ""zin"": 2.0, ""zout"": 0.0, ""gate"": ""vr120"", ""m"": ""LF""}",-0.144,-0.61,-9.02,9.4,17.0,0.232,0.6,-3.8,1.5,3.1,5.6
ou_L240_z2.0_0.0_hurst120_LS,3_mr,"{""L"": 240, ""zin"": 2.0, ""zout"": 0.0, ""gate"": ""hurst120"", ""m"": ""LS""}",-0.677,-4.02,-16.18,16.7,32.8,-1.398,-8.95,-16.57,16.5,36.9,13.8
ou_L240_z2.0_0.0_hurst120_LF,3_mr,"{""L"": 240, ""zin"": 2.0, ""zout"": 0.0, ""gate"": ""hurst120"", ""m"": ""LF""}",-0.252,-1.04,-9.95,9.2,16.5,-0.561,-1.76,-4.52,2.5,6.1,6.4
ou_L240_z2.0_0.0_adf120_LS,3_mr,"{""L"": 240, ""zin"": 2.0, ""zout"": 0.0, ""gate"": ""adf120"", ""m"": ""LS""}",0.137,0.56,-4.43,7.1,13.5,-0.838,-3.72,-11.26,9.2,19.6,7.3
ou_L240_z2.0_0.0_adf120_LF,3_mr,"{""L"": 240, ""zin"": 2.0, ""zout"": 0.0, ""gate"": ""adf120"", ""m"": ""LF""}",0.035,0.11,-4.43,3.2,6.1,1.162,0.61,-0.18,1.0,1.3,3.8
ou_L240_z2.0_0.0_hl120_LS,3_mr,"{""L"": 240, ""zin"": 2.0, ""zout"": 0.0, ""gate"": ""hl120"", ""m"": ""LS""}",-0.607,-3.87,-16.48,20.0,38.8,-1.21,-8.58,-16.01,17.3,38.2,15.4
ou_L240_z2.0_0.0_hl120_LF,3_mr,"{""L"": 240, ""zin"": 2.0, ""zout"": 0.0, ""gate"": ""hl120"", ""m"": ""LF""}",-0.081,-0.36,-8.99,11.1,19.4,-0.561,-1.76,-4.52,2.5,6.1,6.8
ou_L240_z2.0_0.0_vr480_LS,3_mr,"{""L"": 240, ""zin"": 2.0, ""zout"": 0.0, ""gate"": ""vr480"", ""m"": ""LS""}",-0.482,-2.85,-12.19,16.1,31.0,-0.633,-3.12,-7.73,11.5,22.9,11.9
ou_L240_z2.0_0.0_vr480_LF,3_mr,"{""L"": 240, ""zin"": 2.0, ""zout"": 0.0, ""gate"": ""vr480"", ""m"": ""LF""}",-0.008,-0.03,-6.9,7.4,12.8,-0.635,-2.0,-4.62,2.5,6.1,5.6
ou_L240_z2.0_0.0_hurst480_LS,3_mr,"{""L"": 240, ""zin"": 2.0, ""zout"": 0.0, ""gate"": ""hurst480"", ""m"": ""LS""}",-0.657,-4.07,-15.45,17.6,34.4,-1.621,-9.48,-17.37,13.0,30.5,12.4
ou_L240_z2.0_0.0_hurst480_LF,3_mr,"{""L"": 240, ""zin"": 2.0, ""zout"": 0.0, ""gate"": ""hurst480"", ""m"": ""LF""}",-0.211,-0.88,-8.77,8.5,15.3,-0.338,-1.04,-3.84,2.5,5.9,5.8
ou_L240_z2.0_0.0_adf480_LS,3_mr,"{""L"": 240, ""zin"": 2.0, ""zout"": 0.0, ""gate"": ""adf480"", ""m"": ""LS""}",-0.584,-3.46,-14.16,18.8,36.5,-1.121,-7.65,-15.39,15.0,33.1,14.6
ou_L240_z2.0_0.0_adf480_LF,3_mr,"{""L"": 240, ""zin"": 2.0, ""zout"": 0.0, ""gate"": ""adf480"", ""m"": ""LF""}",0.014,0.05,-6.67,9.7,17.0,-0.561,-1.76,-4.52,2.5,6.1,6.4
ou_L240_z2.0_0.0_hl480_LS,3_mr,"{""L"": 240, ""zin"": 2.0, ""zout"": 0.0, ""gate"": ""hl480"", ""m"": ""LS""}",-0.607,-3.87,-16.48,20.0,38.8,-1.21,-8.58,-16.01,17.3,38.2,15.5
ou_L240_z2.0_0.0_hl480_LF,3_mr,"{""L"": 240, ""zin"": 2.0, ""zout"": 0.0, ""gate"": ""hl480"", ""m"": ""LF""}",-0.081,-0.36,-8.99,11.1,19.4,-0.561,-1.76,-4.52,2.5,6.1,6.8
ou_L240_z2.0_0.5_none_LS,3_mr,"{""L"": 240, ""zin"": 2.0, ""zout"": 0.5, ""gate"": ""none"", ""m"": ""LS""}",-0.501,-2.87,-10.68,15.4,29.8,-1.138,-7.17,-12.74,12.5,29.0,17.9
ou_L240_z2.0_0.5_none_LF,3_mr,"{""L"": 240, ""zin"": 2.0, ""zout"": 0.5, ""gate"": ""none"", ""m"": ""LF""}",0.089,0.34,-6.92,8.4,14.3,-0.818,-2.53,-5.01,1.8,5.6,7.7
ou_L240_z2.5_0.0_none_LS,3_mr,"{""L"": 240, ""zin"": 2.5, ""zout"": 0.0, ""gate"": ""none"", ""m"": ""LS""}",-0.388,-1.89,-7.85,14.9,28.1,-1.421,-8.94,-15.14,10.4,27.5,9.9
ou_L240_z2.5_0.0_none_LF,3_mr,"{""L"": 240, ""zin"": 2.5, ""zout"": 0.0, ""gate"": ""none"", ""m"": ""LF""}",0.546,1.62,-3.96,8.2,13.6,-0.709,-2.17,-4.91,1.5,4.8,4.4
ou_L240_z2.5_0.0_vr120_LS,3_mr,"{""L"": 240, ""zin"": 2.5, ""zout"": 0.0, ""gate"": ""vr120"", ""m"": ""LS""}",-0.517,-2.25,-8.97,9.3,19.1,-1.737,-8.77,-14.94,9.2,23.4,7.0
ou_L240_z2.5_0.0_vr120_LF,3_mr,"{""L"": 240, ""zin"": 2.5, ""zout"": 0.0, ""gate"": ""vr120"", ""m"": ""LF""}",0.453,1.15,-2.8,4.6,7.9,-0.302,-0.65,-3.8,1.0,2.3,3.1
ou_L240_z2.5_0.0_hurst120_LS,3_mr,"{""L"": 240, ""zin"": 2.5, ""zout"": 0.0, ""gate"": ""hurst120"", ""m"": ""LS""}",-0.401,-1.71,-7.82,9.4,18.9,-1.976,-11.11,-18.43,10.2,27.0,8.5
ou_L240_z2.5_0.0_hurst120_LF,3_mr,"{""L"": 240, ""zin"": 2.5, ""zout"": 0.0, ""gate"": ""hurst120"", ""m"": ""LF""}",0.659,1.57,-2.74,4.1,6.6,-0.709,-2.17,-4.91,1.5,4.8,3.8
ou_L240_z2.5_0.0_adf120_LS,3_mr,"{""L"": 240, ""zin"": 2.5, ""zout"": 0.0, ""gate"": ""adf120"", ""m"": ""LS""}",0.02,0.06,-3.95,5.1,9.6,-1.619,-6.63,-11.4,5.1,14.5,4.4
ou_L240_z2.5_0.0_adf120_LF,3_mr,"{""L"": 240, ""zin"": 2.5, ""zout"": 0.0, ""gate"": ""adf120"", ""m"": ""LF""}",0.102,0.17,-2.74,2.3,4.1,0.0,0.0,0.0,0.0,0.0,2.4
ou_L240_z2.5_0.0_hl120_LS,3_mr,"{""L"": 240, ""zin"": 2.5, ""zout"": 0.0, ""gate"": ""hl120"", ""m"": ""LS""}",-0.567,-2.72,-10.33,14.4,27.4,-1.421,-8.94,-15.14,10.4,27.5,9.6
ou_L240_z2.5_0.0_hl120_LF,3_mr,"{""L"": 240, ""zin"": 2.5, ""zout"": 0.0, ""gate"": ""hl120"", ""m"": ""LF""}",0.282,0.8,-3.96,7.7,13.0,-0.709,-2.17,-4.91,1.5,4.8,4.3
ou_L240_z2.5_0.0_vr480_LS,3_mr,"{""L"": 240, ""zin"": 2.5, ""zout"": 0.0, ""gate"": ""vr480"", ""m"": ""LS""}",-0.28,-1.16,-7.82,9.7,18.6,-0.453,-1.74,-4.23,5.1,11.5,6.7
ou_L240_z2.5_0.0_vr480_LF,3_mr,"{""L"": 240, ""zin"": 2.5, ""zout"": 0.0, ""gate"": ""vr480"", ""m"": ""LF""}",0.394,1.01,-2.8,4.5,7.7,-0.731,-2.22,-4.96,1.5,4.8,3.2
ou_L240_z2.5_0.0_hurst480_LS,3_mr,"{""L"": 240, ""zin"": 2.5, ""zout"": 0.0, ""gate"": ""hurst480"", ""m"": ""LS""}",-0.606,-2.69,-10.31,12.1,23.5,-1.876,-9.95,-16.67,7.6,21.4,7.8
ou_L240_z2.5_0.0_hurst480_LF,3_mr,"{""L"": 240, ""zin"": 2.5, ""zout"": 0.0, ""gate"": ""hurst480"", ""m"": ""LF""}",0.242,0.6,-2.8,5.4,9.2,-0.542,-1.65,-4.12,1.5,4.6,3.4
ou_L240_z2.5_0.0_adf480_LS,3_mr,"{""L"": 240, ""zin"": 2.5, ""zout"": 0.0, ""gate"": ""adf480"", ""m"": ""LS""}",-0.586,-2.67,-10.25,13.6,25.8,-1.177,-7.17,-13.64,8.7,22.9,9.1
ou_L240_z2.5_0.0_adf480_LF,3_mr,"{""L"": 240, ""zin"": 2.5, ""zout"": 0.0, ""gate"": ""adf480"", ""m"": ""LF""}",0.23,0.62,-3.96,6.9,11.5,-0.709,-2.17,-4.91,1.5,4.8,4.2
ou_L240_z2.5_0.0_hl480_LS,3_mr,"{""L"": 240, ""zin"": 2.5, ""zout"": 0.0, ""gate"": ""hl480"", ""m"": ""LS""}",-0.388,-1.89,-7.85,14.9,28.1,-1.421,-8.94,-15.14,10.4,27.5,9.9
ou_L240_z2.5_0.0_hl480_LF,3_mr,"{""L"": 240, ""zin"": 2.5, ""zout"": 0.0, ""gate"": ""hl480"", ""m"": ""LF""}",0.546,1.62,-3.96,8.2,13.6,-0.709,-2.17,-4.91,1.5,4.8,4.4
ou_L240_z2.5_0.5_none_LS,3_mr,"{""L"": 240, ""zin"": 2.5, ""zout"": 0.5, ""gate"": ""none"", ""m"": ""LS""}",-0.52,-2.31,-8.42,11.0,21.3,-1.103,-6.19,-10.54,7.9,21.9,10.4
ou_L240_z2.5_0.5_none_LF,3_mr,"{""L"": 240, ""zin"": 2.5, ""zout"": 0.5, ""gate"": ""none"", ""m"": ""LF""}",0.434,1.17,-3.13,6.0,9.8,-0.873,-2.64,-5.18,1.0,4.6,4.3
twap_z0.5_0.0_LS,3_mr,"{""zin"": 0.5, ""zout"": 0.0, ""m"": ""LS""}",-1.379,-9.7,-32.96,43.8,84.6,-1.219,-8.44,-17.03,48.6,88.0,434.5
twap_z0.5_0.0_LF,3_mr,"{""zin"": 0.5, ""zout"": 0.0, ""m"": ""LF""}",-1.253,-6.82,-24.14,27.0,50.1,-0.892,-4.28,-8.26,26.0,47.8,212.3
twap_z0.5_0.5_LS,3_mr,"{""zin"": 0.5, ""zout"": 0.5, ""m"": ""LS""}",-1.536,-8.93,-28.27,45.0,84.2,-2.377,-13.81,-23.69,44.5,87.5,613.2
twap_z0.5_0.5_LF,3_mr,"{""zin"": 0.5, ""zout"": 0.5, ""m"": ""LF""}",-1.517,-6.99,-23.3,27.0,50.4,-1.752,-6.98,-11.84,26.2,47.8,298.1
twap_z1.0_0.0_LS,3_mr,"{""zin"": 1.0, ""zout"": 0.0, ""m"": ""LS""}",-0.812,-3.79,-15.25,16.3,34.7,-0.679,-3.17,-6.78,18.6,35.6,136.1
twap_z1.0_0.0_LF,3_mr,"{""zin"": 1.0, ""zout"": 0.0, ""m"": ""LF""}",-0.813,-3.02,-11.32,9.6,20.2,-0.835,-2.85,-4.69,7.9,16.0,68.8
twap_z1.0_0.5_LS,3_mr,"{""zin"": 1.0, ""zout"": 0.5, ""m"": ""LS""}",-0.936,-3.85,-13.9,17.5,34.1,-1.335,-5.7,-10.34,19.1,35.1,140.9
twap_z1.0_0.5_LF,3_mr,"{""zin"": 1.0, ""zout"": 0.5, ""m"": ""LF""}",-0.854,-2.88,-10.01,10.5,19.8,-1.368,-4.26,-6.88,7.6,16.0,71.4
twap_z1.5_0.0_LS,3_mr,"{""zin"": 1.5, ""zout"": 0.0, ""m"": ""LS""}",-1.077,-2.85,-10.53,4.3,12.1,-1.437,-5.14,-8.1,4.1,10.9,44.2
twap_z1.5_0.0_LF,3_mr,"{""zin"": 1.5, ""zout"": 0.0, ""m"": ""LF""}",-0.961,-2.15,-7.55,2.9,7.1,-1.307,-3.42,-5.24,2.3,5.1,23.0
twap_z1.5_0.5_LS,3_mr,"{""zin"": 1.5, ""zout"": 0.5, ""m"": ""LS""}",-1.111,-2.8,-9.79,4.3,12.1,-1.734,-5.82,-9.06,4.1,10.9,44.5
twap_z1.5_0.5_LF,3_mr,"{""zin"": 1.5, ""zout"": 0.5, ""m"": ""LF""}",-0.904,-2.05,-6.62,2.9,7.1,-1.452,-3.79,-5.8,2.0,5.1,23.0
twap_z2.0_0.0_LS,3_mr,"{""zin"": 2.0, ""zout"": 0.0, ""m"": ""LS""}",-0.079,-0.15,-3.04,2.2,5.0,-0.663,-1.29,-2.03,2.0,4.3,14.2
twap_z2.0_0.0_LF,3_mr,"{""zin"": 2.0, ""zout"": 0.0, ""m"": ""LF""}",-0.169,-0.3,-2.85,1.5,3.4,-0.606,-1.04,-1.97,1.5,3.1,8.2
twap_z2.0_0.5_LS,3_mr,"{""zin"": 2.0, ""zout"": 0.5, ""m"": ""LS""}",-0.259,-0.47,-3.04,2.2,5.0,-0.88,-1.66,-2.57,2.0,4.3,14.2
twap_z2.0_0.5_LF,3_mr,"{""zin"": 2.0, ""zout"": 0.5, ""m"": ""LF""}",-0.304,-0.49,-2.85,1.5,3.4,-0.756,-1.28,-2.22,1.5,3.1,8.2
garchsize_bh_LS,4_garch,"{""sig"": ""bh"", ""m"": ""LS""}",0.218,2.16,-13.94,52.3,100.0,1.482,13.81,-5.56,55.2,100.0,1.2
garchfilt_lowvol_bh_LS,4_garch,"{""sig"": ""bh"", ""m"": ""LS"", ""filt"": ""lowvol""}",-0.419,-2.98,-16.03,24.4,58.0,1.587,11.83,-4.71,26.5,54.5,27.5
garchfilt_scaled_bh_LS,4_garch,"{""sig"": ""bh"", ""m"": ""LS"", ""filt"": ""scaled""}",0.193,1.95,-15.52,52.3,100.0,1.477,15.69,-8.84,55.0,100.0,2.9
garchsize_ewmac128_LS,4_garch,"{""sig"": ""ewmac128"", ""m"": ""LS""}",-0.036,-0.42,-27.92,48.6,100.0,0.12,1.4,-9.96,47.8,100.0,21.2
garchfilt_lowvol_ewmac128_LS,4_garch,"{""sig"": ""ewmac128"", ""m"": ""LS"", ""filt"": ""lowvol""}",0.36,2.41,-15.29,24.7,57.5,0.361,3.77,-13.85,22.1,54.2,37.9
garchfilt_scaled_ewmac128_LS,4_garch,"{""sig"": ""ewmac128"", ""m"": ""LS"", ""filt"": ""scaled""}",0.125,1.41,-27.67,48.5,100.0,0.377,5.27,-10.83,46.6,100.0,25.8
garchsize_ewmac128_LF,4_garch,"{""sig"": ""ewmac128"", ""m"": ""LF""}",0.391,3.7,-16.97,24.6,49.4,0.78,8.53,-8.01,36.1,69.2,11.5
garchfilt_lowvol_ewmac128_LF,4_garch,"{""sig"": ""ewmac128"", ""m"": ""LF"", ""filt"": ""lowvol""}",0.252,1.31,-12.57,11.7,28.8,1.099,10.51,-5.13,17.3,36.9,21.4
garchfilt_scaled_ewmac128_LF,4_garch,"{""sig"": ""ewmac128"", ""m"": ""LF"", ""filt"": ""scaled""}",0.519,4.82,-17.63,24.6,49.5,1.028,13.16,-7.78,35.9,69.5,13.9
garchsize_tsmomra10d_LS,4_garch,"{""sig"": ""tsmomra10d"", ""m"": ""LS""}",-0.026,-0.29,-22.18,41.8,100.0,-0.022,-0.26,-12.61,41.0,100.0,171.0
garchfilt_lowvol_tsmomra10d_LS,4_garch,"{""sig"": ""tsmomra10d"", ""m"": ""LS"", ""filt"": ""lowvol""}",0.379,2.61,-7.3,21.0,57.9,0.28,2.68,-9.94,20.1,54.5,143.8
garchfilt_scaled_tsmomra10d_LS,4_garch,"{""sig"": ""tsmomra10d"", ""m"": ""LS"", ""filt"": ""scaled""}",0.159,1.77,-19.76,41.7,100.0,0.267,3.75,-13.34,41.2,100.0,200.4
garchsize_tsmomra10d_LF,4_garch,"{""sig"": ""tsmomra10d"", ""m"": ""LF""}",0.413,3.41,-11.83,25.0,60.3,0.971,10.2,-8.5,29.3,67.2,90.5
garchfilt_lowvol_tsmomra10d_LF,4_garch,"{""sig"": ""tsmomra10d"", ""m"": ""LF"", ""filt"": ""lowvol""}",0.052,0.25,-5.49,13.0,37.1,1.071,9.18,-5.07,13.5,36.1,79.4
garchfilt_scaled_tsmomra10d_LF,4_garch,"{""sig"": ""tsmomra10d"", ""m"": ""LF"", ""filt"": ""scaled""}",0.548,4.59,-12.13,24.9,60.1,1.142,14.09,-8.87,29.5,67.9,108.1
garchsize_ewmacmid_LS,4_garch,"{""sig"": ""ewmacmid"", ""m"": ""LS""}",-0.073,-0.88,-29.38,47.1,100.0,0.39,4.79,-10.99,44.8,100.0,36.5
garchfilt_lowvol_ewmacmid_LS,4_garch,"{""sig"": ""ewmacmid"", ""m"": ""LS"", ""filt"": ""lowvol""}",0.312,2.22,-11.23,24.5,57.7,1.031,10.43,-7.59,22.9,54.5,50.9
garchfilt_scaled_ewmacmid_LS,4_garch,"{""sig"": ""ewmacmid"", ""m"": ""LS"", ""filt"": ""scaled""}",0.111,1.33,-28.33,46.8,100.0,0.823,11.83,-11.4,45.5,100.0,42.9
garchsize_ewmacmid_LF,4_garch,"{""sig"": ""ewmacmid"", ""m"": ""LF""}",0.299,2.9,-21.09,25.0,51.4,0.777,9.02,-8.45,34.6,70.2,20.4
garchfilt_lowvol_ewmacmid_LF,4_garch,"{""sig"": ""ewmacmid"", ""m"": ""LF"", ""filt"": ""lowvol""}",0.124,0.65,-11.79,12.8,30.2,1.371,12.88,-4.02,16.3,37.9,28.8
garchfilt_scaled_ewmacmid_LF,4_garch,"{""sig"": ""ewmacmid"", ""m"": ""LF"", ""filt"": ""scaled""}",0.459,4.4,-20.73,25.0,51.1,1.104,14.69,-8.95,34.9,70.2,23.9
hmm2_rv_ersign_LS,4_hmm,"{""K"": 2, ""feats"": [""r"", ""lrv""], ""rule"": ""ersign""}",0.237,2.46,-15.89,52.4,100.0,1.498,16.09,-8.31,55.2,100.0,2.2
hmm2_rv_ersign_LF,4_hmm,"{""K"": 2, ""feats"": [""r"", ""lrv""], ""rule"": ""ersign_LF""}",0.237,2.46,-15.89,52.4,100.0,1.498,16.09,-8.31,55.2,100.0,1.6
hmm2_rv_ewmac128_calmonly_LS,4_hmm,"{""K"": 2, ""feats"": [""r"", ""lrv""], ""sig"": ""ewmac128"", ""m"": ""LS"", ""rule"": ""calm""}",0.225,1.41,-14.54,47.8,100.0,0.309,3.4,-9.05,46.1,100.0,19.1
hmm2_rv_ewmac128_cuthigh_LS,4_hmm,"{""K"": 2, ""feats"": [""r"", ""lrv""], ""sig"": ""ewmac128"", ""m"": ""LS"", ""rule"": ""cuthigh""}",0.225,1.41,-14.54,47.8,100.0,0.309,3.4,-9.05,46.1,100.0,33.6
hmm2_rv_ewmac128_fliphigh_LS,4_hmm,"{""K"": 2, ""feats"": [""r"", ""lrv""], ""sig"": ""ewmac128"", ""m"": ""LS"", ""rule"": ""fliphigh""}",0.176,1.64,-22.26,46.7,100.0,0.174,1.94,-10.68,46.3,100.0,47.8
hmm2_rv_ewmac128_calmonly_LF,4_hmm,"{""K"": 2, ""feats"": [""r"", ""lrv""], ""sig"": ""ewmac128"", ""m"": ""LF"", ""rule"": ""calm""}",0.504,2.6,-11.5,23.1,46.6,0.917,8.98,-5.48,35.6,67.9,12.2
hmm2_rv_ewmac128_cuthigh_LF,4_hmm,"{""K"": 2, ""feats"": [""r"", ""lrv""], ""sig"": ""ewmac128"", ""m"": ""LF"", ""rule"": ""cuthigh""}",0.504,2.6,-11.5,23.1,46.6,0.917,8.98,-5.48,35.6,67.9,18.9
hmm2_rv_ewmac128_fliphigh_LF,4_hmm,"{""K"": 2, ""feats"": [""r"", ""lrv""], ""sig"": ""ewmac128"", ""m"": ""LF"", ""rule"": ""fliphigh""}",0.036,0.29,-17.45,23.1,48.9,0.496,4.95,-8.42,33.6,68.4,28.6
hmm2_rv_tsmomra10d_calmonly_LS,4_hmm,"{""K"": 2, ""feats"": [""r"", ""lrv""], ""sig"": ""tsmomra10d"", ""m"": ""LS"", ""rule"": ""calm""}",0.246,1.59,-8.75,43.2,100.0,0.264,2.88,-9.59,42.5,100.0,82.6
hmm2_rv_tsmomra10d_cuthigh_LS,4_hmm,"{""K"": 2, ""feats"": [""r"", ""lrv""], ""sig"": ""tsmomra10d"", ""m"": ""LS"", ""rule"": ""cuthigh""}",0.246,1.59,-8.75,43.2,100.0,0.264,2.88,-9.59,42.5,100.0,193.8
hmm2_rv_tsmomra10d_fliphigh_LS,4_hmm,"{""K"": 2, ""feats"": [""r"", ""lrv""], ""sig"": ""tsmomra10d"", ""m"": ""LS"", ""rule"": ""fliphigh""}",-0.054,-0.5,-14.79,47.7,100.0,0.107,1.18,-13.58,46.3,100.0,220.8
hmm2_rv_tsmomra10d_calmonly_LF,4_hmm,"{""K"": 2, ""feats"": [""r"", ""lrv""], ""sig"": ""tsmomra10d"", ""m"": ""LF"", ""rule"": ""calm""}",0.349,1.63,-7.38,23.1,54.6,0.939,8.85,-5.53,28.5,64.4,46.6
hmm2_rv_tsmomra10d_cuthigh_LF,4_hmm,"{""K"": 2, ""feats"": [""r"", ""lrv""], ""sig"": ""tsmomra10d"", ""m"": ""LF"", ""rule"": ""cuthigh""}",0.349,1.63,-7.38,23.1,54.6,0.939,8.85,-5.53,28.5,64.4,103.1
hmm2_rv_tsmomra10d_fliphigh_LF,4_hmm,"{""K"": 2, ""feats"": [""r"", ""lrv""], ""sig"": ""tsmomra10d"", ""m"": ""LF"", ""rule"": ""fliphigh""}",-0.373,-2.52,-14.47,26.1,58.4,0.313,2.96,-11.04,30.0,65.4,117.2
hmm2_rv_ewmacmid_calmonly_LS,4_hmm,"{""K"": 2, ""feats"": [""r"", ""lrv""], ""sig"": ""ewmacmid"", ""m"": ""LS"", ""rule"": ""calm""}",0.254,1.71,-12.15,47.2,100.0,0.96,10.58,-7.57,47.1,100.0,25.7
hmm2_rv_ewmacmid_cuthigh_LS,4_hmm,"{""K"": 2, ""feats"": [""r"", ""lrv""], ""sig"": ""ewmacmid"", ""m"": ""LS"", ""rule"": ""cuthigh""}",0.254,1.71,-12.15,47.2,100.0,0.96,10.58,-7.57,47.1,100.0,49.7
hmm2_rv_ewmacmid_fliphigh_LS,4_hmm,"{""K"": 2, ""feats"": [""r"", ""lrv""], ""sig"": ""ewmacmid"", ""m"": ""LS"", ""rule"": ""fliphigh""}",0.108,1.06,-19.8,47.6,100.0,0.828,9.2,-11.09,48.9,100.0,66.0
hmm2_rv_ewmacmid_calmonly_LF,4_hmm,"{""K"": 2, ""feats"": [""r"", ""lrv""], ""sig"": ""ewmacmid"", ""m"": ""LF"", ""rule"": ""calm""}",0.437,2.26,-11.63,23.1,47.3,1.172,11.63,-5.31,34.4,68.2,16.3
hmm2_rv_ewmacmid_cuthigh_LF,4_hmm,"{""K"": 2, ""feats"": [""r"", ""lrv""], ""sig"": ""ewmacmid"", ""m"": ""LF"", ""rule"": ""cuthigh""}",0.437,2.26,-11.63,23.1,47.3,1.172,11.63,-5.31,34.4,68.2,28.3
hmm2_rv_ewmacmid_fliphigh_LF,4_hmm,"{""K"": 2, ""feats"": [""r"", ""lrv""], ""sig"": ""ewmacmid"", ""m"": ""LF"", ""rule"": ""fliphigh""}",-0.021,-0.17,-18.02,23.5,49.9,0.833,8.34,-9.78,34.6,69.7,39.0
hmm2_r_ersign_LS,4_hmm,"{""K"": 2, ""feats"": [""r""], ""rule"": ""ersign""}",0.237,2.46,-15.89,52.4,100.0,1.498,16.09,-8.31,55.2,100.0,1.3
hmm2_r_ersign_LF,4_hmm,"{""K"": 2, ""feats"": [""r""], ""rule"": ""ersign_LF""}",0.237,2.46,-15.89,52.4,100.0,1.498,16.09,-8.31,55.2,100.0,1.3
hmm2_r_ewmac128_calmonly_LS,4_hmm,"{""K"": 2, ""feats"": [""r""], ""sig"": ""ewmac128"", ""m"": ""LS"", ""rule"": ""calm""}",0.105,1.12,-26.54,47.7,100.0,0.38,4.85,-10.61,46.8,100.0,18.0
hmm2_r_ewmac128_cuthigh_LS,4_hmm,"{""K"": 2, ""feats"": [""r""], ""sig"": ""ewmac128"", ""m"": ""LS"", ""rule"": ""cuthigh""}",0.105,1.12,-26.54,47.7,100.0,0.38,4.85,-10.61,46.8,100.0,32.5
hmm2_r_ewmac128_fliphigh_LS,4_hmm,"{""K"": 2, ""feats"": [""r""], ""sig"": ""ewmac128"", ""m"": ""LS"", ""rule"": ""fliphigh""}",0.118,1.19,-25.54,48.6,100.0,0.431,4.96,-9.84,45.5,100.0,38.5
hmm2_r_ewmac128_calmonly_LF,4_hmm,"{""K"": 2, ""feats"": [""r""], ""sig"": ""ewmac128"", ""m"": ""LF"", ""rule"": ""calm""}",0.532,4.7,-16.94,24.2,49.4,1.06,12.32,-6.17,36.4,69.0,11.3
hmm2_r_ewmac128_cuthigh_LF,4_hmm,"{""K"": 2, ""feats"": [""r""], ""sig"": ""ewmac128"", ""m"": ""LF"", ""rule"": ""cuthigh""}",0.532,4.7,-16.94,24.2,49.4,1.06,12.32,-6.17,36.4,69.0,18.0
hmm2_r_ewmac128_fliphigh_LF,4_hmm,"{""K"": 2, ""feats"": [""r""], ""sig"": ""ewmac128"", ""m"": ""LF"", ""rule"": ""fliphigh""}",0.561,4.66,-16.44,24.4,49.4,1.173,12.25,-5.98,35.4,69.0,22.1
hmm2_r_tsmomra10d_calmonly_LS,4_hmm,"{""K"": 2, ""feats"": [""r""], ""sig"": ""tsmomra10d"", ""m"": ""LS"", ""rule"": ""calm""}",0.093,0.96,-19.74,41.7,100.0,0.417,5.3,-11.34,41.0,100.0,110.8
hmm2_r_tsmomra10d_cuthigh_LS,4_hmm,"{""K"": 2, ""feats"": [""r""], ""sig"": ""tsmomra10d"", ""m"": ""LS"", ""rule"": ""cuthigh""}",0.093,0.96,-19.74,41.7,100.0,0.417,5.3,-11.34,41.0,100.0,222.0
hmm2_r_tsmomra10d_fliphigh_LS,4_hmm,"{""K"": 2, ""feats"": [""r""], ""sig"": ""tsmomra10d"", ""m"": ""LS"", ""rule"": ""fliphigh""}",0.057,0.56,-17.75,42.5,100.0,0.533,6.07,-8.69,43.0,100.0,221.5
hmm2_r_tsmomra10d_calmonly_LF,4_hmm,"{""K"": 2, ""feats"": [""r""], ""sig"": ""tsmomra10d"", ""m"": ""LF"", ""rule"": ""calm""}",0.546,4.32,-12.18,24.6,59.8,1.267,14.08,-6.95,29.0,66.9,60.5
hmm2_r_tsmomra10d_cuthigh_LF,4_hmm,"{""K"": 2, ""feats"": [""r""], ""sig"": ""tsmomra10d"", ""m"": ""LF"", ""rule"": ""cuthigh""}",0.546,4.32,-12.18,24.6,59.8,1.267,14.08,-6.95,29.0,66.9,117.0
hmm2_r_tsmomra10d_fliphigh_LF,4_hmm,"{""K"": 2, ""feats"": [""r""], ""sig"": ""tsmomra10d"", ""m"": ""LF"", ""rule"": ""fliphigh""}",0.528,3.96,-11.8,25.0,59.6,1.364,13.4,-4.63,28.8,66.9,116.9
hmm2_r_ewmacmid_calmonly_LS,4_hmm,"{""K"": 2, ""feats"": [""r""], ""sig"": ""ewmacmid"", ""m"": ""LS"", ""rule"": ""calm""}",-0.027,-0.31,-30.51,46.4,100.0,0.92,12.0,-9.13,45.3,100.0,27.7
hmm2_r_ewmacmid_cuthigh_LS,4_hmm,"{""K"": 2, ""feats"": [""r""], ""sig"": ""ewmacmid"", ""m"": ""LS"", ""rule"": ""cuthigh""}",-0.027,-0.31,-30.51,46.4,100.0,0.92,12.0,-9.13,45.3,100.0,51.7
hmm2_r_ewmacmid_fliphigh_LS,4_hmm,"{""K"": 2, ""feats"": [""r""], ""sig"": ""ewmacmid"", ""m"": ""LS"", ""rule"": ""fliphigh""}",-0.078,-0.84,-29.48,46.6,100.0,1.006,11.74,-6.98,48.1,100.0,57.4
hmm2_r_ewmacmid_calmonly_LF,4_hmm,"{""K"": 2, ""feats"": [""r""], ""sig"": ""ewmacmid"", ""m"": ""LF"", ""rule"": ""calm""}",0.403,3.69,-21.84,25.0,50.8,1.232,14.85,-6.62,34.9,70.2,16.6
hmm2_r_ewmacmid_cuthigh_LF,4_hmm,"{""K"": 2, ""feats"": [""r""], ""sig"": ""ewmacmid"", ""m"": ""LF"", ""rule"": ""cuthigh""}",0.403,3.69,-21.84,25.0,50.8,1.232,14.85,-6.62,34.9,70.2,28.7
hmm2_r_ewmacmid_fliphigh_LF,4_hmm,"{""K"": 2, ""feats"": [""r""], ""sig"": ""ewmacmid"", ""m"": ""LF"", ""rule"": ""fliphigh""}",0.389,3.37,-21.56,25.1,50.9,1.35,14.48,-5.03,35.1,70.2,32.5
hmm3_rv_ersign_LS,4_hmm,"{""K"": 3, ""feats"": [""r"", ""lrv""], ""rule"": ""ersign""}",0.109,1.13,-16.39,51.9,100.0,1.536,16.5,-7.71,55.2,100.0,12.4
hmm3_rv_ersign_LF,4_hmm,"{""K"": 3, ""feats"": [""r"", ""lrv""], ""rule"": ""ersign_LF""}",0.174,1.78,-16.04,50.8,99.1,1.513,16.24,-7.98,54.7,100.0,6.8
hmm3_rv_ewmac128_calmonly_LS,4_hmm,"{""K"": 3, ""feats"": [""r"", ""lrv""], ""sig"": ""ewmac128"", ""m"": ""LS"", ""rule"": ""calm""}",0.178,1.02,-11.03,46.7,100.0,0.151,1.29,-7.89,49.1,100.0,19.7
hmm3_rv_ewmac128_cuthigh_LS,4_hmm,"{""K"": 3, ""feats"": [""r"", ""lrv""], ""sig"": ""ewmac128"", ""m"": ""LS"", ""rule"": ""cuthigh""}",0.039,0.31,-17.08,47.8,100.0,0.278,3.55,-11.28,47.6,100.0,33.0
hmm3_rv_ewmac128_fliphigh_LS,4_hmm,"{""K"": 3, ""feats"": [""r"", ""lrv""], ""sig"": ""ewmac128"", ""m"": ""LS"", ""rule"": ""fliphigh""}",-0.029,-0.27,-18.06,46.8,100.0,0.16,2.05,-11.75,48.1,100.0,41.8
hmm3_rv_ewmac128_calmonly_LF,4_hmm,"{""K"": 3, ""feats"": [""r"", ""lrv""], ""sig"": ""ewmac128"", ""m"": ""LF"", ""rule"": ""calm""}",0.304,1.53,-9.39,20.4,43.0,0.919,6.98,-3.38,32.8,64.9,13.6
hmm3_rv_ewmac128_cuthigh_LF,4_hmm,"{""K"": 3, ""feats"": [""r"", ""lrv""], ""sig"": ""ewmac128"", ""m"": ""LF"", ""rule"": ""cuthigh""}",0.497,3.09,-10.29,23.6,48.1,1.045,12.25,-7.05,36.4,68.7,18.3
hmm3_rv_ewmac128_fliphigh_LF,4_hmm,"{""K"": 3, ""feats"": [""r"", ""lrv""], ""sig"": ""ewmac128"", ""m"": ""LF"", ""rule"": ""fliphigh""}",0.232,1.78,-13.42,23.2,48.9,0.936,11.14,-6.86,34.9,67.9,24.4
hmm3_rv_tsmomra10d_calmonly_LS,4_hmm,"{""K"": 3, ""feats"": [""r"", ""lrv""], ""sig"": ""tsmomra10d"", ""m"": ""LS"", ""rule"": ""calm""}",-0.038,-0.21,-9.65,42.0,100.0,0.459,3.93,-6.87,42.2,100.0,67.9
hmm3_rv_tsmomra10d_cuthigh_LS,4_hmm,"{""K"": 3, ""feats"": [""r"", ""lrv""], ""sig"": ""tsmomra10d"", ""m"": ""LS"", ""rule"": ""cuthigh""}",0.133,1.06,-11.09,43.1,100.0,0.161,2.07,-12.58,41.7,100.0,209.8
hmm3_rv_tsmomra10d_fliphigh_LS,4_hmm,"{""K"": 3, ""feats"": [""r"", ""lrv""], ""sig"": ""tsmomra10d"", ""m"": ""LS"", ""rule"": ""fliphigh""}",-0.063,-0.56,-11.93,43.2,100.0,-0.006,-0.07,-11.82,45.0,100.0,218.3
hmm3_rv_tsmomra10d_calmonly_LF,4_hmm,"{""K"": 3, ""feats"": [""r"", ""lrv""], ""sig"": ""tsmomra10d"", ""m"": ""LF"", ""rule"": ""calm""}",0.077,0.35,-6.54,21.4,49.1,1.36,10.25,-2.86,24.9,54.5,39.1
hmm3_rv_tsmomra10d_cuthigh_LF,4_hmm,"{""K"": 3, ""feats"": [""r"", ""lrv""], ""sig"": ""tsmomra10d"", ""m"": ""LF"", ""rule"": ""cuthigh""}",0.393,2.31,-7.52,24.4,56.8,1.032,11.71,-8.22,28.2,65.4,111.7
hmm3_rv_tsmomra10d_fliphigh_LF,4_hmm,"{""K"": 3, ""feats"": [""r"", ""lrv""], ""sig"": ""tsmomra10d"", ""m"": ""LF"", ""rule"": ""fliphigh""}",-0.109,-0.74,-12.08,24.4,58.0,0.798,9.05,-7.41,29.8,64.9,116.3
hmm3_rv_ewmacmid_calmonly_LS,4_hmm,"{""K"": 3, ""feats"": [""r"", ""lrv""], ""sig"": ""ewmacmid"", ""m"": ""LS"", ""rule"": ""calm""}",-0.027,-0.16,-11.74,46.8,100.0,0.565,4.68,-4.68,45.8,100.0,25.5
hmm3_rv_ewmacmid_cuthigh_LS,4_hmm,"{""K"": 3, ""feats"": [""r"", ""lrv""], ""sig"": ""ewmacmid"", ""m"": ""LS"", ""rule"": ""cuthigh""}",-0.027,-0.24,-19.33,48.3,100.0,0.71,9.31,-10.76,46.3,100.0,51.4
hmm3_rv_ewmacmid_fliphigh_LS,4_hmm,"{""K"": 3, ""feats"": [""r"", ""lrv""], ""sig"": ""ewmacmid"", ""m"": ""LS"", ""rule"": ""fliphigh""}",-0.166,-1.63,-19.73,47.4,100.0,0.575,7.42,-9.75,46.3,100.0,60.8
hmm3_rv_ewmacmid_calmonly_LF,4_hmm,"{""K"": 3, ""feats"": [""r"", ""lrv""], ""sig"": ""ewmacmid"", ""m"": ""LF"", ""rule"": ""calm""}",0.183,0.94,-10.16,21.0,45.2,1.169,8.99,-2.72,30.5,62.1,17.1
hmm3_rv_ewmacmid_cuthigh_LF,4_hmm,"{""K"": 3, ""feats"": [""r"", ""lrv""], ""sig"": ""ewmacmid"", ""m"": ""LF"", ""rule"": ""cuthigh""}",0.327,2.2,-14.06,24.7,49.2,1.098,13.35,-8.19,35.1,69.7,29.0
hmm3_rv_ewmacmid_fliphigh_LF,4_hmm,"{""K"": 3, ""feats"": [""r"", ""lrv""], ""sig"": ""ewmacmid"", ""m"": ""LF"", ""rule"": ""fliphigh""}",0.044,0.35,-15.99,23.9,50.6,1.066,13.06,-7.15,33.3,69.2,35.1
hmm3_r_ersign_LS,4_hmm,"{""K"": 3, ""feats"": [""r""], ""rule"": ""ersign""}",0.213,2.2,-16.22,52.0,100.0,1.453,15.6,-8.31,55.0,100.0,3.1
hmm3_r_ersign_LF,4_hmm,"{""K"": 3, ""feats"": [""r""], ""rule"": ""ersign_LF""}",0.237,2.45,-15.77,51.9,100.0,1.476,15.84,-8.31,55.0,100.0,2.2
hmm3_r_ewmac128_calmonly_LS,4_hmm,"{""K"": 3, ""feats"": [""r""], ""sig"": ""ewmac128"", ""m"": ""LS"", ""rule"": ""calm""}",0.018,0.14,-17.1,48.2,100.0,0.517,5.81,-7.91,47.1,100.0,13.6
hmm3_r_ewmac128_cuthigh_LS,4_hmm,"{""K"": 3, ""feats"": [""r""], ""sig"": ""ewmac128"", ""m"": ""LS"", ""rule"": ""cuthigh""}",0.116,1.32,-27.19,48.6,100.0,0.387,5.41,-11.16,47.1,100.0,29.8
hmm3_r_ewmac128_fliphigh_LS,4_hmm,"{""K"": 3, ""feats"": [""r""], ""sig"": ""ewmac128"", ""m"": ""LS"", ""rule"": ""fliphigh""}",0.11,1.22,-27.29,48.7,100.0,0.402,5.56,-11.29,47.8,100.0,31.5
hmm3_r_ewmac128_calmonly_LF,4_hmm,"{""K"": 3, ""feats"": [""r""], ""sig"": ""ewmac128"", ""m"": ""LF"", ""rule"": ""calm""}",0.347,2.14,-11.68,23.5,48.0,1.245,12.92,-5.93,35.6,68.2,8.4
hmm3_r_ewmac128_cuthigh_LF,4_hmm,"{""K"": 3, ""feats"": [""r""], ""sig"": ""ewmac128"", ""m"": ""LF"", ""rule"": ""cuthigh""}",0.499,4.67,-17.65,23.9,49.5,1.025,13.13,-8.06,36.6,69.5,15.8
hmm3_r_ewmac128_fliphigh_LF,4_hmm,"{""K"": 3, ""feats"": [""r""], ""sig"": ""ewmac128"", ""m"": ""LF"", ""rule"": ""fliphigh""}",0.516,4.71,-17.16,24.0,49.5,1.024,12.9,-7.94,36.9,69.5,17.1
hmm3_r_tsmomra10d_calmonly_LS,4_hmm,"{""K"": 3, ""feats"": [""r""], ""sig"": ""tsmomra10d"", ""m"": ""LS"", ""rule"": ""calm""}",0.112,0.86,-11.32,41.7,100.0,0.463,5.16,-10.89,41.7,100.0,70.3
hmm3_r_tsmomra10d_cuthigh_LS,4_hmm,"{""K"": 3, ""feats"": [""r""], ""sig"": ""tsmomra10d"", ""m"": ""LS"", ""rule"": ""cuthigh""}",0.163,1.79,-19.93,41.1,100.0,0.363,5.13,-13.54,41.0,100.0,224.9
hmm3_r_tsmomra10d_fliphigh_LS,4_hmm,"{""K"": 3, ""feats"": [""r""], ""sig"": ""tsmomra10d"", ""m"": ""LS"", ""rule"": ""fliphigh""}",0.201,2.15,-18.99,41.6,100.0,0.431,6.01,-13.43,41.7,100.0,227.1
hmm3_r_tsmomra10d_calmonly_LF,4_hmm,"{""K"": 3, ""feats"": [""r""], ""sig"": ""tsmomra10d"", ""m"": ""LF"", ""rule"": ""calm""}",0.479,2.74,-6.72,25.1,58.4,1.448,14.46,-6.66,28.5,64.9,37.8
hmm3_r_tsmomra10d_cuthigh_LF,4_hmm,"{""K"": 3, ""feats"": [""r""], ""sig"": ""tsmomra10d"", ""m"": ""LF"", ""rule"": ""cuthigh""}",0.571,4.76,-12.21,24.5,60.1,1.172,14.61,-9.14,28.8,67.7,117.7
hmm3_r_tsmomra10d_fliphigh_LF,4_hmm,"{""K"": 3, ""feats"": [""r""], ""sig"": ""tsmomra10d"", ""m"": ""LF"", ""rule"": ""fliphigh""}",0.584,4.76,-12.13,24.7,59.9,1.187,14.63,-9.05,29.0,67.9,118.9
hmm3_r_ewmacmid_calmonly_LS,4_hmm,"{""K"": 3, ""feats"": [""r""], ""sig"": ""ewmacmid"", ""m"": ""LS"", ""rule"": ""calm""}",-0.025,-0.21,-18.15,47.3,100.0,0.947,10.84,-9.15,46.3,100.0,20.0
hmm3_r_ewmacmid_cuthigh_LS,4_hmm,"{""K"": 3, ""feats"": [""r""], ""sig"": ""ewmacmid"", ""m"": ""LS"", ""rule"": ""cuthigh""}",0.067,0.8,-30.21,46.6,100.0,0.825,11.97,-11.86,46.1,100.0,49.0
hmm3_r_ewmacmid_fliphigh_LS,4_hmm,"{""K"": 3, ""feats"": [""r""], ""sig"": ""ewmacmid"", ""m"": ""LS"", ""rule"": ""fliphigh""}",0.032,0.38,-30.53,46.8,100.0,0.862,12.39,-11.69,46.6,100.0,50.8
hmm3_r_ewmacmid_calmonly_LF,4_hmm,"{""K"": 3, ""feats"": [""r""], ""sig"": ""ewmacmid"", ""m"": ""LF"", ""rule"": ""calm""}",0.388,2.47,-12.45,24.5,50.3,1.357,14.62,-6.54,34.9,69.5,11.9
hmm3_r_ewmacmid_cuthigh_LF,4_hmm,"{""K"": 3, ""feats"": [""r""], ""sig"": ""ewmacmid"", ""m"": ""LF"", ""rule"": ""cuthigh""}",0.424,4.09,-22.12,25.0,50.9,1.077,14.55,-9.31,34.6,70.2,26.7
hmm3_r_ewmacmid_fliphigh_LF,4_hmm,"{""K"": 3, ""feats"": [""r""], ""sig"": ""ewmacmid"", ""m"": ""LF"", ""rule"": ""fliphigh""}",0.438,4.13,-21.46,25.3,50.9,1.125,15.05,-9.11,34.9,70.2,27.8
ms2_ersign_LS,4_ms,"{""rule"": ""ersign""}",-0.659,-6.79,-29.16,49.9,100.0,1.345,14.61,-10.47,51.9,100.0,125.4
ms2_ewmac128_cuthigh_LS,4_ms,"{""sig"": ""ewmac128"", ""m"": ""LS"", ""rule"": ""cuthigh""}",-0.101,-0.73,-19.28,46.6,100.0,0.182,1.57,-7.76,45.5,100.0,46.4
ms2_ewmac128_fliphigh_LS,4_ms,"{""sig"": ""ewmac128"", ""m"": ""LS"", ""rule"": ""fliphigh""}",-0.327,-1.81,-10.85,46.7,100.0,-0.278,-1.91,-8.28,42.0,100.0,79.4
ms2_ewmac128_cuthigh_LF,4_ms,"{""sig"": ""ewmac128"", ""m"": ""LF"", ""rule"": ""cuthigh""}",0.246,1.46,-12.63,23.0,47.8,1.119,8.7,-4.36,34.1,68.2,27.4
ms2_ewmac128_fliphigh_LF,4_ms,"{""sig"": ""ewmac128"", ""m"": ""LF"", ""rule"": ""fliphigh""}",-0.368,-1.67,-9.47,21.4,46.4,0.644,4.12,-4.85,29.5,65.6,48.2
ms2_tsmomra10d_cuthigh_LS,4_ms,"{""sig"": ""tsmomra10d"", ""m"": ""LS"", ""rule"": ""cuthigh""}",0.014,0.1,-13.41,40.4,100.0,0.248,2.09,-6.16,41.5,100.0,157.2
ms2_tsmomra10d_fliphigh_LS,4_ms,"{""sig"": ""tsmomra10d"", ""m"": ""LS"", ""rule"": ""fliphigh""}",-0.405,-2.35,-10.55,44.6,100.0,-0.073,-0.52,-7.98,40.5,100.0,150.9
ms2_tsmomra10d_cuthigh_LF,4_ms,"{""sig"": ""tsmomra10d"", ""m"": ""LF"", ""rule"": ""cuthigh""}",0.338,1.83,-9.0,24.1,57.8,1.275,9.35,-3.91,28.0,64.9,83.6
ms2_tsmomra10d_fliphigh_LF,4_ms,"{""sig"": ""tsmomra10d"", ""m"": ""LF"", ""rule"": ""fliphigh""}",-0.449,-1.82,-8.76,23.5,55.0,0.534,3.41,-6.51,24.7,60.8,80.7
ms2_ewmacmid_cuthigh_LS,4_ms,"{""sig"": ""ewmacmid"", ""m"": ""LS"", ""rule"": ""cuthigh""}",-0.275,-2.09,-22.5,45.2,100.0,0.743,6.42,-5.28,44.3,100.0,59.6
ms2_ewmacmid_fliphigh_LS,4_ms,"{""sig"": ""ewmacmid"", ""m"": ""LS"", ""rule"": ""fliphigh""}",-0.863,-5.18,-18.68,46.2,100.0,0.228,1.65,-6.83,43.3,100.0,91.4
ms2_ewmacmid_cuthigh_LF,4_ms,"{""sig"": ""ewmacmid"", ""m"": ""LF"", ""rule"": ""cuthigh""}",0.027,0.17,-17.04,23.3,49.7,1.274,10.11,-3.79,34.6,69.0,34.2
ms2_ewmacmid_fliphigh_LF,4_ms,"{""sig"": ""ewmacmid"", ""m"": ""LF"", ""rule"": ""fliphigh""}",-0.865,-4.05,-15.36,21.9,49.1,0.891,6.12,-6.03,31.3,66.9,54.0
ms2_bh_cuthigh,4_ms,"{""sig"": ""bh"", ""rule"": ""cuthigh""}",-0.063,-0.41,-12.29,49.4,100.0,1.883,12.27,-4.54,53.2,100.0,34.7
season_asia_long,5_season,"{""hours"": ""18-01 NY"", ""side"": ""long""}",-0.502,-5.02,-25.04,46.9,98.9,0.228,2.43,-8.87,49.6,98.7,920.3
season_asia_long_ny18only,5_season,"{""hours"": ""18"", ""side"": ""long""}",-3.101,-31.01,-99.77,32.1,92.2,-3.094,-29.51,-47.77,37.9,96.7,2630.2
twapmom_z0.5_LS,5_season,"{""zin"": 0.5, ""m"": ""LS""}",-0.464,-3.33,-16.48,32.7,84.6,-0.642,-4.52,-12.31,33.3,88.0,434.5
twapmom_z0.5_LF,5_season,"{""zin"": 0.5, ""m"": ""LF""}",-0.829,-3.87,-18.45,20.9,55.0,-0.56,-2.92,-9.79,21.1,59.3,222.2
twapmom_z1.0_LS,5_season,"{""zin"": 1.0, ""m"": ""LS""}",-0.025,-0.11,-6.18,14.2,34.7,-0.178,-0.84,-5.73,14.8,35.6,136.1
twapmom_z1.0_LF,5_season,"{""zin"": 1.0, ""m"": ""LF""}",-0.377,-0.99,-7.22,6.4,16.2,-0.576,-1.89,-3.79,8.1,21.1,67.3
twapmom_z1.5_LS,5_season,"{""zin"": 1.5, ""m"": ""LS""}",0.595,1.56,-1.58,5.9,12.1,1.124,3.96,-3.59,6.4,10.9,44.2
twapmom_z1.5_LF,5_season,"{""zin"": 1.5, ""m"": ""LF""}",0.123,0.17,-2.34,2.8,5.2,0.451,1.07,-2.99,3.8,6.1,21.1
combo_all7_erc,6_combo,"{""method"": ""erc"", ""weights"": {""tsmom_ra_10d_LF"": 0.199, ""ewmac_128_512_LF"": 0.214, ""kf_slope_ql1.0_qs1e-05_LF"": 0.192, ""hmm3_r_tsmomra10d_fliphigh_LF"": 0.213, ""garchfilt_scaled_tsmomra10d_LF"": 0.207, ""ou_L240_z2.5_0.0_hurst120_LF"": 1.592, ""twapmom_z1.5_LS"": 1.622}}",1.002,10.02,-8.08,34.8,76.7,1.223,17.71,-9.75,40.2,88.0,157.5
combo_trend5_erc,6_combo,"{""method"": ""erc"", ""weights"": {""tsmom_ra_10d_LF"": 0.237, ""ewmac_128_512_LF"": 0.229, ""kf_slope_ql1.0_qs1e-05_LF"": 0.217, ""hmm3_r_tsmomra10d_fliphigh_LF"": 0.254, ""garchfilt_scaled_tsmomra10d_LF"": 0.246}}",0.572,5.72,-16.67,29.1,68.5,1.158,16.97,-10.66,38.2,83.7,98.4
combo_all7_ivar,6_combo,"{""method"": ""ivar"", ""weights"": {""tsmom_ra_10d_LF"": 0.175, ""ewmac_128_512_LF"": 0.143, ""kf_slope_ql1.0_qs1e-05_LF"": 0.139, ""hmm3_r_tsmomra10d_fliphigh_LF"": 0.199, ""garchfilt_scaled_tsmomra10d_LF"": 0.189, ""ou_L240_z2.5_0.0_hurst120_LF"": 2.334, ""twapmom_z1.5_LS"": 1.915}}",1.078,10.78,-7.68,34.9,76.7,1.051,14.72,-12.13,40.7,88.0,162.6
combo_trend5_ivar,6_combo,"{""method"": ""ivar"", ""weights"": {""tsmom_ra_10d_LF"": 0.246, ""ewmac_128_512_LF"": 0.201, ""kf_slope_ql1.0_qs1e-05_LF"": 0.195, ""hmm3_r_tsmomra10d_fliphigh_LF"": 0.279, ""garchfilt_scaled_tsmomra10d_LF"": 0.265}}",0.574,5.74,-16.48,29.1,68.5,1.161,17.06,-10.71,38.4,83.7,103.1
combo_all7_ivol,6_combo,"{""method"": ""ivol"", ""weights"": {""tsmom_ra_10d_LF"": 0.236, ""ewmac_128_512_LF"": 0.214, ""kf_slope_ql1.0_qs1e-05_LF"": 0.21, ""hmm3_r_tsmomra10d_fliphigh_LF"": 0.251, ""garchfilt_scaled_tsmomra10d_LF"": 0.245, ""ou_L240_z2.5_0.0_hurst120_LF"": 0.862, ""twapmom_z1.5_LS"": 0.781}}",0.819,8.19,-10.66,34.4,76.7,1.213,17.87,-8.97,40.2,88.0,133.1
combo_trend5_ivol,6_combo,"{""method"": ""ivol"", ""weights"": {""tsmom_ra_10d_LF"": 0.242, ""ewmac_128_512_LF"": 0.218, ""kf_slope_ql1.0_qs1e-05_LF"": 0.215, ""hmm3_r_tsmomra10d_fliphigh_LF"": 0.257, ""garchfilt_scaled_tsmomra10d_LF"": 0.251}}",0.572,5.72,-16.61,29.1,68.5,1.159,17.0,-10.68,38.2,83.7,99.6
combo_all7_eq,6_combo,"{""method"": ""eq"", ""weights"": {""tsmom_ra_10d_LF"": 0.236, ""ewmac_128_512_LF"": 0.236, ""kf_slope_ql1.0_qs1e-05_LF"": 0.236, ""hmm3_r_tsmomra10d_fliphigh_LF"": 0.236, ""garchfilt_scaled_tsmomra10d_LF"": 0.236, ""ou_L240_z2.5_0.0_hurst120_LF"": 0.236, ""twapmom_z1.5_LS"": 0.236}}",0.648,6.48,-14.77,34.3,76.7,1.186,17.41,-10.23,39.9,88.0,106.8
combo_trend5_eq,6_combo,"{""method"": ""eq"", ""weights"": {""tsmom_ra_10d_LF"": 0.236, ""ewmac_128_512_LF"": 0.236, ""kf_slope_ql1.0_qs1e-05_LF"": 0.236, ""hmm3_r_tsmomra10d_fliphigh_LF"": 0.236, ""garchfilt_scaled_tsmomra10d_LF"": 0.236}}",0.571,5.71,-16.75,29.2,68.5,1.157,16.92,-10.64,38.2,83.7,96.1
combo_trend3+intraday_erc,6_combo,"{""method"": ""erc"", ""weights"": {""tsmom_ra_10d_LF"": 0.351, ""ewmac_128_512_LF"": 0.352, ""kf_slope_ql1.0_qs1e-05_LF"": 0.316, ""twapmom_z1.5_LS"": 2.168}}",0.843,8.43,-10.04,32.0,71.3,1.587,23.18,-8.46,39.9,84.7,158.1
combo_bh+trendLS+intraday_erc,6_combo,"{""method"": ""erc"", ""weights"": {""bh_vt10"": 0.491, ""ewmac_128_512_LS"": 0.341, ""tsmom_ra_10d_LS"": 0.307, ""twapmom_z1.5_LS"": 2.261}}",0.58,5.8,-12.69,44.9,100.0,1.44,20.34,-8.68,49.1,100.0,178.5
combo_bh+trendLS_erc,6_combo,"{""method"": ""erc"", ""weights"": {""bh_vt10"": 0.507, ""ewmac_128_512_LS"": 0.346, ""tsmom_ra_10d_LS"": 0.376}}",0.242,2.42,-21.96,43.4,100.0,0.902,11.99,-10.12,47.1,100.0,95.1
combo_bh+trendLF+intraday_erc,6_combo,"{""method"": ""erc"", ""weights"": {""bh_vt10"": 0.366, ""ewmac_128_512_LF"": 0.37, ""tsmom_ra_10d_LF"": 0.358, ""twapmom_z1.5_LS"": 2.253}}",0.793,7.93,-10.45,51.1,100.0,1.773,25.14,-8.29,53.4,100.0,148.6
tsmom_ra_10d_LF_daily16,6_exec,"{""base"": ""tsmom_ra_10d_LF"", ""rebalance"": ""NY16 daily""}",0.401,3.6,-15.34,26.8,54.3,1.057,14.95,-9.84,31.8,62.8,37.0
ewmac_128_512_LF_daily16,6_exec,"{""base"": ""ewmac_128_512_LF"", ""rebalance"": ""NY16 daily""}",0.521,4.96,-16.11,24.6,48.2,0.769,10.78,-10.66,36.1,68.7,14.2
kf_slope_ql1.0_qs1e-05_LF_daily16,6_exec,"{""base"": ""kf_slope_ql1.0_qs1e-05_LF"", ""rebalance"": ""NY16 daily""}",0.218,2.2,-22.01,24.4,50.0,0.784,11.35,-10.37,34.6,69.0,28.5
